Date;PX_ASK;PX_BID
27.12.2024;24300;23800
24.12.2024;24300;23800
23.12.2024;24300;23800
20.12.2024;24300;23800
19.12.2024;24300;23800
18.12.2024;24300;23800
17.12.2024;24300;23800
16.12.2024;24300;23800
13.12.2024;24300;23800
12.12.2024;24300;23800
11.12.2024;24300;23800
10.12.2024;24300;23800
09.12.2024;24300;23800
06.12.2024;24300;23800
05.12.2024;24300;23800
04.12.2024;24300;23800
03.12.2024;24300;23800
02.12.2024;24300;23800
29.11.2024;24300;23800
28.11.2024;24300;23800
27.11.2024;24300;23800
26.11.2024;24300;23800
25.11.2024;24300;23800
22.11.2024;24300;23800
21.11.2024;24300;23800
20.11.2024;24300;23800
19.11.2024;24300;23800
18.11.2024;24300;23800
15.11.2024;24300;23800
14.11.2024;24295;23795
13.11.2024;24290;23790
12.11.2024;24290;23790
11.11.2024;24290;23790
08.11.2024;24285;23785
07.11.2024;24285;23785
06.11.2024;24280;23780
05.11.2024;24275;23775
04.11.2024;24275;23775
01.11.2024;24275;23775
31.10.2024;24270;23770
30.10.2024;24265;23765
29.10.2024;24265;23765
28.10.2024;24260;23760
25.10.2024;24260;23760
24.10.2024;24255;23755
23.10.2024;24250;23750
22.10.2024;24250;23750
21.10.2024;24245;23745
18.10.2024;24245;23745
17.10.2024;24245;23745
16.10.2024;24235;23735
15.10.2024;24235;23735
14.10.2024;24235;23735
11.10.2024;24225;23725
10.10.2024;24225;23725
09.10.2024;24205;23705
08.10.2024;24200;23700
07.10.2024;24195;23695
04.10.2024;24190;23690
03.10.2024;24185;23685
02.10.2024;24165;23665
01.10.2024;24160;23660
30.09.2024;24155;23655
27.09.2024;24150;23650
26.09.2024;24145;23645
25.09.2024;24130;23630
24.09.2024;24125;23625
23.09.2024;24115;23615
20.09.2024;24110;23610
19.09.2024;24105;23605
18.09.2024;24090;23590
17.09.2024;24085;23585
16.09.2024;24080;23580
13.09.2024;24075;23575
12.09.2024;24070;23570
11.09.2024;24055;23555
10.09.2024;24050;23550
09.09.2024;24040;23540
06.09.2024;24035;23535
05.09.2024;24030;23530
04.09.2024;24015;23515
03.09.2024;24010;23510
02.09.2024;24005;23505
30.08.2024;24000;23500
29.08.2024;24000;23500
28.08.2024;23980;23480
27.08.2024;23975;23475
23.08.2024;23970;23470
22.08.2024;24565;24065
21.08.2024;24540;24040
20.08.2024;24535;24035
19.08.2024;24530;24030
16.08.2024;25625;25125
15.08.2024;26120;25620
14.08.2024;26110;25610
13.08.2024;26105;25605
12.08.2024;26100;25600
09.08.2024;26095;25595
08.08.2024;26090;25590
07.08.2024;26075;25575
06.08.2024;26075;25575
05.08.2024;26070;25570
02.08.2024;26065;25565
01.08.2024;26185;25685
31.07.2024;26175;25675
30.07.2024;26175;25675
29.07.2024;26175;25675
26.07.2024;26190;25690
25.07.2024;26185;25685
24.07.2024;26175;25675
23.07.2024;26175;25675
22.07.2024;26175;25675
19.07.2024;26190;25690
18.07.2024;26185;25685
17.07.2024;26175;25675
16.07.2024;26175;25675
15.07.2024;26180;25680
12.07.2024;26725;26225
11.07.2024;26725;26225
10.07.2024;26725;26225
09.07.2024;26730;26230
08.07.2024;26735;26235
05.07.2024;26755;26255
04.07.2024;26750;26250
03.07.2024;26750;26250
02.07.2024;26755;26255
01.07.2024;26760;26260
28.06.2024;26780;26280
27.06.2024;26775;26275
26.06.2024;26780;26280
25.06.2024;26780;26280
24.06.2024;26785;26285
21.06.2024;26805;26305
20.06.2024;26805;26305
19.06.2024;26805;26305
18.06.2024;26805;26305
17.06.2024;26810;26310
14.06.2024;26830;26330
13.06.2024;26830;26330
12.06.2024;26840;26340
11.06.2024;26845;26345
10.06.2024;26850;26350
07.06.2024;26870;26370
06.06.2024;26870;26370
05.06.2024;26875;26375
04.06.2024;26880;26380
03.06.2024;26885;26385
31.05.2024;26910;26410
30.05.2024;26910;26410
29.05.2024;26915;26415
28.05.2024;26920;26420
24.05.2024;26945;26445
23.05.2024;26945;26445
22.05.2024;26950;26000
21.05.2024;27680;27180
20.05.2024;27685;27185
17.05.2024;27700;27200
16.05.2024;27700;27200
15.05.2024;27705;27205
14.05.2024;27710;27210
13.05.2024;27715;27215
10.05.2024;27730;27230
09.05.2024;27725;27225
08.05.2024;27715;27215
07.05.2024;27715;27215
03.05.2024;27735;27235
02.05.2024;27730;27230
01.05.2024;27715;27215
30.04.2024;27720;27220
29.04.2024;27720;27220
26.04.2024;27730;27230
25.04.2024;27730;27230
24.04.2024;27720;27220
23.04.2024;27720;27220
22.04.2024;27720;27220
19.04.2024;27730;27230
18.04.2024;27730;27230
17.04.2024;27725;27225
16.04.2024;27720;27220
15.04.2024;27715;27215
12.04.2024;27710;27930
11.04.2024;28425;27925
10.04.2024;28410;27910
09.04.2024;28405;27905
08.04.2024;28400;27900
05.04.2024;28395;27895
04.04.2024;28390;27890
03.04.2024;28375;27875
02.04.2024;28370;27870
28.03.2024;28365;27865
27.03.2024;28360;27860
26.03.2024;28330;27830
25.03.2024;28325;27825
22.03.2024;28320;27820
21.03.2024;28315;27815
20.03.2024;28300;27800
19.03.2024;28295;27795
18.03.2024;28290;27790
15.03.2024;28280;27780
14.03.2024;28275;27775
13.03.2024;28260;27760
12.03.2024;28255;27555
11.03.2024;28250;27750
08.03.2024;28245;27745
07.03.2024;28240;27740
06.03.2024;28225;27725
05.03.2024;28220;27720
04.03.2024;28215;27715
01.03.2024;28205;27705
29.02.2024;28200;27700
28.02.2024;28185;27685
27.02.2024;28180;27680
26.02.2024;28175;27675
23.02.2024;28170;27670
22.02.2024;40000;27665
21.02.2024;28150;27650
20.02.2024;28140;27500
19.02.2024;28135;27635
16.02.2024;28130;27500
15.02.2024;28130;27630
14.02.2024;28115;27615
13.02.2024;28110;27500
12.02.2024;28105;27605
09.02.2024;28100;27600
08.02.2024;28685;28100
07.02.2024;28675;28175
06.02.2024;28670;28170
05.02.2024;28665;28165
02.02.2024;28690;28190
01.02.2024;28690;28190
31.01.2024;28680;28180
30.01.2024;28675;28175
29.01.2024;28680;28180
26.01.2024;28690;28190
25.01.2024;28690;28190
24.01.2024;28685;28185
23.01.2024;28685;28185
22.01.2024;28685;28185
19.01.2024;28695;28195
18.01.2024;28695;28195
17.01.2024;28690;28190
16.01.2024;28690;28190
15.01.2024;28690;28190
12.01.2024;28700;28200
11.01.2024;28705;28205
10.01.2024;28690;28190
09.01.2024;28690;28190
08.01.2024;28690;28190
05.01.2024;28700;28200
04.01.2024;28700;28200
03.01.2024;28690;28190
02.01.2024;28690;28190
29.12.2023;28710;28210
28.12.2023;28705;28205
27.12.2023;28690;28190
22.12.2023;28710;28210
21.12.2023;28710;28210
20.12.2023;28685;28185
19.12.2023;28685;28185
18.12.2023;28685;28185
15.12.2023;28700;28200
14.12.2023;29390;28890
13.12.2023;30105;29605
12.12.2023;30830;30330
11.12.2023;31545;31045
08.12.2023;32280;31780
07.12.2023;33000;32500
06.12.2023;32270;32495
05.12.2023;32995;32495
04.12.2023;32995;32495
01.12.2023;33005;32505
30.11.2023;33010;32510
29.11.2023;32995;32495
28.11.2023;32995;32495
27.11.2023;32995;32495
24.11.2023;33015;32515
23.11.2023;33010;32510
22.11.2023;33000;32500
21.11.2023;33005;32505
20.11.2023;33005;32505
17.11.2023;33015;32515
16.11.2023;33010;32510
15.11.2023;33005;32505
14.11.2023;33005;32505
13.11.2023;33005;32505
10.11.2023;33015;32515
09.11.2023;33010;32510
08.11.2023;32995;32495
07.11.2023;32995;32495
06.11.2023;32995;32495
03.11.2023;33005;32505
02.11.2023;33000;32500
01.11.2023;32990;32490
31.10.2023;32990;32490
30.10.2023;32985;32485
27.10.2023;33000;32500
26.10.2023;32995;32495
25.10.2023;32980;32480
24.10.2023;32980;32480
23.10.2023;32980;32480
20.10.2023;32990;32490
19.10.2023;32985;32485
18.10.2023;32975;32475
17.10.2023;32975;32475
16.10.2023;32975;32475
13.10.2023;32990;32490
12.10.2023;32985;32485
11.10.2023;32975;32475
10.10.2023;32975;32475
09.10.2023;32975;32475
06.10.2023;32990;32490
05.10.2023;32990;32490
04.10.2023;32975;32475
03.10.2023;32975;32475
02.10.2023;32975;32475
29.09.2023;32990;32490
28.09.2023;32990;32490
27.09.2023;32980;32480
26.09.2023;32975;32475
25.09.2023;32970;32470
22.09.2023;32990;32490
21.09.2023;32990;32490
20.09.2023;32980;32480
19.09.2023;32980;32480
18.09.2023;32975;32475
15.09.2023;32985;32485
14.09.2023;32985;32485
13.09.2023;32980;32480
12.09.2023;32980;32480
11.09.2023;32980;32480
08.09.2023;32985;32485
07.09.2023;32985;32485
06.09.2023;32980;32480
05.09.2023;32980;32480
04.09.2023;32980;32480
01.09.2023;32985;32485
31.08.2023;32990;32490
30.08.2023;32975;32475
29.08.2023;32975;32475
25.08.2023;32990;32490
24.08.2023;32985;32485
23.08.2023;32970;32470
22.08.2023;32975;32475
21.08.2023;32975;32475
18.08.2023;32985;32485
17.08.2023;32985;32485
16.08.2023;32975;32475
15.08.2023;32975;32475
14.08.2023;32975;32475
11.08.2023;32990;32490
10.08.2023;32985;32485
09.08.2023;32975;32475
08.08.2023;32975;32475
07.08.2023;32975;32475
04.08.2023;32990;32490
03.08.2023;32985;32485
02.08.2023;32975;32475
01.08.2023;32975;32475
31.07.2023;32975;32475
28.07.2023;32990;32490
27.07.2023;32985;32485
26.07.2023;32975;32475
25.07.2023;32975;32475
24.07.2023;32975;32475
21.07.2023;32990;32490
20.07.2023;32985;32485
19.07.2023;32975;32475
18.07.2023;32975;32475
17.07.2023;32975;32475
14.07.2023;32995;32495
13.07.2023;32990;32490
12.07.2023;32980;32480
11.07.2023;32980;32480
10.07.2023;32980;32480
07.07.2023;32995;32495
06.07.2023;32990;32490
05.07.2023;32980;32480
04.07.2023;32980;32480
03.07.2023;32980;32480
30.06.2023;30960;30460
29.06.2023;29095;28595
28.06.2023;29085;28585
27.06.2023;29085;28585
26.06.2023;29085;28585
23.06.2023;29100;28600
22.06.2023;29095;28595
21.06.2023;29085;28585
20.06.2023;29085;28585
19.06.2023;29085;28585
16.06.2023;29095;28595
15.06.2023;29095;28595
14.06.2023;29085;28585
13.06.2023;29085;28585
12.06.2023;29085;28585
09.06.2023;29095;28595
08.06.2023;29090;28590
07.06.2023;29085;28585
06.06.2023;29085;28585
05.06.2023;29085;28585
02.06.2023;29095;28595
01.06.2023;29090;28590
31.05.2023;29085;28585
30.05.2023;29085;28585
26.05.2023;29755;29255
25.05.2023;29765;29265
24.05.2023;34485;33985
23.05.2023;34485;33985
22.05.2023;34485;33985
19.05.2023;34495;33995
18.05.2023;34490;33990
17.05.2023;34485;33985
16.05.2023;34485;33985
15.05.2023;34485;33985
12.05.2023;34500;34000
11.05.2023;34495;33995
10.05.2023;34485;33985
09.05.2023;34485;33985
05.05.2023;34505;34005
04.05.2023;34500;34000
03.05.2023;34485;33985
02.05.2023;34485;33985
28.04.2023;34505;34005
27.04.2023;34505;34005
26.04.2023;34490;33990
25.04.2023;34490;33990
24.04.2023;34490;33990
21.04.2023;34500;34000
20.04.2023;34500;34000
19.04.2023;34488;33988
18.04.2023;34490;33990
17.04.2023;34490;33990
14.04.2023;34500;34000
13.04.2023;34500;34000
12.04.2023;34490;33990
11.04.2023;34495;33995
06.04.2023;34515;34015
05.04.2023;34515;34015
04.04.2023;34495;33995
03.04.2023;34500;34000
31.03.2023;34510;34010
30.03.2023;34510;34010
29.03.2023;34000;33500
28.03.2023;33750;33250
27.03.2023;33750;33250
24.03.2023;33765;33265
23.03.2023;33765;33265
22.03.2023;33755;33255
21.03.2023;33755;33255
20.03.2023;33755;33255
17.03.2023;33770;33270
16.03.2023;33765;33265
15.03.2023;33755;33255
14.03.2023;33755;33255
13.03.2023;33755;33255
10.03.2023;33765;33265
09.03.2023;33760;33260
08.03.2023;33750;33250
07.03.2023;33750;33250
06.03.2023;33750;33250
03.03.2023;33760;28500
02.03.2023;33755;28500
01.03.2023;33745;33245
28.02.2023;33745;33245
27.02.2023;33760;33260
24.02.2023;33760;33260
23.02.2023;33760;33260
22.02.2023;35260;34760
21.02.2023;35255;34755
20.02.2023;35260;34760
17.02.2023;35265;34765
16.02.2023;35270;34770
15.02.2023;35255;34755
14.02.2023;38480;37980
13.02.2023;38495;37995
10.02.2023;38500;38000
09.02.2023;38500;38000
08.02.2023;38485;37985
07.02.2023;38480;37980
06.02.2023;38495;37995
03.02.2023;41265;40765
02.02.2023;41265;40765
01.02.2023;48565;48065
31.01.2023;48580;48080
30.01.2023;48575;48075
27.01.2023;48575;48075
26.01.2023;48575;48075
25.01.2023;48565;48065
24.01.2023;48565;48065
23.01.2023;48560;48060
20.01.2023;48575;48075
19.01.2023;48575;48075
18.01.2023;48560;48060
17.01.2023;48560;48060
16.01.2023;48555;48055
13.01.2023;48570;48070
12.01.2023;48570;48070
11.01.2023;48555;48055
10.01.2023;48550;48050
09.01.2023;48545;48045
06.01.2023;49560;49060
05.01.2023;50015;49515
04.01.2023;50000;49500
03.01.2023;50000;51000
30.12.2022;51515;51015
29.12.2022;51515;51015
28.12.2022;51495;50995
23.12.2022;51510;51010
22.12.2022;51510;51010
21.12.2022;51485;50985
20.12.2022;51485;50985
19.12.2022;51480;50980
16.12.2022;51495;50995
15.12.2022;51495;50995
14.12.2022;51485;50985
13.12.2022;51485;50985
12.12.2022;51480;50980
09.12.2022;51500;51000
08.12.2022;51500;51000
07.12.2022;51495;50995
06.12.2022;51495;50995
05.12.2022;51490;50990
02.12.2022;51505;51005
01.12.2022;51505;51005
30.11.2022;51500;51000
29.11.2022;51495;50995
28.11.2022;51490;50990
25.11.2022;51505;51005
24.11.2022;51500;51000
23.11.2022;51495;50995
22.11.2022;51500;51000
21.11.2022;51495;50995
18.11.2022;51515;51015
17.11.2022;51510;51010
16.11.2022;51500;51000
15.11.2022;51500;51000
14.11.2022;51505;51005
11.11.2022;51520;51020
10.11.2022;51515;51015
09.11.2022;51520;51020
08.11.2022;51505;51005
07.11.2022;51505;51005
04.11.2022;51520;51020
03.11.2022;51515;51015
02.11.2022;51505;51005
01.11.2022;51505;51005
31.10.2022;51505;51005
28.10.2022;51520;51020
27.10.2022;51515;51015
26.10.2022;51505;51005
25.10.2022;51505;51005
24.10.2022;51505;51005
21.10.2022;51520;51020
20.10.2022;51515;51015
19.10.2022;51505;51005
18.10.2022;51505;51005
17.10.2022;51505;51005
14.10.2022;51520;51020
13.10.2022;51515;51015
12.10.2022;59000;51005
11.10.2022;51505;51005
10.10.2022;51505;51005
07.10.2022;51520;51020
06.10.2022;51520;51020
05.10.2022;51505;51005
04.10.2022;51505;51005
03.10.2022;51505;51005
30.09.2022;51520;51020
29.09.2022;59000;51020
28.09.2022;51510;51010
27.09.2022;51505;51005
26.09.2022;51500;51000
23.09.2022;51520;51020
22.09.2022;51520;51020
21.09.2022;59000;51010
20.09.2022;59000;51010
19.09.2022;51510;51010
16.09.2022;59000;51020
15.09.2022;51525;51025
14.09.2022;51515;51015
13.09.2022;51515;51015
12.09.2022;51515;51015
09.09.2022;51520;51020
08.09.2022;51520;51020
07.09.2022;51510;51010
06.09.2022;51510;51010
05.09.2022;51510;51010
02.09.2022;51520;51020
01.09.2022;51525;51025
31.08.2022;51510;51010
30.08.2022;51505;51005
26.08.2022;51520;51020
25.08.2022;51520;51020
24.08.2022;51500;51000
23.08.2022;49005;48505
22.08.2022;49005;48505
19.08.2022;49015;48515
18.08.2022;49010;48510
17.08.2022;49000;48500
16.08.2022;46500;46000
15.08.2022;46500;46000
12.08.2022;47000;46500
11.08.2022;46995;46495
10.08.2022;47000;48490
09.08.2022;48990;48490
08.08.2022;47000;48490
05.08.2022;49005;48505
04.08.2022;49000;49515
03.08.2022;49000;49505
02.08.2022;49000;49505
01.08.2022;50005;49505
29.07.2022;50020;49520
28.07.2022;50010;49510
27.07.2022;50000;49500
26.07.2022;50000;49500
25.07.2022;50000;49500
22.07.2022;50015;49515
21.07.2022;50010;49510
20.07.2022;50000;49500
19.07.2022;50000;49500
18.07.2022;50000;49500
15.07.2022;60000;59500
14.07.2022;59995;59495
13.07.2022;59985;59485
12.07.2022;59985;59485
11.07.2022;60000;59485
08.07.2022;60000;59500
07.07.2022;60000;59500
06.07.2022;60000;59500
05.07.2022;64985;64485
04.07.2022;65000;64485
01.07.2022;70015;69515
30.06.2022;70015;69515
29.06.2022;70000;69500
28.06.2022;71000;70500
27.06.2022;71940;71440
24.06.2022;71955;71455
23.06.2022;71950;71450
22.06.2022;71985;71485
21.06.2022;71985;71485
20.06.2022;71985;71485
17.06.2022;72015;71515
16.06.2022;72015;71515
15.06.2022;72000;71500
14.06.2022;72000;71500
13.06.2022;72485;71985
10.06.2022;72500;72000
09.06.2022;72500;72000
08.06.2022;72500;72000
07.06.2022;73495;72995
06.06.2022;73605;73105
01.06.2022;73625;73125
31.05.2022;73630;73130
30.05.2022;74000;73130
27.05.2022;74645;74145
26.05.2022;74645;74145
25.05.2022;74645;74145
24.05.2022;74645;74145
23.05.2022;74650;74150
20.05.2022;74665;74165
19.05.2022;74660;74160
18.05.2022;74660;74160
17.05.2022;74665;74165
16.05.2022;74670;74170
13.05.2022;81690;81190
12.05.2022;81685;81185
11.05.2022;81690;81190
10.05.2022;81690;81190
09.05.2022;81695;81195
06.05.2022;81715;81215
05.05.2022;81715;81215
04.05.2022;81715;81215
03.05.2022;81720;81220
29.04.2022;81745;81245
28.04.2022;81750;81250
27.04.2022;81750;81250
26.04.2022;81750;81250
25.04.2022;81755;81255
22.04.2022;81770;81270
21.04.2022;81775;81275
20.04.2022;81775;81275
19.04.2022;81780;81280
14.04.2022;81800;81300
13.04.2022;81805;81305
12.04.2022;81800;81300
11.04.2022;81805;81305
08.04.2022;81815;81315
07.04.2022;81820;81320
06.04.2022;81820;81320
05.04.2022;81825;81325
04.04.2022;81820;81320
01.04.2022;81840;81340
31.03.2022;81840;81340
30.03.2022;82700;82200
29.03.2022;81840;81340
28.03.2022;81845;81345
25.03.2022;82700;82200
24.03.2022;82500;82000
23.03.2022;81860;81360
22.03.2022;81860;81360
21.03.2022;81865;81365
18.03.2022;83000;40500
17.03.2022;81880;81380
16.03.2022;83000;40500
15.03.2022;81885;81385
14.03.2022;81885;81385
11.03.2022;81900;81400
10.03.2022;82400;81900
09.03.2022;82250;81750
08.03.2022;81500;81000
07.03.2022;79000;78500
04.03.2022;75505;75005
03.03.2022;75500;75000
02.03.2022;74750;74250
01.03.2022;73705;73205
28.02.2022;73720;73220
25.02.2022;73720;73220
24.02.2022;73010;72510
23.02.2022;73005;72505
22.02.2022;73000;72500
21.02.2022;72500;72000
18.02.2022;72500;72000
17.02.2022;70725;70225
16.02.2022;70715;70215
15.02.2022;70710;70210
14.02.2022;70715;70215
11.02.2022;70720;70220
10.02.2022;70720;70220
09.02.2022;70715;70215
08.02.2022;70710;70210
07.02.2022;70715;70215
04.02.2022;70720;70220
03.02.2022;70720;70220
02.02.2022;70710;70210
01.02.2022;70705;70205
31.01.2022;70715;70215
28.01.2022;70715;70215
27.01.2022;70715;70215
26.01.2022;70705;70205
25.01.2022;70705;70205
24.01.2022;71700;40500
21.01.2022;71645;71145
20.01.2022;70150;69650
19.01.2022;70150;69650
18.01.2022;70150;69650
17.01.2022;70150;69650
14.01.2022;70165;69665
13.01.2022;70170;69670
12.01.2022;70165;69665
11.01.2022;70165;69665
07.01.2022;70180;69680
06.01.2022;70180;69680
05.01.2022;70175;69675
04.01.2022;70180;69680
31.12.2021;70195;69695
30.12.2021;70195;69695
29.12.2021;70185;69685
24.12.2021;70205;69705
23.12.2021;70205;69705
22.12.2021;70195;69695
21.12.2021;70200;69700
20.12.2021;70195;69695
17.12.2021;70210;69710
16.12.2021;69525;69025
15.12.2021;69520;69020
14.12.2021;69520;69020
13.12.2021;69515;69015
10.12.2021;69525;69025
09.12.2021;69530;69030
08.12.2021;69495;68995
07.12.2021;69000;40100
06.12.2021;66725;40100
03.12.2021;67195;40100
02.12.2021;65850;66750
01.12.2021;65495;40100
30.11.2021;64190;65500
29.11.2021;62840;62340
26.11.2021;62850;62350
25.11.2021;62850;62350
24.11.2021;62845;62345
23.11.2021;62190;61690
22.11.2021;61240;60740
19.11.2021;61260;60760
18.11.2021;61255;40100
17.11.2021;61200;40100
16.11.2021;59200;58700
15.11.2021;59200;58700
12.11.2021;59215;58715
11.11.2021;59210;58710
10.11.2021;59200;58700
09.11.2021;59205;58705
08.11.2021;59200;58700
05.11.2021;59215;58715
04.11.2021;58210;57710
03.11.2021;56245;59000
02.11.2021;56240;57500
01.11.2021;56245;55745
29.10.2021;56260;55760
28.10.2021;56255;55755
27.10.2021;56245;55745
26.10.2021;56200;55700
25.10.2021;56200;55700
22.10.2021;56220;55720
21.10.2021;56110;55610
20.10.2021;56100;55600
19.10.2021;56100;55600
18.10.2021;56100;40100
15.10.2021;56070;55570
14.10.2021;55870;55370
13.10.2021;55065;54565
12.10.2021;52950;52450
11.10.2021;56000;40100
08.10.2021;52965;52465
07.10.2021;52965;52465
06.10.2021;52960;52460
05.10.2021;52960;52460
04.10.2021;52965;52465
01.10.2021;52980;52480
30.09.2021;52980;52480
29.09.2021;56200;52475
28.09.2021;54000;40100
27.09.2021;52970;40100
24.09.2021;52990;52490
23.09.2021;54000;40100
22.09.2021;52985;40100
21.09.2021;52990;40100
20.09.2021;52990;52950
17.09.2021;51120;53000
16.09.2021;51120;50620
15.09.2021;51115;50615
14.09.2021;51120;51000
13.09.2021;51125;50625
10.09.2021;53500;40100
09.09.2021;51140;50640
08.09.2021;50480;49980
07.09.2021;50480;49980
06.09.2021;50485;49985
03.09.2021;#N/A N/A;40100
02.09.2021;#N/A N/A;40100
01.09.2021;#N/A N/A;50500
31.08.2021;#N/A N/A;40100
27.08.2021;#N/A N/A;40100
26.08.2021;#N/A N/A;40100
25.08.2021;50100;40100
24.08.2021;#N/A N/A;40100
23.08.2021;#N/A N/A;40100
20.08.2021;#N/A N/A;40100
19.08.2021;#N/A N/A;40100
18.08.2021;51250;40100
17.08.2021;52000;40100
16.08.2021;#N/A N/A;40100
13.08.2021;#N/A N/A;40100
12.08.2021;#N/A N/A;40100
11.08.2021;#N/A N/A;40100
10.08.2021;#N/A N/A;40100
09.08.2021;#N/A N/A;40100
06.08.2021;#N/A N/A;40100
05.08.2021;#N/A N/A;40100
04.08.2021;#N/A N/A;40100
03.08.2021;#N/A N/A;40100
02.08.2021;#N/A N/A;40100
30.07.2021;#N/A N/A;40100
29.07.2021;#N/A N/A;40100
28.07.2021;#N/A N/A;40100
27.07.2021;#N/A N/A;40100
26.07.2021;#N/A N/A;40100
23.07.2021;52500;40100
22.07.2021;#N/A N/A;40100
21.07.2021;#N/A N/A;40100
20.07.2021;#N/A N/A;40100
19.07.2021;#N/A N/A;40100
16.07.2021;55500;51000
15.07.2021;55600;51750
14.07.2021;55600;40100
13.07.2021;#N/A N/A;40100
12.07.2021;#N/A N/A;40100
09.07.2021;#N/A N/A;40100
08.07.2021;#N/A N/A;40100
07.07.2021;#N/A N/A;40100
06.07.2021;#N/A N/A;40100
05.07.2021;#N/A N/A;40100
02.07.2021;52900;50500
01.07.2021;52800;40100
30.06.2021;52360;50000
29.06.2021;51800;48500
28.06.2021;#N/A N/A;40100
25.06.2021;#N/A N/A;40100
24.06.2021;#N/A N/A;40100
23.06.2021;#N/A N/A;40100
22.06.2021;#N/A N/A;40100
21.06.2021;47350;40100
18.06.2021;#N/A N/A;40100
17.06.2021;47000;44000
16.06.2021;45000;41750
15.06.2021;45750;41250
14.06.2021;#N/A N/A;40100
11.06.2021;#N/A N/A;40100
10.06.2021;#N/A N/A;40100
09.06.2021;#N/A N/A;40100
08.06.2021;#N/A N/A;40100
07.06.2021;#N/A N/A;40100
04.06.2021;#N/A N/A;40100
03.06.2021;#N/A N/A;40100
02.06.2021;#N/A N/A;40100
01.06.2021;#N/A N/A;40100
28.05.2021;#N/A N/A;40100
27.05.2021;#N/A N/A;40100
26.05.2021;#N/A N/A;40100
25.05.2021;44095;40100
24.05.2021;#N/A N/A;40100
21.05.2021;#N/A N/A;40100
20.05.2021;#N/A N/A;40100
19.05.2021;#N/A N/A;40100
18.05.2021;43650;40100
17.05.2021;44100;40100
14.05.2021;44100;40100
13.05.2021;#N/A N/A;40100
12.05.2021;44650;40100
11.05.2021;44650;40100
10.05.2021;#N/A N/A;40100
07.05.2021;#N/A N/A;40100
06.05.2021;#N/A N/A;42500
05.05.2021;#N/A N/A;42500
04.05.2021;#N/A N/A;42500
30.04.2021;45200;42500
29.04.2021;#N/A N/A;42500
28.04.2021;#N/A N/A;42500
27.04.2021;46500;42500
26.04.2021;46500;42500
23.04.2021;#N/A N/A;42500
22.04.2021;#N/A N/A;42500
21.04.2021;#N/A N/A;42500
20.04.2021;#N/A N/A;42500
19.04.2021;#N/A N/A;42500
16.04.2021;#N/A N/A;42500
15.04.2021;#N/A N/A;42500
14.04.2021;#N/A N/A;43500
13.04.2021;#N/A N/A;43500
12.04.2021;#N/A N/A;43500
09.04.2021;#N/A N/A;43500
08.04.2021;#N/A N/A;43500
07.04.2021;#N/A N/A;43500
06.04.2021;#N/A N/A;43500
01.04.2021;#N/A N/A;43500
31.03.2021;#N/A N/A;43500
30.03.2021;#N/A N/A;43500
29.03.2021;#N/A N/A;43500
26.03.2021;#N/A N/A;43500
25.03.2021;#N/A N/A;43500
24.03.2021;#N/A N/A;43500
23.03.2021;#N/A N/A;43500
22.03.2021;#N/A N/A;43500
19.03.2021;#N/A N/A;43000
18.03.2021;#N/A N/A;43000
17.03.2021;#N/A N/A;43000
16.03.2021;#N/A N/A;43000
15.03.2021;55000;43000
12.03.2021;#N/A N/A;43000
11.03.2021;#N/A N/A;43000
10.03.2021;#N/A N/A;43000
09.03.2021;#N/A N/A;43000
08.03.2021;#N/A N/A;43000
05.03.2021;#N/A N/A;43000
04.03.2021;#N/A N/A;43000
03.03.2021;#N/A N/A;43000
02.03.2021;56000;52500
01.03.2021;55750;52800
26.02.2021;#N/A N/A;43000
25.02.2021;#N/A N/A;43000
24.02.2021;#N/A N/A;28100
23.02.2021;52800;28100
22.02.2021;52800;28100
19.02.2021;52800;28100
18.02.2021;#N/A N/A;28100
17.02.2021;#N/A N/A;28100
16.02.2021;#N/A N/A;28100
15.02.2021;#N/A N/A;28100
12.02.2021;#N/A N/A;28100
11.02.2021;#N/A N/A;28100
10.02.2021;#N/A N/A;28100
09.02.2021;#N/A N/A;28100
08.02.2021;48000;28100
05.02.2021;48000;28100
04.02.2021;45500;45200
03.02.2021;#N/A N/A;28100
02.02.2021;#N/A N/A;28100
01.02.2021;44500;28100
29.01.2021;#N/A N/A;28100
28.01.2021;42000;40500
27.01.2021;41500;40250
26.01.2021;41000;40000
25.01.2021;42000;39500
22.01.2021;41500;28100
21.01.2021;41250;38500
20.01.2021;37750;35500
19.01.2021;37500;28100
18.01.2021;37500;28100
15.01.2021;37500;28100
14.01.2021;37995;28100
13.01.2021;38000;28100
12.01.2021;37600;36500
11.01.2021;37000;36500
08.01.2021;37000;36500
07.01.2021;37000;35500
06.01.2021;36000;35500
05.01.2021;35000;28100
04.01.2021;34000;28100
31.12.2020;33000;28100
30.12.2020;33000;28100
29.12.2020;33000;28100
24.12.2020;33000;28100
23.12.2020;33000;28100
22.12.2020;32000;28100
21.12.2020;32000;28100
18.12.2020;32000;28100
17.12.2020;32000;28100
16.12.2020;32000;28100
15.12.2020;32000;28100
14.12.2020;32000;28100
11.12.2020;32000;28100
10.12.2020;32000;28100
09.12.2020;32000;28100
08.12.2020;32000;28100
07.12.2020;32000;28100
04.12.2020;32000;28100
03.12.2020;32000;28100
02.12.2020;32000;28100
01.12.2020;32000;28100
30.11.2020;32000;28100
27.11.2020;32000;28100
26.11.2020;32000;28100
25.11.2020;32000;28600
24.11.2020;32000;28600
23.11.2020;32000;28600
20.11.2020;32000;28600
19.11.2020;32000;28600
18.11.2020;32000;28600
17.11.2020;32000;28600
16.11.2020;32500;28600
13.11.2020;32500;28600
12.11.2020;32500;28600
11.11.2020;32500;28600
10.11.2020;32500;28600
09.11.2020;32500;28600
06.11.2020;32500;28600
05.11.2020;32500;28600
04.11.2020;32500;28600
03.11.2020;#N/A N/A;28600
02.11.2020;32500;28600
30.10.2020;32500;28600
29.10.2020;33000;28600
28.10.2020;33000;28600
27.10.2020;33000;28600
26.10.2020;33000;28600
23.10.2020;33000;28600
22.10.2020;33000;28600
21.10.2020;33000;28600
20.10.2020;33000;28600
16.10.2020;33000;28600
15.10.2020;33000;28600
14.10.2020;33000;28600
13.10.2020;33000;28600
12.10.2020;33500;28600
09.10.2020;33500;28600
08.10.2020;33500;28600
07.10.2020;33500;28600
06.10.2020;33500;28600
05.10.2020;34000;28600
01.10.2020;34000;28600
30.09.2020;34000;28600
29.09.2020;34000;28600
28.09.2020;34000;28600
25.09.2020;34000;28600
24.09.2020;34000;28600
23.09.2020;34000;28600
22.09.2020;34500;28600
21.09.2020;34500;28600
18.09.2020;34500;28600
17.09.2020;34500;28600
16.09.2020;#N/A N/A;28600
15.09.2020;34000;28600
14.09.2020;34000;33000
11.09.2020;34000;33000
10.09.2020;34000;33000
09.09.2020;34000;33000
08.09.2020;#N/A N/A;28600
07.09.2020;34000;28600
04.09.2020;34000;28600
03.09.2020;34000;28600
02.09.2020;34000;28600
01.09.2020;#N/A N/A;28600
28.08.2020;34000;28600
27.08.2020;34000;28600
26.08.2020;34000;29200
25.08.2020;34000;29200
24.08.2020;34000;29200
21.08.2020;34000;29200
20.08.2020;34000;29200
19.08.2020;34000;29200
18.08.2020;34000;29200
17.08.2020;34000;29200
14.08.2020;34000;29200
12.08.2020;34000;29200
11.08.2020;34000;29200
10.08.2020;34000;28000
07.08.2020;33500;28000
05.08.2020;34000;31400
04.08.2020;34000;27800
03.08.2020;32500;27800
31.07.2020;36600;27800
30.07.2020;32000;27800
29.07.2020;31000;29000
28.07.2020;28750;#N/A N/A
27.07.2020;28750;#N/A N/A
24.07.2020;28750;#N/A N/A
23.07.2020;28750;#N/A N/A
22.07.2020;28750;#N/A N/A
21.07.2020;28750;#N/A N/A
20.07.2020;28750;#N/A N/A
17.07.2020;28750;#N/A N/A
16.07.2020;28750;#N/A N/A
15.07.2020;28750;#N/A N/A
13.07.2020;28750;#N/A N/A
10.07.2020;28750;#N/A N/A
09.07.2020;28750;#N/A N/A
08.07.2020;28750;#N/A N/A
07.07.2020;28750;#N/A N/A
06.07.2020;28750;#N/A N/A
03.07.2020;28750;#N/A N/A
02.07.2020;28750;#N/A N/A
01.07.2020;28750;#N/A N/A
30.06.2020;31000;#N/A N/A
29.06.2020;31000;#N/A N/A
26.06.2020;31000;#N/A N/A
25.06.2020;31000;#N/A N/A
24.06.2020;31000;#N/A N/A
23.06.2020;31000;#N/A N/A
22.06.2020;31000;#N/A N/A
19.06.2020;31000;#N/A N/A
17.06.2020;31000;#N/A N/A
16.06.2020;31000;#N/A N/A
15.06.2020;31000;25300
12.06.2020;31000;#N/A N/A
11.06.2020;31000;#N/A N/A
10.06.2020;31000;#N/A N/A
08.06.2020;31000;#N/A N/A
05.06.2020;31000;#N/A N/A
04.06.2020;31000;#N/A N/A
03.06.2020;31000;#N/A N/A
02.06.2020;31000;#N/A N/A
01.06.2020;31000;#N/A N/A
29.05.2020;31000;#N/A N/A
28.05.2020;31000;#N/A N/A
27.05.2020;31000;#N/A N/A
26.05.2020;31000;#N/A N/A
22.05.2020;31000;#N/A N/A
21.05.2020;31000;#N/A N/A
19.05.2020;31000;#N/A N/A
18.05.2020;31000;#N/A N/A
15.05.2020;31000;#N/A N/A
14.05.2020;31000;#N/A N/A
13.05.2020;31000;#N/A N/A
12.05.2020;31000;25000
07.05.2020;31000;#N/A N/A
06.05.2020;31000;#N/A N/A
05.05.2020;31000;#N/A N/A
04.05.2020;31000;#N/A N/A
01.05.2020;31000;#N/A N/A
30.04.2020;31000;#N/A N/A
29.04.2020;31000;#N/A N/A
28.04.2020;31000;#N/A N/A
27.04.2020;31000;#N/A N/A
23.04.2020;31000;#N/A N/A
22.04.2020;31000;#N/A N/A
20.04.2020;31000;#N/A N/A
17.04.2020;31000;#N/A N/A
16.04.2020;31000;#N/A N/A
15.04.2020;31000;#N/A N/A
14.04.2020;31000;#N/A N/A
09.04.2020;31000;#N/A N/A
08.04.2020;31000;#N/A N/A
07.04.2020;32000;26000
06.04.2020;32000;#N/A N/A
03.04.2020;32000;26000
02.04.2020;32000;#N/A N/A
01.04.2020;32000;#N/A N/A
31.03.2020;32000;#N/A N/A
30.03.2020;32000;#N/A N/A
27.03.2020;32000;#N/A N/A
26.03.2020;32000;#N/A N/A
25.03.2020;#N/A N/A;26000
24.03.2020;32000;#N/A N/A
23.03.2020;32000;26000
20.03.2020;33000;27300
19.03.2020;33000;28500
18.03.2020;33000;28500
17.03.2020;33000;28500
16.03.2020;33000;28500
13.03.2020;33000;27000
12.03.2020;33000;27000
11.03.2020;33000;31000
10.03.2020;33000;31000
09.03.2020;33000;31000
06.03.2020;33000;31000
04.03.2020;33000;31000
03.03.2020;33000;31000
02.03.2020;33000;31000
28.02.2020;33000;31000
27.02.2020;33000;31000
26.02.2020;33500;31000
25.02.2020;33500;33000
24.02.2020;33500;33000
21.02.2020;33500;33000
20.02.2020;33500;33000
19.02.2020;33500;33000
18.02.2020;33500;33000
17.02.2020;33500;33000
14.02.2020;33500;33000
13.02.2020;33500;33000
12.02.2020;33500;33000
11.02.2020;34000;33500
10.02.2020;34000;33500
07.02.2020;34600;33750
06.02.2020;34600;33750
05.02.2020;34000;33750
04.02.2020;34000;30000
03.02.2020;34600;34250
30.01.2020;33500;32000
29.01.2020;33500;30000
28.01.2020;32250;24600
27.01.2020;32500;31750
24.01.2020;32500;31750
23.01.2020;32500;31750
22.01.2020;32500;24600
21.01.2020;32000;24600
20.01.2020;32000;31500
17.01.2020;32000;24600
16.01.2020;32000;24600
15.01.2020;32500;24600
14.01.2020;32500;24600
13.01.2020;32500;24600
10.01.2020;32500;32000
09.01.2020;32500;24600
08.01.2020;31500;31000
07.01.2020;31500;24600
06.01.2020;32000;24600
03.01.2020;32000;24600
02.01.2020;32500;24600
31.12.2019;32500;24600
30.12.2019;32500;24600
27.12.2019;32500;24600
24.12.2019;32500;24600
23.12.2019;32500;24600
20.12.2019;32500;24600
19.12.2019;32500;24600
18.12.2019;32500;32000
17.12.2019;32500;24000
16.12.2019;33000;24600
13.12.2019;34500;34000
12.12.2019;34500;34000
11.12.2019;34500;34000
10.12.2019;34500;34000
09.12.2019;34500;34000
06.12.2019;35000;34500
05.12.2019;35000;34500
04.12.2019;35500;35000
03.12.2019;35500;35000
02.12.2019;35500;35000
29.11.2019;35500;35000
28.11.2019;37800;28000
27.11.2019;37800;35000
26.11.2019;37800;35000
25.11.2019;37800;35000
21.11.2019;37800;35000
20.11.2019;37800;35000
19.11.2019;37800;35000
18.11.2019;37800;35000
15.11.2019;37800;35000
14.11.2019;37800;35000
13.11.2019;37800;35000
12.11.2019;37800;35000
11.11.2019;37800;35000
08.11.2019;37800;35000
07.11.2019;37800;35000
06.11.2019;37800;35000
05.11.2019;37800;35000
04.11.2019;37800;35000
31.10.2019;37800;35000
30.10.2019;37800;35000
29.10.2019;37800;35000
28.10.2019;37800;35000
25.10.2019;37800;35000
24.10.2019;37800;35000
23.10.2019;37800;35000
22.10.2019;37800;35000
21.10.2019;37800;35000
18.10.2019;37800;35000
17.10.2019;37800;35000
16.10.2019;37800;35000
15.10.2019;37800;35000
14.10.2019;37800;35000
11.10.2019;37800;35000
10.10.2019;37800;35000
09.10.2019;37800;34250
08.10.2019;37800;33500
07.10.2019;37800;33500
04.10.2019;37800;28200
03.10.2019;34000;35500
02.10.2019;34000;28200
01.10.2019;37800;28200
30.09.2019;36000;28200
27.09.2019;37000;28200
26.09.2019;37800;28200
25.09.2019;37800;28200
24.09.2019;37600;37000
23.09.2019;37600;37000
20.09.2019;37600;36500
19.09.2019;37000;28200
18.09.2019;36000;36000
17.09.2019;36000;36000
16.09.2019;36000;36000
13.09.2019;37200;28200
12.09.2019;37200;36000
11.09.2019;37200;28200
10.09.2019;36200;35500
09.09.2019;35000;28200
06.09.2019;35000;28200
05.09.2019;35000;28200
04.09.2019;33500;28200
03.09.2019;33500;33500
02.09.2019;33000;33500
30.08.2019;35000;28200
29.08.2019;33000;28200
28.08.2019;33000;30500
27.08.2019;32995;28200
23.08.2019;32995;30500
22.08.2019;33000;31500
21.08.2019;33000;30500
20.08.2019;33000;28200
19.08.2019;33000;30500
16.08.2019;33000;28200
15.08.2019;33000;28200
14.08.2019;35000;29500
13.08.2019;35000;28200
12.08.2019;35000;28200
09.08.2019;35000;27500
08.08.2019;35000;27500
07.08.2019;35000;27350
06.08.2019;30000;27300
05.08.2019;35000;27300
02.08.2019;26000;25000
01.08.2019;26000;25000
31.07.2019;26000;25000
30.07.2019;26000;25000
29.07.2019;26000;25000
26.07.2019;26000;25000
25.07.2019;28500;26500
24.07.2019;28500;26500
23.07.2019;28500;26500
22.07.2019;28500;26500
19.07.2019;28500;26500
18.07.2019;28500;26500
17.07.2019;28500;26500
16.07.2019;28500;26500
15.07.2019;28500;26500
12.07.2019;27500;25500
11.07.2019;27500;25500
10.07.2019;27500;25500
09.07.2019;28500;26500
08.07.2019;29500;27500
05.07.2019;29500;27500
04.07.2019;29500;27500
03.07.2019;29500;27500
02.07.2019;29500;27500
01.07.2019;29500;27500
28.06.2019;27600;25600
27.06.2019;29500;27500
26.06.2019;28000;26000
25.06.2019;28000;26000
24.06.2019;28000;26000
21.06.2019;28000;26000
20.06.2019;28000;26000
19.06.2019;28000;26000
18.06.2019;28000;26000
17.06.2019;28000;26000
14.06.2019;28000;26000
13.06.2019;28000;26000
12.06.2019;28000;26000
11.06.2019;28000;26000
10.06.2019;28000;26000
07.06.2019;28000;26000
06.06.2019;32500;31500
05.06.2019;32500;31500
04.06.2019;32500;31500
03.06.2019;32500;31500
31.05.2019;34000;33000
30.05.2019;34000;33000
29.05.2019;34000;33000
28.05.2019;34000;33000
24.05.2019;34000;33000
23.05.2019;34500;34000
22.05.2019;34500;34000
21.05.2019;34750;34250
20.05.2019;34750;34250
17.05.2019;34750;34250
16.05.2019;34750;34250
15.05.2019;34750;34250
14.05.2019;34750;34250
13.05.2019;34750;34250
10.05.2019;34750;34250
09.05.2019;34750;34250
08.05.2019;34750;34250
07.05.2019;34750;34250
03.05.2019;34750;34250
02.05.2019;34750;34250
01.05.2019;34750;34250
30.04.2019;34750;34250
29.04.2019;34750;34250
26.04.2019;36000;34250
25.04.2019;34750;34250
24.04.2019;34750;34250
23.04.2019;34750;34250
18.04.2019;38000;34000
17.04.2019;35500;34500
16.04.2019;34550;34450
15.04.2019;35500;34500
12.04.2019;38000;33500
11.04.2019;40000;33750
10.04.2019;40000;32750
09.04.2019;35000;33000
08.04.2019;35000;32000
05.04.2019;35000;32000
04.04.2019;35000;31500
03.04.2019;38000;31500
02.04.2019;32000;31000
01.04.2019;31000;30000
29.03.2019;30000;29900
28.03.2019;30000;29000
27.03.2019;30000;29000
26.03.2019;30000;29000
25.03.2019;30000;29000
22.03.2019;30000;29000
21.03.2019;30000;29000
20.03.2019;30000;29000
19.03.2019;31000;30000
18.03.2019;30000;29000
15.03.2019;30000;29000
14.03.2019;31000;30000
13.03.2019;32000;31000
12.03.2019;33000;32000
11.03.2019;33000;32000
08.03.2019;33000;32000
07.03.2019;33000;32000
06.03.2019;45000;32000
05.03.2019;33000;32000
04.03.2019;33000;32000
01.03.2019;33000;32000
28.02.2019;34000;33000
27.02.2019;33000;32000
26.02.2019;33000;32000
25.02.2019;33000;29500
22.02.2019;33000;31000
21.02.2019;31000;29000
20.02.2019;31000;29000
19.02.2019;31000;29000
18.02.2019;31000;29000
15.02.2019;31000;29000
14.02.2019;31000;29000
13.02.2019;32000;30000
12.02.2019;32000;30000
11.02.2019;32000;30000
08.02.2019;33000;31000
07.02.2019;33000;31000
06.02.2019;33000;31000
05.02.2019;33000;31000
04.02.2019;34000;32000
01.02.2019;34000;32000
31.01.2019;34000;33000
30.01.2019;36000;34000
29.01.2019;36000;34000
28.01.2019;36000;34000
25.01.2019;36000;34000
24.01.2019;36000;35000
23.01.2019;36000;34000
22.01.2019;42000;34000
21.01.2019;38000;36000
18.01.2019;45000;36000
17.01.2019;52000;36000
16.01.2019;52000;36000
15.01.2019;45000;37000
14.01.2019;42000;38000
11.01.2019;42000;40000
10.01.2019;42000;40000
09.01.2019;42000;40000
08.01.2019;44000;42000
07.01.2019;45000;43000
04.01.2019;45000;43000
03.01.2019;47000;45000
02.01.2019;58000;40500
31.12.2018;58000;54500
28.12.2018;55500;54500
27.12.2018;55500;54500
24.12.2018;55500;54500
21.12.2018;55000;54000
20.12.2018;56000;54000
19.12.2018;56000;55000
18.12.2018;58000;57000
17.12.2018;52000;50000
14.12.2018;55250;54750
13.12.2018;55250;54750
12.12.2018;55250;54750
11.12.2018;55250;54750
10.12.2018;55250;54750
07.12.2018;55250;54750
06.12.2018;55250;54750
05.12.2018;55250;54750
04.12.2018;55250;54750
03.12.2018;55250;54750
30.11.2018;55250;54750
29.11.2018;55250;54750
28.11.2018;55250;54750
27.11.2018;55250;54750
26.11.2018;55250;54750
23.11.2018;55250;54750
22.11.2018;55250;54750
21.11.2018;58000;54750
20.11.2018;55250;54750
19.11.2018;55250;54750
16.11.2018;70000;54500
15.11.2018;60000;54500
14.11.2018;60000;55000
13.11.2018;51000;50500
12.11.2018;50250;49750
09.11.2018;55000;50500
08.11.2018;54500;54000
07.11.2018;52500;52000
06.11.2018;50500;50000
05.11.2018;46750;59000
02.11.2018;45000;44500
01.11.2018;52750;52250
31.10.2018;55000;54500
30.10.2018;60000;59500
29.10.2018;60000;59500
26.10.2018;60750;60250
25.10.2018;60750;60250
24.10.2018;60750;60250
23.10.2018;60750;60250
22.10.2018;60750;60250
19.10.2018;60750;60250
18.10.2018;58000;57500
17.10.2018;62500;62000
16.10.2018;62500;62000
15.10.2018;62500;62000
12.10.2018;62500;62000
11.10.2018;58010;58000
10.10.2018;58000;57500
09.10.2018;57000;56500
08.10.2018;55500;55000
05.10.2018;57000;56500
04.10.2018;55500;55000
03.10.2018;55000;54500
02.10.2018;58000;57500
01.10.2018;58000;57500
28.09.2018;62000;61500
27.09.2018;62000;61500
26.09.2018;62000;61500
25.09.2018;62000;61500
24.09.2018;62000;61500
21.09.2018;62000;61500
20.09.2018;60000;59500
19.09.2018;62750;62250
18.09.2018;62750;62250
17.09.2018;62750;62250
14.09.2018;62750;62250
13.09.2018;62750;62250
12.09.2018;62750;62250
11.09.2018;61750;55000
10.09.2018;61750;61250
07.09.2018;62500;62000
06.09.2018;62500;62000
05.09.2018;64500;64000
04.09.2018;64500;64000
03.09.2018;65000;64000
31.08.2018;64500;64000
30.08.2018;65250;64750
29.08.2018;65250;64750
28.08.2018;64500;55000
24.08.2018;64500;64000
23.08.2018;64500;64000
22.08.2018;64500;64000
21.08.2018;64500;64000
20.08.2018;64500;64000
17.08.2018;64500;64000
16.08.2018;64500;64000
15.08.2018;64250;63750
14.08.2018;64250;63750
13.08.2018;64250;63750
10.08.2018;62000;61500
09.08.2018;61500;55000
08.08.2018;56500;58000
07.08.2018;55000;54500
06.08.2018;65000;58500
03.08.2018;64000;63500
02.08.2018;66100;66000
01.08.2018;71000;66750
31.07.2018;70000;69500
30.07.2018;70000;69500
27.07.2018;71000;69500
26.07.2018;70000;69500
25.07.2018;70000;69500
24.07.2018;70000;69500
23.07.2018;70000;69500
20.07.2018;72000;69500
19.07.2018;70000;69500
18.07.2018;72000;69500
17.07.2018;72000;69500
16.07.2018;72000;67500
13.07.2018;72000;70000
12.07.2018;72000;70000
11.07.2018;70500;70000
10.07.2018;70000;69500
09.07.2018;74500;72750
06.07.2018;72500;72000
05.07.2018;75000;72000
04.07.2018;77000;71500
03.07.2018;76000;75500
02.07.2018;77800;74500
29.06.2018;77800;77300
28.06.2018;78000;76200
27.06.2018;79000;76200
26.06.2018;78000;76200
25.06.2018;79000;78500
22.06.2018;79300;79000
21.06.2018;80000;79000
20.06.2018;80500;80750
19.06.2018;80250;79750
18.06.2018;80500;80000
15.06.2018;80000;80500
14.06.2018;81500;79000
13.06.2018;93000;79000
12.06.2018;93000;80500
11.06.2018;83000;82000
08.06.2018;83000;83000
07.06.2018;84000;83500
06.06.2018;86500;84500
05.06.2018;89000;86500
04.06.2018;93000;87500
01.06.2018;93000;89500
31.05.2018;90000;88500
30.05.2018;91000;90250
29.05.2018;91000;90500
25.05.2018;91000;90500
24.05.2018;91000;90500
23.05.2018;93000;91000
22.05.2018;92000;91500
21.05.2018;91000;90500
18.05.2018;91000;90500
17.05.2018;91000;90500
16.05.2018;95000;90500
15.05.2018;91000;90500
14.05.2018;93000;91000
11.05.2018;90250;89750
10.05.2018;89500;89000
09.05.2018;89000;89000
08.05.2018;89000;88500
04.05.2018;89000;87000
03.05.2018;90500;90000
02.05.2018;91000;90000
01.05.2018;88750;88250
30.04.2018;88750;88250
27.04.2018;88750;88250
26.04.2018;88750;88250
25.04.2018;88500;88000
24.04.2018;98000;91000
23.04.2018;91500;91000
20.04.2018;100000;91000
19.04.2018;93000;91000
18.04.2018;93000;91000
17.04.2018;91500;92000
16.04.2018;91500;91000
13.04.2018;92250;91000
12.04.2018;95000;92000
11.04.2018;91500;91000
10.04.2018;91500;91000
09.04.2018;91500;91000
06.04.2018;91500;91000
05.04.2018;91000;90000
04.04.2018;93750;88250
03.04.2018;93750;92750
29.03.2018;93750;93250
28.03.2018;95000;90000
27.03.2018;95000;88250
26.03.2018;95000;88250
23.03.2018;95000;88250
22.03.2018;95000;88250
21.03.2018;95500;95000
20.03.2018;90500;90000
19.03.2018;88500;87500
16.03.2018;88500;88000
15.03.2018;87250;86750
14.03.2018;85500;85000
13.03.2018;85000;84500
12.03.2018;84500;84000
09.03.2018;84500;84000
08.03.2018;84500;84000
07.03.2018;83500;83000
06.03.2018;83250;83000
05.03.2018;83000;80250
02.03.2018;79500;79000
01.03.2018;83000;80750
28.02.2018;83000;80750
27.02.2018;83000;80500
26.02.2018;83000;81000
23.02.2018;83000;81000
22.02.2018;81000;80000
21.02.2018;81000;80000
20.02.2018;81000;79000
19.02.2018;83000;80000
16.02.2018;83000;81500
15.02.2018;83000;81500
14.02.2018;82000;81000
13.02.2018;82000;81000
12.02.2018;83000;81000
09.02.2018;81500;81000
08.02.2018;83000;71000
07.02.2018;81000;80500
06.02.2018;83000;72600
05.02.2018;83000;72600
02.02.2018;83000;80250
01.02.2018;81000;79750
31.01.2018;84000;72600
30.01.2018;81000;79750
29.01.2018;81000;79750
26.01.2018;81000;71000
25.01.2018;79000;79500
24.01.2018;81000;79500
23.01.2018;80000;79500
22.01.2018;80000;79500
19.01.2018;80000;80000
18.01.2018;77000;76500
17.01.2018;77000;76500
16.01.2018;77000;76500
15.01.2018;78500;78000
12.01.2018;75500;75000
11.01.2018;75500;75000
10.01.2018;75500;75000
09.01.2018;75500;75000
08.01.2018;75500;75000
05.01.2018;75500;75000
04.01.2018;75500;75000
03.01.2018;75500;75000
02.01.2018;75500;75000
29.12.2017;75500;75000
28.12.2017;75500;72000
27.12.2017;75500;75000
22.12.2017;75500;75000
21.12.2017;75000;74500
20.12.2017;78000;74500
19.12.2017;74000;74000
18.12.2017;72500;72000
15.12.2017;72500;72000
14.12.2017;78000;70000
13.12.2017;72000;71500
12.12.2017;75000;71000
11.12.2017;80000;74000
08.12.2017;75000;75000
07.12.2017;70000;70000
06.12.2017;70000;69000
05.12.2017;70000;66000
04.12.2017;69000;68000
01.12.2017;70000;66000
30.11.2017;68000;66500
29.11.2017;68000;66000
28.11.2017;70000;65000
27.11.2017;64500;62000
24.11.2017;67000;62000
23.11.2017;62500;62000
22.11.2017;61000;60000
21.11.2017;62000;60000
20.11.2017;62000;60000
17.11.2017;61500;58000
16.11.2017;61000;61000
15.11.2017;61000;60500
14.11.2017;62000;59750
13.11.2017;62000;60000
10.11.2017;61000;60500
09.11.2017;61500;61000
08.11.2017;61000;60500
07.11.2017;61000;60500
06.11.2017;63000;60500
03.11.2017;61000;60000
02.11.2017;62000;60500
01.11.2017;60500;60000
31.10.2017;60000;59500
30.10.2017;60500;59000
27.10.2017;60500;60000
26.10.2017;59250;58600
25.10.2017;60500;60000
24.10.2017;61000;59000
23.10.2017;60500;59500
20.10.2017;61250;60000
19.10.2017;60500;60000
18.10.2017;62500;62000
17.10.2017;60250;59750
16.10.2017;59750;59250
13.10.2017;59750;59250
12.10.2017;59750;59250
11.10.2017;58250;58000
10.10.2017;59500;59000
09.10.2017;59500;59000
06.10.2017;59500;59000
05.10.2017;62000;58500
04.10.2017;58750;58500
03.10.2017;59500;59000
02.10.2017;60000;59000
29.09.2017;59000;58500
28.09.2017;59000;58500
27.09.2017;59000;58500
26.09.2017;59300;59000
25.09.2017;59500;59000
22.09.2017;59500;59000
21.09.2017;59500;59000
20.09.2017;59500;59000
19.09.2017;60000;59500
18.09.2017;61500;59500
15.09.2017;62500;62000
14.09.2017;60800;60300
13.09.2017;60800;60300
12.09.2017;60800;60300
11.09.2017;61000;60500
08.09.2017;61000;60500
07.09.2017;61000;60500
06.09.2017;61000;60500
05.09.2017;61000;60500
04.09.2017;61000;60500
01.09.2017;61000;60500
31.08.2017;61000;60500
30.08.2017;61000;60500
29.08.2017;61500;61000
25.08.2017;61000;60500
24.08.2017;60000;59000
23.08.2017;60000;59000
22.08.2017;60000;60000
21.08.2017;60000;59500
18.08.2017;61000;60000
17.08.2017;57000;56500
16.08.2017;57000;56500
15.08.2017;61000;56500
14.08.2017;61000;56500
11.08.2017;55750;56000
10.08.2017;57500;57000
09.08.2017;61000;57000
08.08.2017;57500;57000
07.08.2017;56950;56450
04.08.2017;59000;58500
03.08.2017;58500;58000
02.08.2017;50500;50000
01.08.2017;57500;57000
31.07.2017;57500;57000
28.07.2017;57500;57000
27.07.2017;57500;57000
26.07.2017;57500;57000
25.07.2017;57500;57000
24.07.2017;58500;58000
21.07.2017;58500;58000
20.07.2017;59000;58500
19.07.2017;59000;58500
18.07.2017;59000;58500
17.07.2017;59000;58500
14.07.2017;59500;59000
13.07.2017;59500;59000
12.07.2017;59500;59000
11.07.2017;60000;59500
10.07.2017;60000;59500
07.07.2017;60000;59500
06.07.2017;61500;61000
05.07.2017;59000;58500
04.07.2017;58750;58500
03.07.2017;59500;59000
30.06.2017;60000;59500
29.06.2017;60000;59500
28.06.2017;59500;59000
27.06.2017;59500;59000
26.06.2017;59000;58500
23.06.2017;58500;58000
22.06.2017;58005;58000
21.06.2017;58500;58000
20.06.2017;58500;58000
19.06.2017;58000;57500
16.06.2017;58000;57500
15.06.2017;56750;56250
14.06.2017;56750;56000
13.06.2017;57000;56500
12.06.2017;56500;56000
09.06.2017;56500;56000
08.06.2017;56500;56000
07.06.2017;56250;56000
06.06.2017;56250;55750
05.06.2017;56500;56000
02.06.2017;56500;56000
01.06.2017;56200;56100
31.05.2017;56500;56000
30.05.2017;56250;55750
26.05.2017;56000;55500
25.05.2017;55500;55250
24.05.2017;54750;54250
23.05.2017;54750;54250
22.05.2017;55000;54500
19.05.2017;54500;54000
18.05.2017;54505;54500
17.05.2017;55500;55000
16.05.2017;55500;55000
15.05.2017;54500;54000
12.05.2017;54500;54000
11.05.2017;54500;54000
10.05.2017;54500;54000
09.05.2017;54500;54000
08.05.2017;55000;54500
05.05.2017;55000;54500
04.05.2017;52000;54500
03.05.2017;55000;54500
02.05.2017;55000;54500
28.04.2017;55250;54750
27.04.2017;55500;55000
26.04.2017;55250;54750
25.04.2017;55250;54750
24.04.2017;55250;54750
21.04.2017;55500;55000
20.04.2017;55000;54500
19.04.2017;55250;54750
18.04.2017;55500;55000
13.04.2017;55500;55000
12.04.2017;55500;55000
11.04.2017;56000;55500
10.04.2017;55500;55000
07.04.2017;55750;55250
06.04.2017;56000;55500
05.04.2017;56500;56000
04.04.2017;55505;55500
03.04.2017;56000;55500
31.03.2017;54600;54400
30.03.2017;55250;54750
29.03.2017;55000;54750
28.03.2017;54000;53500
27.03.2017;54000;53500
24.03.2017;54000;53600
23.03.2017;54250;53750
22.03.2017;54000;53750
21.03.2017;53000;52500
20.03.2017;53000;52500
17.03.2017;53000;52500
16.03.2017;53500;53000
15.03.2017;53500;53000
14.03.2017;53250;52750
13.03.2017;52500;52000
10.03.2017;52500;52000
09.03.2017;52500;52000
08.03.2017;51100;50900
07.03.2017;51000;50500
06.03.2017;51100;50600
03.03.2017;51100;50900
02.03.2017;51100;50750
01.03.2017;52100;50750
28.02.2017;50250;49750
27.02.2017;50000;46000
24.02.2017;48500;47500
23.02.2017;48500;47500
22.02.2017;48500;47500
21.02.2017;48500;47500
20.02.2017;48000;47500
17.02.2017;44500;44000
16.02.2017;43000;43000
15.02.2017;43000;43000
14.02.2017;42750;42250
13.02.2017;42500;42000
10.02.2017;39900;39800
09.02.2017;39750;39250
08.02.2017;39000;38500
07.02.2017;38500;38000
03.02.2017;37750;37250
02.02.2017;37750;37250
01.02.2017;37750;37250
31.01.2017;37250;36750
30.01.2017;37250;36750
27.01.2017;37250;36750
26.01.2017;36750;36250
25.01.2017;36250;36000
24.01.2017;36250;35000
23.01.2017;36000;35750
20.01.2017;36000;35500
19.01.2017;35500;35000
18.01.2017;35500;35000
17.01.2017;35250;34750
16.01.2017;35000;34500
13.01.2017;34700;34200
12.01.2017;33600;33400
11.01.2017;33400;33200
10.01.2017;33250;32750
09.01.2017;33000;32500
06.01.2017;33000;32500
05.01.2017;33000;32500
04.01.2017;33000;32500
03.01.2017;33000;32500
30.12.2016;32900;32700