Exchange Date;Close;Net;%Chg;Open;Low;High;Volume;Turnover - USD;Flow
13-May-2025;3,04;--0,11;--3,49%;3,16;3,00;3,18;4 909 242;15 038 507,00;--82 627 338,00
12-May-2025;3,15;--0,01;--0,32%;3,28;3,12;3,31;5 259 104;16 695 383,00;--67 588 831,00
09-May-2025;3,16;+0,02;+0,64%;3,16;3,12;3,26;3 841 924;12 146 407,00;--50 893 448,00
08-May-2025;3,14;+0,07;+2,28%;3,10;3,05;3,17;4 712 726;14 720 728,00;--63 039 855,00
07-May-2025;3,07;+0,05;+1,66%;3,05;3,02;3,17;5 088 826;15 727 388,00;--77 760 583,00
06-May-2025;3,02;+0,08;+2,72%;2,93;2,92;3,04;3 477 947;10 422 474,00;--93 487 971,00
05-May-2025;2,94;+0,01;+0,34%;2,90;2,89;2,99;2 191 692;6 465 208,00;--103 910 445,00
02-May-2025;2,93;+0,02;+0,69%;2,93;2,90;2,99;2 501 326;7 373 426,00;--110 375 653,00
01-May-2025;2,91;+0,04;+1,39%;2,90;2,89;3,03;4 164 263;12 276 572,00;--117 749 079,00
30-Apr-2025;2,87;--0,04;--1,37%;2,82;2,78;2,90;5 191 510;14 804 567,00;--130 025 651,00
29-Apr-2025;2,91;+0,09;+3,19%;2,81;2,80;2,92;2 772 087;7 991 943,00;--115 221 084,00
28-Apr-2025;2,82;--0,08;--2,76%;2,90;2,80;2,98;3 311 914;9 468 145,00;--123 213 027,00
25-Apr-2025;2,90;--0,06;--2,03%;2,96;2,82;2,98;4 613 231;13 320 388,00;--113 744 882,00
24-Apr-2025;2,96;+0,20;+7,25%;2,79;2,78;2,97;5 467 212;15 907 563,00;--100 424 494,00
23-Apr-2025;2,76;+0,06;+2,22%;2,76;2,70;2,83;4 729 834;13 118 862,00;--116 332 057,00
22-Apr-2025;2,70;+0,02;+0,75%;2,71;2,68;2,78;3 641 486;9 903 813,00;--129 450 919,00
21-Apr-2025;2,68;0,00;0,00%;2,67;2,62;2,70;3 003 571;7 997 753,00;--139 354 732,00
17-Apr-2025;2,68;--0,02;--0,74%;2,72;2,63;2,75;2 883 468;7 726 566,00;--131 356 979,00
16-Apr-2025;2,70;+0,07;+2,66%;2,60;2,60;2,74;4 044 032;10 847 203,00;--123 630 413,00
15-Apr-2025;2,63;--0,09;--3,31%;2,75;2,60;2,76;2 677 016;7 142 845,00;--134 477 616,00
14-Apr-2025;2,72;+0,02;+0,74%;2,77;2,70;2,83;4 181 992;11 520 515,00;--127 334 771,00
11-Apr-2025;2,70;+0,17;+6,72%;2,56;2,52;2,72;3 869 466;10 179 307,00;--138 855 286,00
10-Apr-2025;2,53;--0,19;--6,99%;2,67;2,46;2,70;4 228 505;10 814 238,00;--149 034 593,00
09-Apr-2025;2,72;+0,38;+16,24%;2,35;2,34;2,75;7 694 605;19 736 564,00;--138 220 355,00
08-Apr-2025;2,34;--0,28;--10,69%;2,68;2,31;2,75;6 097 197;14 912 866,00;--157 956 919,00
07-Apr-2025;2,62;+0,06;+2,34%;2,42;2,40;2,69;4 762 543;12 213 214,00;--143 044 053,00
04-Apr-2025;2,56;--0,14;--5,19%;2,60;2,43;2,62;5 784 853;14 534 700,00;--155 257 267,00
03-Apr-2025;2,70;--0,06;--2,17%;2,62;2,61;2,81;4 260 048;11 589 612,00;--140 722 567,00
02-Apr-2025;2,76;0,00;0,00%;2,77;2,71;2,86;4 309 281;12 050 182,00;--129 132 955,00
01-Apr-2025;2,76;+0,05;+1,85%;2,71;2,66;2,79;3 435 631;9 427 066,00;--141 183 137,00
31-Mar-2025;2,71;+0,01;+0,37%;2,63;2,60;2,75;4 115 152;11 049 808,00;--150 610 203,00
28-Mar-2025;2,70;--0,17;--5,92%;2,82;2,69;2,84;4 198 924;11 471 376,00;--161 660 011,00
27-Mar-2025;2,87;+0,02;+0,70%;2,86;2,81;2,91;2 708 143;7 771 638,00;--150 188 635,00
26-Mar-2025;2,85;--0,09;--3,06%;2,94;2,82;2,96;3 172 834;9 109 589,00;--157 960 273,00
25-Mar-2025;2,94;--0,03;--1,01%;2,97;2,88;2,99;3 040 749;8 899 015,00;--148 850 684,00
24-Mar-2025;2,97;--0,04;--1,33%;3,05;2,96;3,10;3 838 976;11 539 010,00;--139 951 669,00
21-Mar-2025;3,01;+0,05;+1,69%;3,02;2,92;3,04;5 420 030;16 210 357,00;--128 412 659,00
20-Mar-2025;2,96;--0,07;--2,31%;2,98;2,95;3,07;2 707 350;8 106 063,00;--144 623 016,00
19-Mar-2025;3,03;0,00;0,00%;3,02;2,99;3,08;3 953 747;12 002 263,00;--136 516 953,00
18-Mar-2025;3,03;+0,01;+0,33%;3,01;2,97;3,07;3 985 979;12 089 521,00;--148 519 216,00
17-Mar-2025;3,02;+0,12;+4,14%;2,90;2,90;3,03;2 939 511;8 761 782,00;--160 608 737,00
14-Mar-2025;2,90;+0,11;+3,94%;2,83;2,81;2,92;2 704 402;7 770 412,00;--169 370 519,00
13-Mar-2025;2,79;--0,10;--3,46%;2,90;2,73;2,92;3 093 623;8 655 460,00;--177 140 931,00
12-Mar-2025;2,89;--0,05;--1,70%;2,96;2,88;3,00;4 412 190;12 918 824,00;--168 485 471,00
11-Mar-2025;2,94;+0,07;+2,44%;2,91;2,79;2,97;5 527 099;15 889 866,00;--155 566 647,00
10-Mar-2025;2,87;--0,22;--7,12%;3,04;2,82;3,07;5 839 928;17 100 467,00;--171 456 513,00
07-Mar-2025;3,09;+0,04;+1,31%;3,00;2,94;3,21;5 897 405;18 224 465,00;--154 356 046,00
06-Mar-2025;3,05;+0,21;+7,39%;2,86;2,85;3,16;10 443 200;31 793 959,00;--172 580 511,00
05-Mar-2025;2,84;+0,28;+10,94%;2,63;2,60;2,87;5 856 110;16 094 261,00;--204 374 470,00
04-Mar-2025;2,56;+0,04;+1,59%;2,50;2,38;2,64;6 321 074;15 794 069,00;--220 468 731,00
03-Mar-2025;2,52;--0,13;--4,91%;2,70;2,50;2,76;4 177 460;10 874 032,00;--236 262 800,00
28-Feb-2025;2,65;--0,09;--3,28%;2,71;2,62;2,72;4 281 583;11 422 061,00;--225 388 768,00
27-Feb-2025;2,74;--0,07;--2,49%;2,81;2,73;2,86;2 996 205;8 406 292,00;--213 966 707,00
26-Feb-2025;2,81;+0,05;+1,81%;2,84;2,80;2,92;3 843 266;10 998 087,00;--205 560 415,00
25-Feb-2025;2,76;--0,11;--3,83%;2,84;2,72;2,86;4 200 515;11 627 986,00;--216 558 502,00
24-Feb-2025;2,87;--0,09;--3,04%;2,95;2,80;2,96;4 572 882;13 116 573,00;--204 930 516,00
21-Feb-2025;2,96;--0,09;--2,95%;3,08;2,91;3,08;4 985 854;14 777 050,00;--191 813 943,00
20-Feb-2025;3,05;--0,03;--0,97%;3,05;2,99;3,10;2 952 357;8 944 657,00;--177 036 893,00
19-Feb-2025;3,08;+0,01;+0,33%;3,05;3,01;3,11;3 902 624;11 934 843,00;--168 092 236,00
18-Feb-2025;3,07;+0,07;+2,33%;3,03;3,01;3,13;5 001 143;15 339 743,00;--180 027 079,00
14-Feb-2025;3,00;--0,13;--4,15%;3,12;2,96;3,12;5 171 309;15 592 121,00;--195 366 822,00
13-Feb-2025;3,13;+0,10;+3,30%;3,07;3,04;3,15;3 776 747;11 705 024,00;--179 774 701,00
12-Feb-2025;3,03;+0,13;+4,48%;2,88;2,87;3,08;5 709 194;17 181 465,00;--191 479 725,00
11-Feb-2025;2,90;--0,07;--2,36%;2,92;2,83;2,94;4 837 350;13 955 492,00;--208 661 190,00
10-Feb-2025;2,97;--0,06;--1,98%;3,06;2,95;3,08;3 937 017;11 820 438,00;--194 705 698,00
07-Feb-2025;3,03;--0,04;--1,30%;3,06;3,00;3,10;3 170 766;9 668 838,00;--182 885 260,00
06-Feb-2025;3,07;--0,03;--0,97%;3,12;3,04;3,19;5 000 527;15 508 908,00;--173 216 422,00
05-Feb-2025;3,10;+0,04;+1,31%;3,07;3,04;3,12;3 194 408;9 845 220,00;--157 707 514,00
04-Feb-2025;3,06;+0,19;+6,62%;2,88;2,88;3,09;4 576 484;13 814 858,00;--167 552 734,00
03-Feb-2025;2,87;--0,13;--4,33%;2,88;2,82;2,95;4 874 413;14 054 902,00;--181 367 592,00
31-Jan-2025;3,00;--0,02;--0,66%;3,03;2,95;3,12;4 415 113;13 413 500,00;--167 312 690,00
30-Jan-2025;3,02;+0,05;+1,68%;3,02;2,99;3,11;3 892 464;11 859 144,00;--153 899 190,00
29-Jan-2025;2,97;--0,08;--2,62%;3,03;2,90;3,06;6 798 343;20 129 035,00;--165 758 334,00
28-Jan-2025;3,05;--0,02;--0,65%;3,05;2,98;3,08;3 798 260;11 514 908,00;--145 629 299,00
27-Jan-2025;3,07;--0,08;--2,54%;3,10;2,99;3,11;4 972 024;15 135 888,00;--134 114 391,00
24-Jan-2025;3,15;--0,03;--0,94%;3,17;3,13;3,32;6 735 157;21 692 897,00;--118 978 503,00
23-Jan-2025;3,18;+0,07;+2,25%;3,11;3,05;3,22;4 699 875;14 840 378,00;--97 285 606,00
22-Jan-2025;3,11;--0,09;--2,81%;3,22;3,08;3,26;4 734 476;14 983 550,00;--112 125 984,00
21-Jan-2025;3,20;--0,29;--8,31%;3,51;3,11;3,54;8 958 774;28 958 095,00;--97 142 434,00
17-Jan-2025;3,49;+0,05;+1,45%;3,42;3,42;3,54;4 968 978;17 256 466,00;--68 184 339,00
16-Jan-2025;3,44;+0,05;+1,47%;3,41;3,33;3,49;4 149 714;14 197 199,00;--85 440 805,00
15-Jan-2025;3,39;+0,11;+3,35%;3,33;3,27;3,43;5 047 606;16 972 632,00;--99 638 004,00
14-Jan-2025;3,28;+0,08;+2,50%;3,28;3,17;3,38;4 200 806;13 706 938,00;--116 610 636,00
13-Jan-2025;3,20;+0,06;+1,91%;3,10;3,04;3,21;4 246 689;13 280 673,00;--130 317 574,00
10-Jan-2025;3,14;--0,15;--4,56%;3,24;3,04;3,25;4 671 874;14 509 801,00;--143 598 247,00
08-Jan-2025;3,29;--0,14;--4,08%;3,35;3,21;3,39;4 401 095;14 453 041,00;--129 088 446,00
07-Jan-2025;3,43;+0,02;+0,59%;3,55;3,38;3,60;6 322 956;21 966 645,00;--114 635 405,00
06-Jan-2025;3,41;+0,24;+7,57%;3,23;3,23;3,50;7 098 879;24 099 861,00;--136 602 050,00
03-Jan-2025;3,17;+0,11;+3,59%;3,07;3,04;3,20;4 203 593;13 140 124,00;--160 701 911,00
02-Jan-2025;3,06;+0,09;+3,03%;3,00;3,00;3,17;4 023 183;12 388 137,00;--173 842 035,00
31-Dec-2024;2,97;--0,03;--1,00%;3,01;2,96;3,10;3 978 862;11 977 557,00;--186 230 172,00
30-Dec-2024;3,00;--0,09;--2,91%;3,01;2,92;3,05;4 481 618;13 372 415,00;--174 252 615,00
27-Dec-2024;3,09;--0,07;--2,22%;3,15;3,05;3,26;5 652 125;17 577 981,00;--160 880 200,00
26-Dec-2024;3,16;0,00;0,00%;3,16;3,08;3,19;3 186 075;9 998 071,00;--143 302 219,00
24-Dec-2024;3,16;--0,01;--0,32%;3,17;3,13;3,29;3 331 414;10 620 670,00;--133 304 148,00
23-Dec-2024;3,17;+0,20;+6,73%;3,01;2,97;3,23;8 092 869;25 337 195,00;--122 683 478,00
20-Dec-2024;2,97;+0,03;+1,02%;2,90;2,88;3,06;4 486 946;13 437 076,00;--148 020 673,00
19-Dec-2024;2,94;+0,01;+0,34%;2,99;2,90;3,06;4 418 396;13 031 247,00;--161 457 749,00
18-Dec-2024;2,93;--0,20;--6,39%;3,12;2,90;3,15;6 793 506;20 510 645,00;--174 488 996,00
17-Dec-2024;3,13;--0,11;--3,40%;3,21;3,11;3,25;4 237 490;13 381 421,00;--153 978 351,00
16-Dec-2024;3,24;--0,01;--0,31%;3,25;3,20;3,29;3 538 782;11 534 659,00;--140 596 930,00
13-Dec-2024;3,25;--0,07;--2,11%;3,30;3,16;3,32;3 992 539;12 912 421,00;--129 062 271,00
12-Dec-2024;3,32;--0,05;--1,48%;3,32;3,20;3,40;5 131 744;16 852 219,00;--116 149 850,00
11-Dec-2024;3,37;--0,21;--5,87%;3,61;3,36;3,63;4 977 425;17 093 485,00;--99 297 631,00
10-Dec-2024;3,58;--0,04;--1,10%;3,58;3,51;3,65;3 959 841;14 144 066,00;--82 204 146,00
09-Dec-2024;3,62;+0,14;+4,02%;3,59;3,56;3,76;5 645 222;20 580 177,00;--68 060 080,00
06-Dec-2024;3,48;--0,05;--1,42%;3,57;3,44;3,64;4 662 077;16 432 050,00;--88 640 257,00
05-Dec-2024;3,53;--0,14;--3,81%;3,69;3,50;3,72;6 299 642;22 471 859,00;--72 208 207,00
04-Dec-2024;3,67;--0,21;--5,41%;3,89;3,61;3,91;8 902 742;32 854 650,00;--49 736 348,00
03-Dec-2024;3,88;--0,07;--1,77%;3,95;3,87;4,01;3 883 065;15 242 643,00;--16 881 698,00
02-Dec-2024;3,95;--0,04;--1,00%;4,00;3,85;4,03;4 455 320;17 531 400,00;--1 639 055,00
29-Nov-2024;3,99;+0,04;+1,01%;3,98;3,96;4,16;4 551 841;18 475 444,00;15 892 345,00
27-Nov-2024;3,95;+0,05;+1,28%;3,91;3,91;4,10;5 287 575;21 130 870,00;--2 583 099,00
26-Nov-2024;3,90;--0,14;--3,47%;3,99;3,83;4,00;4 699 461;18 277 687,00;--23 713 969,00
25-Nov-2024;4,04;+0,07;+1,76%;4,03;3,91;4,15;5 851 968;23 461 733,00;--5 436 282,00
22-Nov-2024;3,97;+0,09;+2,32%;3,82;3,78;4,00;4 864 195;19 151 777,00;--28 898 015,00
21-Nov-2024;3,88;+0,23;+6,30%;3,66;3,65;3,94;6 410 539;24 585 052,00;--48 049 792,00
20-Nov-2024;3,65;--0,09;--2,41%;3,73;3,58;3,75;4 180 922;15 326 943,00;--72 634 844,00
19-Nov-2024;3,74;+0,12;+3,31%;3,60;3,56;3,81;5 279 888;19 692 809,00;--57 307 901,00
18-Nov-2024;3,62;--0,10;--2,69%;3,73;3,59;3,77;5 167 854;19 079 412,00;--77 000 710,00
15-Nov-2024;3,72;--0,15;--3,88%;3,91;3,61;3,94;8 528 309;31 604 036,00;--57 921 298,00
14-Nov-2024;3,87;--0,35;--8,29%;4,24;3,84;4,29;9 702 133;38 925 028,00;--26 317 262,00
13-Nov-2024;4,22;+0,13;+3,18%;4,20;4,18;4,50;13 585 775;58 624 138,00;12 607 766,00
12-Nov-2024;4,09;--0,14;--3,31%;4,22;4,05;4,45;10 686 424;44 983 996,00;--46 016 372,00
11-Nov-2024;4,23;+0,31;+7,91%;3,88;3,73;4,23;12 171 095;48 829 548,00;--1 032 376,00
08-Nov-2024;3,92;--0,17;--4,16%;4,06;3,76;4,06;9 666 354;37 410 641,00;--49 861 924,00
07-Nov-2024;4,09;+0,14;+3,54%;3,96;3,90;4,29;8 397 840;34 436 084,00;--12 451 283,00
06-Nov-2024;3,95;--0,22;--5,28%;4,00;3,75;4,12;13 588 910;53 053 693,00;--46 887 367,00
05-Nov-2024;4,17;--0,03;--0,71%;4,23;4,05;4,28;7 844 687;32 693 333,00;6 166 326,00
04-Nov-2024;4,20;--0,07;--1,64%;4,18;4,02;4,41;9 604 644;40 456 118,00;38 859 659,00
01-Nov-2024;4,27;+0,19;+4,66%;4,23;4,14;4,49;12 087 432;52 480 504,00;79 315 777,00
31-Oct-2024;4,08;--0,03;--0,73%;4,06;3,90;4,26;9 851 752;39 646 863,00;26 835 273,00
30-Oct-2024;4,11;--0,40;--8,87%;4,50;4,04;4,52;16 756 277;70 605 442,00;66 482 136,00
29-Oct-2024;4,51;+0,37;+8,94%;4,54;4,25;5,20;45 506 508;215 106 212,00;137 087 578,00
28-Oct-2024;4,14;+0,46;+12,50%;3,79;3,68;4,25;24 171 853;99 350 190,00;--78 018 634,00
25-Oct-2024;3,68;+0,27;+7,92%;3,45;3,43;3,72;14 797 119;53 581 839,00;--177 368 824,00
24-Oct-2024;3,41;+0,23;+7,23%;3,23;3,23;3,52;13 085 772;44 679 829,00;--230 950 663,00
23-Oct-2024;3,18;--0,15;--4,50%;3,29;3,10;3,32;10 173 901;32 447 804,00;--275 630 492,00
22-Oct-2024;3,33;+0,32;+10,63%;2,99;2,97;3,36;15 674 983;50 291 023,00;--243 182 688,00
21-Oct-2024;3,01;--0,13;--4,14%;3,12;2,89;3,14;13 062 322;38 703 932,00;--293 473 711,00
18-Oct-2024;3,14;--0,10;--3,09%;3,28;3,05;3,33;14 941 494;47 040 153,00;--254 769 779,00
17-Oct-2024;3,24;--0,05;--1,52%;3,58;3,08;3,66;32 086 716;106 753 726,00;--207 729 626,00
16-Oct-2024;3,29;+0,62;+23,22%;3,12;2,81;3,42;41 821 135;134 156 622,00;--100 975 900,00
15-Oct-2024;2,67;--0,14;--4,98%;2,80;2,66;2,82;4 468 723;12 088 291,00;--235 132 522,00
14-Oct-2024;2,81;--0,09;--3,10%;2,88;2,72;2,88;5 957 964;16 537 164,00;--223 044 231,00
11-Oct-2024;2,90;+0,23;+8,61%;2,67;2,67;2,94;7 554 809;21 500 994,00;--206 507 067,00
10-Oct-2024;2,67;--0,02;--0,74%;2,70;2,62;2,71;3 544 169;9 459 470,00;--228 008 061,00
09-Oct-2024;2,69;--0,02;--0,74%;2,80;2,67;2,82;6 534 922;17 830 770,00;--218 548 591,00
08-Oct-2024;2,71;--0,23;--7,82%;2,98;2,64;2,98;9 005 051;24 493 639,00;--200 717 821,00
07-Oct-2024;2,94;+0,24;+8,89%;2,86;2,78;3,07;12 999 764;38 286 231,00;--176 224 182,00
04-Oct-2024;2,70;+0,18;+7,14%;2,63;2,56;2,71;6 620 019;17 515 690,00;--214 510 413,00
03-Oct-2024;2,52;--0,07;--2,70%;2,57;2,47;2,58;3 468 772;8 680 493,00;--232 026 103,00
02-Oct-2024;2,59;+0,02;+0,78%;2,55;2,50;2,67;3 474 751;9 003 903,00;--223 345 610,00
01-Oct-2024;2,57;--0,13;--4,81%;2,70;2,53;2,76;3 926 880;10 224 747,00;--232 349 513,00
30-Sep-2024;2,70;+0,04;+1,50%;2,76;2,64;2,83;4 139 622;11 307 960,00;--222 124 766,00
27-Sep-2024;2,66;--0,06;--2,21%;2,75;2,63;2,81;4 070 100;11 009 786,00;--233 432 726,00
26-Sep-2024;2,72;+0,31;+12,86%;2,49;2,48;2,72;6 079 846;15 990 900,00;--222 422 940,00
25-Sep-2024;2,41;--0,05;--2,03%;2,46;2,41;2,49;2 656 414;6 498 372,00;--238 413 840,00
24-Sep-2024;2,46;+0,15;+6,49%;2,40;2,37;2,51;4 669 812;11 527 351,00;--231 915 468,00
23-Sep-2024;2,31;+0,02;+0,87%;2,33;2,28;2,38;2 642 401;6 165 305,00;--243 442 819,00
20-Sep-2024;2,29;--0,11;--4,58%;2,36;2,29;2,39;2 636 224;6 104 578,00;--249 608 124,00
19-Sep-2024;2,40;+0,06;+2,56%;2,43;2,36;2,48;3 110 656;7 547 272,00;--243 503 546,00
18-Sep-2024;2,34;--0,08;--3,31%;2,43;2,34;2,54;3 409 914;8 197 276,00;--251 050 818,00
17-Sep-2024;2,42;+0,04;+1,68%;2,41;2,36;2,47;2 517 060;6 084 365,00;--242 853 542,00
16-Sep-2024;2,38;--0,01;--0,42%;2,38;2,28;2,42;2 661 143;6 263 876,00;--248 937 907,00
13-Sep-2024;2,39;--0,08;--3,24%;2,50;2,35;2,52;3 156 921;7 633 343,00;--242 674 031,00
12-Sep-2024;2,47;+0,13;+5,56%;2,36;2,36;2,52;3 951 533;9 710 658,00;--235 040 688,00
11-Sep-2024;2,34;+0,13;+5,88%;2,44;2,31;2,52;5 412 025;12 893 406,00;--244 751 346,00
10-Sep-2024;2,21;+0,03;+1,38%;2,19;2,11;2,23;2 959 385;6 389 357,00;--257 644 752,00
09-Sep-2024;2,18;--0,06;--2,68%;2,25;2,18;2,30;1 932 362;4 313 604,00;--264 034 109,00
06-Sep-2024;2,24;--0,07;--3,03%;2,30;2,20;2,32;2 024 360;4 540 836,00;--259 720 505,00
05-Sep-2024;2,31;--0,05;--2,12%;2,38;2,31;2,39;1 566 827;3 679 277,00;--255 179 669,00
04-Sep-2024;2,36;+0,09;+3,96%;2,27;2,27;2,43;2 661 362;6 286 290,00;--251 500 392,00
03-Sep-2024;2,27;--0,18;--7,35%;2,42;2,24;2,43;4 526 170;10 367 873,00;--257 786 682,00
30-Aug-2024;2,45;--0,14;--5,41%;2,61;2,41;2,65;4 280 332;10 609 152,00;--247 418 809,00
29-Aug-2024;2,59;+0,05;+1,97%;2,59;2,54;2,66;2 005 883;5 215 681,00;--236 809 657,00
28-Aug-2024;2,54;--0,10;--3,79%;2,63;2,48;2,64;3 013 745;7 671 632,00;--242 025 338,00
27-Aug-2024;2,64;--0,12;--4,35%;2,74;2,63;2,74;1 905 530;5 075 213,00;--234 353 706,00
26-Aug-2024;2,76;+0,04;+1,47%;2,78;2,69;2,79;2 067 803;5 670 226,00;--229 278 493,00
23-Aug-2024;2,72;+0,08;+3,03%;2,68;2,67;2,84;3 534 665;9 732 798,00;--234 948 719,00
22-Aug-2024;2,64;--0,16;--5,71%;2,80;2,63;2,85;3 483 855;9 324 749,00;--244 681 517,00
21-Aug-2024;2,80;+0,28;+11,11%;2,57;2,54;2,82;5 610 155;15 440 392,00;--235 356 768,00
20-Aug-2024;2,52;--0,11;--4,18%;2,65;2,48;2,70;2 870 212;7 338 870,00;--250 797 160,00
19-Aug-2024;2,63;+0,06;+2,33%;2,62;2,57;2,69;4 064 614;10 737 872,00;--243 458 290,00
16-Aug-2024;2,57;+0,18;+7,53%;2,36;2,36;2,60;5 176 600;13 076 569,00;--254 196 162,00
15-Aug-2024;2,39;+0,18;+8,14%;2,25;2,24;2,43;3 620 064;8 561 246,00;--267 272 731,00
14-Aug-2024;2,21;--0,11;--4,74%;2,31;2,18;2,35;2 821 332;6 239 637,00;--275 833 977,00
13-Aug-2024;2,32;+0,19;+8,92%;2,14;2,14;2,34;3 263 472;7 473 651,00;--269 594 340,00
12-Aug-2024;2,13;--0,06;--2,74%;2,21;2,13;2,24;2 390 860;5 199 331,00;--277 067 991,00
09-Aug-2024;2,19;--0,09;--3,95%;2,30;2,19;2,31;1 996 572;4 425 788,00;--271 868 660,00
08-Aug-2024;2,28;+0,05;+2,24%;2,26;2,23;2,31;2 571 346;5 864 158,00;--267 442 872,00
07-Aug-2024;2,23;--0,06;--2,62%;2,37;2,22;2,39;2 444 437;5 622 213,00;--273 307 030,00
06-Aug-2024;2,29;--0,02;--0,87%;2,31;2,22;2,38;2 455 496;5 615 647,00;--267 684 817,00
05-Aug-2024;2,31;--0,09;--3,75%;2,13;2,02;2,31;4 220 722;9 431 901,00;--262 069 170,00
02-Aug-2024;2,40;--0,15;--5,88%;2,51;2,38;2,53;4 267 529;10 368 659,00;--252 637 269,00
01-Aug-2024;2,55;--0,16;--5,90%;2,72;2,54;2,77;3 409 389;8 906 997,00;--242 268 610,00
31-Jul-2024;2,71;+0,11;+4,23%;2,63;2,63;2,79;3 271 544;8 827 343,00;--233 361 613,00
30-Jul-2024;2,60;--0,11;--4,06%;2,68;2,57;2,74;2 992 635;7 853 911,00;--242 188 956,00
29-Jul-2024;2,71;--0,12;--4,24%;2,84;2,62;2,85;3 251 182;8 708 747,00;--234 335 045,00
26-Jul-2024;2,83;+0,10;+3,66%;2,80;2,72;2,83;2 912 050;8 094 592,00;--225 626 298,00
25-Jul-2024;2,73;+0,07;+2,63%;2,65;2,57;2,78;3 991 537;10 690 564,00;--233 720 890,00
24-Jul-2024;2,66;--0,17;--6,01%;2,81;2,65;2,84;2 828 121;7 694 139,00;--244 411 454,00
23-Jul-2024;2,83;--0,02;--0,70%;2,83;2,74;2,83;2 282 482;6 372 582,00;--236 717 315,00
22-Jul-2024;2,85;+0,01;+0,35%;2,88;2,68;2,92;4 444 067;12 342 197,00;--230 344 733,00
19-Jul-2024;2,84;--0,02;--0,70%;2,88;2,77;2,89;2 764 043;7 776 393,00;--242 686 930,00
18-Jul-2024;2,86;--0,18;--5,92%;3,04;2,83;3,07;4 285 837;12 617 956,00;--234 910 537,00
17-Jul-2024;3,04;--0,17;--5,30%;3,19;2,97;3,23;5 937 964;18 220 198,00;--222 292 581,00
16-Jul-2024;3,21;+0,31;+10,69%;2,96;2,91;3,27;8 986 427;28 153 716,00;--204 072 383,00
15-Jul-2024;2,90;+0,14;+5,07%;2,79;2,68;2,96;6 877 071;19 730 964,00;--232 226 099,00
12-Jul-2024;2,76;+0,05;+1,85%;2,73;2,69;2,80;5 219 145;14 333 514,00;--251 957 063,00
11-Jul-2024;2,71;+0,13;+5,04%;2,64;2,59;2,71;3 614 861;9 653 416,00;--266 290 577,00
10-Jul-2024;2,58;+0,04;+1,57%;2,55;2,53;2,61;2 982 075;7 673 381,00;--275 943 993,00
09-Jul-2024;2,54;--0,10;--3,79%;2,64;2,49;2,64;4 971 021;12 605 817,00;--283 617 374,00
08-Jul-2024;2,64;--0,01;--0,38%;2,67;2,62;2,72;2 720 111;7 239 614,00;--271 011 557,00
05-Jul-2024;2,65;--0,05;--1,85%;2,74;2,61;2,74;2 875 888;7 680 942,00;--263 771 943,00
03-Jul-2024;2,70;+0,17;+6,72%;2,56;2,55;2,73;3 184 920;8 463 553,00;--256 091 001,00
02-Jul-2024;2,53;--0,12;--4,53%;2,65;2,51;2,72;4 345 212;11 180 567,00;--264 554 554,00
01-Jul-2024;2,65;--0,03;--1,12%;2,68;2,63;2,77;2 753 332;7 361 568,00;--253 373 987,00
28-Jun-2024;2,68;--0,10;--3,60%;2,83;2,66;2,85;3 635 088;9 895 121,00;--246 012 419,00
27-Jun-2024;2,78;+0,07;+2,58%;2,71;2,64;2,82;5 259 101;14 383 581,00;--236 117 298,00
26-Jun-2024;2,71;+0,10;+3,83%;2,64;2,62;2,75;6 733 163;18 116 746,00;--250 500 879,00
25-Jun-2024;2,61;--0,15;--5,43%;2,75;2,61;2,76;4 895 442;12 985 440,00;--268 617 625,00
24-Jun-2024;2,76;--0,09;--3,16%;2,85;2,74;2,88;3 121 714;8 715 691,00;--255 632 185,00
21-Jun-2024;2,85;+0,01;+0,35%;2,85;2,76;2,93;5 373 163;15 287 875,00;--246 916 494,00
20-Jun-2024;2,84;+0,03;+1,07%;2,80;2,71;2,89;5 119 781;14 366 289,00;--262 204 369,00
18-Jun-2024;2,81;+0,01;+0,36%;2,80;2,75;2,84;3 332 382;9 301 931,00;--276 570 658,00
17-Jun-2024;2,80;+0,02;+0,72%;2,78;2,73;2,83;3 960 617;11 036 671,00;--285 872 589,00
14-Jun-2024;2,78;--0,15;--5,12%;2,92;2,76;2,93;5 496 597;15 417 889,00;--296 909 260,00
13-Jun-2024;2,93;--0,06;--2,01%;3,00;2,90;3,01;3 114 900;9 121 060,00;--281 491 371,00
12-Jun-2024;2,99;+0,01;+0,34%;3,08;2,97;3,12;4 558 826;13 891 193,00;--272 370 311,00
11-Jun-2024;2,98;--0,09;--2,93%;3,01;2,91;3,04;4 051 803;11 995 734,00;--286 261 504,00
10-Jun-2024;3,07;+0,03;+0,99%;3,05;2,99;3,10;3 071 120;9 375 121,00;--274 265 770,00
07-Jun-2024;3,04;--0,06;--1,94%;3,01;2,98;3,10;5 187 559;15 683 652,00;--283 640 891,00
06-Jun-2024;3,10;--0,07;--2,21%;3,12;3,06;3,20;4 600 327;14 298 444,00;--267 957 239,00
05-Jun-2024;3,17;--0,01;--0,31%;3,18;3,12;3,25;4 611 574;14 620 854,00;--253 658 795,00
04-Jun-2024;3,18;--0,11;--3,34%;3,29;3,14;3,29;4 334 628;13 838 412,00;--239 037 941,00
03-Jun-2024;3,29;--0,10;--2,95%;3,40;3,25;3,44;4 870 490;13 471 807,00;--225 199 529,00
31-May-2024;3,39;+0,03;+0,89%;3,38;3,31;3,46;3 049 465;10 293 144,00;--211 727 722,00
30-May-2024;3,36;+0,01;+0,30%;3,36;3,31;3,47;5 335 085;18 031 785,00;--222 020 866,00
29-May-2024;3,35;--0,28;--7,71%;3,61;3,30;3,63;10 457 728;35 295 432,00;--240 052 651,00
28-May-2024;3,63;--0,28;--7,16%;3,74;3,61;3,91;7 627 192;28 330 874,00;--204 757 219,00
24-May-2024;3,91;+0,11;+2,89%;3,83;3,80;3,91;3 941 696;15 195 612,00;--176 426 345,00
23-May-2024;3,80;--0,25;--6,17%;4,06;3,68;4,06;17 387 269;66 464 140,00;--191 621 957,00
22-May-2024;4,05;--0,20;--4,71%;4,23;4,03;4,24;6 326 802;25 875 868,00;--125 157 817,00
21-May-2024;4,25;--0,12;--2,75%;4,37;4,23;4,41;4 707 936;20 243 830,00;--99 281 949,00
20-May-2024;4,37;--0,10;--2,24%;4,48;4,31;4,48;4 507 611;19 689 811,00;--79 038 119,00
17-May-2024;4,47;+0,04;+0,90%;4,43;4,38;4,52;4 411 915;19 766 408,00;--59 348 308,00
16-May-2024;4,43;+0,04;+0,91%;4,41;4,36;4,47;3 098 979;13 693 266,00;--79 114 716,00
15-May-2024;4,39;--0,18;--3,94%;4,64;4,36;4,66;5 549 177;24 641 037,00;--92 807 982,00
14-May-2024;4,57;+0,17;+3,86%;4,46;4,46;4,62;5 710 114;25 946 710,00;--68 166 945,00
13-May-2024;4,40;+0,04;+0,92%;4,43;4,40;4,65;5 325 353;23 917 154,00;--94 113 655,00
10-May-2024;4,36;--0,09;--2,02%;4,50;4,36;4,53;3 080 633;13 579 544,00;--118 030 809,00
09-May-2024;4,45;+0,13;+3,01%;4,35;4,34;4,51;3 680 131;16 367 871,00;--104 451 265,00
08-May-2024;4,32;--0,22;--4,85%;4,45;4,31;4,46;3 946 916;17 199 488,00;--120 819 136,00
07-May-2024;4,54;+0,10;+2,25%;4,44;4,41;4,57;4 108 498;18 591 426,00;--103 619 648,00
06-May-2024;4,44;--0,05;--1,11%;4,41;4,39;4,62;5 228 789;23 356 637,00;--122 211 074,00
03-May-2024;4,49;0,00;0,00%;4,55;4,45;4,62;2 878 366;12 947 464,00;--98 854 437,00
02-May-2024;4,49;+0,14;+3,22%;4,39;4,30;4,54;4 144 680;18 412 058,00;--111 801 901,00
01-May-2024;4,35;--0,06;--1,36%;4,41;4,26;4,52;5 635 508;24 484 061,00;--130 213 959,00
30-Apr-2024;4,41;--0,16;--3,50%;4,51;4,38;4,54;6 314 104;27 998 217,00;--105 729 898,00
29-Apr-2024;4,57;--0,05;--1,08%;4,70;4,49;4,72;4 567 680;20 800 113,00;--77 731 681,00
26-Apr-2024;4,62;+0,20;+4,52%;4,43;4,40;4,71;5 356 235;24 686 652,00;--56 931 568,00
25-Apr-2024;4,42;--0,07;--1,56%;4,45;4,40;4,49;4 393 580;19 457 227,00;--81 618 220,00
24-Apr-2024;4,49;--0,19;--4,06%;4,70;4,43;4,75;8 630 168;39 357 714,00;--62 160 993,00
23-Apr-2024;4,68;--0,07;--1,47%;4,77;4,67;4,80;5 592 192;26 324 205,00;--22 803 279,00
22-Apr-2024;4,75;+0,02;+0,42%;4,65;4,65;4,89;7 062 224;33 726 945,00;3 520 926,00
19-Apr-2024;4,73;+0,07;+1,50%;4,71;4,67;4,90;8 848 897;42 127 911,00;--30 206 019,00
18-Apr-2024;4,66;--1,97;--29,71%;4,84;4,64;4,90;32 100 176;153 509 388,00;--72 333 930,00
17-Apr-2024;6,63;+0,14;+2,16%;6,53;6,53;6,82;2 171 403;14 131 941,00;81 175 458,00
16-Apr-2024;6,49;--0,32;--4,70%;6,62;6,37;6,68;2 550 684;16 587 374,00;67 043 517,00
15-Apr-2024;6,81;--0,27;--3,81%;7,06;6,68;7,40;3 498 263;24 352 432,00;83 630 891,00
12-Apr-2024;7,08;--0,26;--3,54%;7,34;7,05;7,71;3 309 709;24 312 482,00;107 983 323,00
11-Apr-2024;7,34;+0,15;+2,09%;7,19;7,05;7,35;3 135 483;22 749 326,00;132 295 805,00
10-Apr-2024;7,19;+0,23;+3,30%;6,86;6,68;7,21;2 929 374;20 531 995,00;109 546 479,00
09-Apr-2024;6,96;+0,28;+4,19%;6,70;6,67;6,97;2 302 003;15 711 462,00;89 014 484,00
08-Apr-2024;6,68;--0,14;--2,05%;6,81;6,64;6,97;2 371 449;15 983 624,00;73 303 022,00
05-Apr-2024;6,82;+0,10;+1,49%;6,70;6,53;7,02;3 057 121;20 871 646,00;89 286 646,00
04-Apr-2024;6,72;--0,37;--5,22%;7,22;6,71;7,38;4 767 491;33 762 889,00;68 415 000,00
03-Apr-2024;7,09;+0,04;+0,57%;6,87;6,80;7,15;3 519 294;24 603 470,00;102 177 889,00
02-Apr-2024;7,05;+0,03;+0,43%;6,83;6,67;7,07;3 271 501;22 600 411,00;77 574 419,00
01-Apr-2024;7,02;+0,30;+4,46%;6,80;6,78;7,25;4 461 590;31 436 317,00;54 974 008,00
28-Mar-2024;6,72;--0,02;--0,30%;6,74;6,59;6,85;2 152 480;14 511 515,00;23 537 691,00
27-Mar-2024;6,74;+0,12;+1,81%;6,62;6,51;6,83;2 486 889;16 607 281,00;38 049 206,00
26-Mar-2024;6,62;--0,24;--3,50%;6,93;6,43;6,96;4 240 230;28 162 062,00;21 441 925,00
25-Mar-2024;6,86;--0,07;--1,01%;7,07;6,84;7,41;5 910 275;42 055 591,00;49 603 987,00
22-Mar-2024;6,93;+0,52;+8,11%;6,45;6,33;7,12;7 586 919;52 138 999,00;91 659 578,00
21-Mar-2024;6,41;+0,42;+7,01%;6,17;5,99;6,54;4 465 085;28 210 799,00;39 520 579,00
20-Mar-2024;5,99;+0,43;+7,73%;5,61;5,43;6,08;3 830 744;22 093 901,00;11 309 780,00
19-Mar-2024;5,56;--0,17;--2,97%;5,65;5,43;5,73;3 815 248;21 340 253,00;--10 784 121,00
18-Mar-2024;5,73;--0,74;--11,44%;6,56;5,67;6,58;7 348 181;43 591 615,00;10 556 132,00
15-Mar-2024;6,47;+0,48;+8,01%;6,48;6,09;6,76;12 608 438;81 598 836,00;54 147 747,00
14-Mar-2024;5,99;+0,26;+4,54%;6,83;5,90;7,65;21 496 564;141 604 909,00;--27 451 089,00
13-Mar-2024;5,73;+0,10;+1,78%;5,59;5,48;5,78;3 385 932;19 357 993,00;--169 055 998,00
12-Mar-2024;5,63;--0,20;--3,43%;5,84;5,51;5,91;2 504 993;14 102 358,00;--188 413 991,00
11-Mar-2024;5,83;+0,51;+9,59%;5,45;5,43;5,93;4 528 255;25 922 641,00;--174 311 633,00
08-Mar-2024;5,32;--0,02;--0,37%;5,40;5,29;5,57;1 693 964;9 116 943,00;--200 234 274,00
07-Mar-2024;5,34;--0,02;--0,37%;5,50;5,29;5,57;2 438 105;13 144 550,00;--191 117 331,00
06-Mar-2024;5,36;+0,40;+8,06%;5,04;5,00;5,41;2 894 285;15 345 018,00;--177 972 781,00
05-Mar-2024;4,96;--0,47;--8,66%;5,16;4,89;5,18;3 205 791;16 118 158,00;--193 317 799,00
04-Mar-2024;5,43;--0,22;--3,89%;5,68;5,35;5,68;3 597 176;19 637 793,00;--177 199 641,00
01-Mar-2024;5,65;+0,17;+3,10%;5,71;5,33;5,80;5 824 982;32 713 814,00;--157 561 848,00
29-Feb-2024;5,48;+0,72;+15,13%;4,90;4,89;5,49;6 544 053;34 854 404,00;--190 275 662,00
28-Feb-2024;4,76;+0,15;+3,25%;4,63;4,52;4,86;4 144 969;19 677 581,00;--225 130 066,00
27-Feb-2024;4,61;+0,20;+4,54%;4,44;4,44;4,64;3 084 842;14 050 424,00;--244 807 647,00
26-Feb-2024;4,41;+0,11;+2,56%;4,33;4,17;4,44;2 198 363;9 563 064,00;--258 858 071,00
23-Feb-2024;4,30;+0,09;+2,14%;4,28;4,10;4,35;1 901 528;8 062 840,00;--268 421 135,00
22-Feb-2024;4,21;--0,12;--2,77%;4,35;4,19;4,37;1 701 389;7 230 170,00;--276 483 975,00
21-Feb-2024;4,33;+0,03;+0,70%;4,32;4,23;4,40;1 674 407;7 183 089,00;--269 253 805,00
20-Feb-2024;4,30;--0,30;--6,52%;4,59;4,23;4,60;2 632 097;11 387 780,00;--276 436 894,00
16-Feb-2024;4,60;+0,05;+1,10%;4,55;4,47;4,73;2 832 071;13 098 086,00;--265 049 114,00
15-Feb-2024;4,55;+0,03;+0,66%;4,57;4,34;4,64;2 396 960;10 787 451,00;--278 147 200,00
14-Feb-2024;4,52;+0,35;+8,39%;4,25;4,22;4,53;2 477 119;10 867 563,00;--288 934 651,00
13-Feb-2024;4,17;--0,36;--7,95%;4,41;4,08;4,43;3 478 107;14 555 729,00;--299 802 214,00
12-Feb-2024;4,53;+0,30;+7,09%;4,22;4,22;4,59;4 830 865;21 678 066,00;--285 246 485,00
09-Feb-2024;4,23;+0,11;+2,67%;4,14;4,07;4,23;1 953 450;8 146 896,00;--306 924 551,00
08-Feb-2024;4,12;+0,05;+1,23%;4,07;3,95;4,20;1 636 222;6 718 352,00;--315 071 447,00
07-Feb-2024;4,07;--0,02;--0,49%;4,11;4,00;4,15;1 496 703;6 091 767,00;--321 789 799,00
06-Feb-2024;4,09;+0,26;+6,79%;3,84;3,84;4,12;3 486 598;13 996 118,00;--315 698 032,00
05-Feb-2024;3,83;--0,38;--9,03%;4,09;3,81;4,11;4 183 545;16 288 422,00;--329 694 150,00
02-Feb-2024;4,21;--0,14;--3,22%;4,26;4,11;4,28;2 490 479;10 376 815,00;--313 405 728,00
01-Feb-2024;4,35;--0,01;--0,23%;4,41;4,23;4,46;2 213 384;9 555 059,00;--303 028 913,00
31-Jan-2024;4,36;--0,16;--3,54%;4,51;4,36;4,58;2 838 669;12 669 147,00;--293 473 854,00
30-Jan-2024;4,52;--0,19;--4,03%;4,74;4,47;4,75;2 033 825;9 223 621,00;--280 804 707,00
29-Jan-2024;4,71;+0,10;+2,17%;4,64;4,44;4,71;2 037 337;9 367 386,00;--271 581 086,00
26-Jan-2024;4,61;--0,01;--0,22%;4,62;4,55;4,75;1 953 460;9 020 293,00;--280 948 472,00
25-Jan-2024;4,62;--0,11;--2,33%;4,76;4,55;4,78;1 953 699;9 022 597,00;--271 928 179,00
24-Jan-2024;4,73;+0,18;+3,96%;4,71;4,69;4,98;3 876 876;18 760 339,00;--262 905 582,00
23-Jan-2024;4,55;--0,06;--1,30%;4,75;4,55;4,86;2 050 143;9 509 980,00;--281 665 921,00
22-Jan-2024;4,61;+0,07;+1,54%;4,41;4,33;4,71;2 188 331;9 927 621,00;--272 155 941,00
19-Jan-2024;4,54;--0,33;--6,78%;4,83;4,27;4,84;4 108 964;18 499 508,00;--282 083 562,00
18-Jan-2024;4,87;--0,16;--3,18%;5,12;4,82;5,15;2 036 324;9 997 004,00;--263 584 054,00
17-Jan-2024;5,03;--0,18;--3,45%;5,12;4,94;5,12;2 690 415;13 486 623,00;--253 587 050,00
16-Jan-2024;5,21;--0,31;--5,62%;5,47;5,17;5,49;2 818 517;14 846 761,00;--240 100 427,00
12-Jan-2024;5,52;+0,13;+2,41%;5,43;5,43;5,63;2 023 676;11 222 753,00;--225 253 666,00
11-Jan-2024;5,39;--0,48;--8,18%;5,85;5,37;5,85;4 570 625;25 097 268,00;--236 476 419,00
10-Jan-2024;5,87;--0,11;--1,84%;5,96;5,81;5,99;2 059 226;12 122 613,00;--211 379 151,00
09-Jan-2024;5,98;--0,13;--2,13%;6,06;5,95;6,09;1 563 418;9 372 258,00;--199 256 538,00
08-Jan-2024;6,11;+0,04;+0,66%;6,05;5,95;6,15;1 639 003;9 916 615,00;--189 884 280,00
05-Jan-2024;6,07;--0,03;--0,49%;6,06;5,97;6,13;1 875 771;11 328 655,00;--199 800 895,00
04-Jan-2024;6,10;--0,06;--0,97%;6,13;6,06;6,20;1 419 353;8 679 779,00;--188 472 240,00
03-Jan-2024;6,16;--0,17;--2,69%;6,18;6,05;6,23;2 458 634;15 096 150,00;--179 792 461,00
02-Jan-2024;6,33;--0,07;--1,09%;6,36;6,30;6,51;1 733 631;11 113 030,00;--164 696 311,00
29-Dec-2023;6,40;--0,20;--3,03%;6,56;6,35;6,58;2 786 844;17 925 780,00;--153 583 281,00
28-Dec-2023;6,60;--0,18;--2,65%;6,77;6,53;6,87;4 373 239;29 019 897,00;--135 657 501,00
27-Dec-2023;6,78;+0,08;+1,19%;6,82;6,65;6,96;3 209 992;21 733 110,00;--106 637 604,00
26-Dec-2023;6,70;+0,20;+3,08%;6,53;6,53;6,88;2 803 465;18 922 528,00;--128 370 714,00
22-Dec-2023;6,50;+0,02;+0,31%;6,37;6,37;6,62;2 972 982;19 318 760,00;--147 293 242,00
21-Dec-2023;6,48;+0,31;+5,02%;6,33;6,30;6,62;2 657 307;17 179 968,00;--166 612 002,00
20-Dec-2023;6,17;--0,53;--7,91%;6,61;6,17;6,64;4 166 735;26 608 117,00;--183 791 970,00
19-Dec-2023;6,70;+0,21;+3,24%;6,61;6,58;6,77;2 135 803;14 310 267,00;--157 183 853,00
18-Dec-2023;6,49;--0,24;--3,57%;6,80;6,46;6,84;2 643 592;17 339 956,00;--171 494 120,00
15-Dec-2023;6,73;+0,13;+1,97%;6,74;6,70;7,13;5 102 133;34 968 249,00;--154 154 164,00
14-Dec-2023;6,60;+0,16;+2,48%;6,63;6,41;6,76;3 779 635;25 004 078,00;--189 122 413,00
13-Dec-2023;6,44;+0,61;+10,46%;5,86;5,80;6,44;4 466 433;27 562 051,00;--214 126 491,00
12-Dec-2023;5,83;--0,25;--4,11%;6,11;5,81;6,11;3 245 660;19 182 940,00;--241 688 542,00
11-Dec-2023;6,08;--0,55;--8,30%;6,50;6,04;6,56;5 014 427;30 821 948,00;--222 505 602,00
08-Dec-2023;6,63;+0,22;+3,43%;6,56;6,54;6,75;3 714 295;24 651 947,00;--191 683 654,00
07-Dec-2023;6,41;--0,01;--0,16%;6,45;6,28;6,57;2 058 961;13 200 133,00;--216 335 601,00
06-Dec-2023;6,42;+0,21;+3,38%;6,30;6,25;6,65;4 016 775;25 967 614,00;--203 135 468,00
05-Dec-2023;6,21;--0,23;--3,57%;6,34;6,20;6,50;3 048 526;19 268 186,00;--229 103 082,00
04-Dec-2023;6,44;--0,08;--1,23%;6,47;6,36;6,53;1 568 785;10 090 991,00;--209 834 896,00
01-Dec-2023;6,52;+0,07;+1,09%;6,44;6,33;6,69;2 513 905;16 447 060,00;--199 743 905,00
30-Nov-2023;6,45;--0,15;--2,27%;6,65;6,35;6,69;2 174 850;14 074 967,00;--216 190 965,00
29-Nov-2023;6,60;+0,09;+1,38%;6,58;6,49;6,74;2 156 282;14 224 121,00;--202 115 998,00
28-Nov-2023;6,51;--0,14;--2,11%;6,65;6,44;6,79;2 551 017;16 826 627,00;--216 340 119,00
27-Nov-2023;6,65;--0,43;--6,07%;6,99;6,59;7,00;2 472 038;16 553 962,00;--199 513 492,00
24-Nov-2023;7,08;+0,09;+1,29%;6,99;6,99;7,21;763 576;5 419 657,00;--182 959 530,00
22-Nov-2023;6,99;--0,07;--0,99%;7,08;6,82;7,16;1 618 155;11 238 093,00;--188 379 187,00
21-Nov-2023;7,06;--0,20;--2,75%;7,36;6,98;7,36;1 257 248;8 924 474,00;--177 141 094,00
20-Nov-2023;7,26;+0,05;+0,69%;7,26;7,21;7,46;1 452 926;10 659 703,00;--168 216 620,00
17-Nov-2023;7,21;+0,26;+3,74%;7,00;6,87;7,31;1 354 073;9 686 771,00;--178 876 323,00
16-Nov-2023;6,95;--0,59;--7,82%;7,60;6,91;7,60;2 000 301;14 142 217,00;--188 563 094,00
15-Nov-2023;7,54;+0,07;+0,94%;7,52;7,37;7,86;1 963 722;14 992 171,00;--174 420 877,00
14-Nov-2023;7,47;+0,29;+4,04%;7,40;7,24;7,55;1 846 449;13 784 246,00;--189 413 048,00
13-Nov-2023;7,18;--0,19;--2,58%;7,31;6,92;7,31;2 164 091;15 393 263,00;--203 197 294,00
10-Nov-2023;7,37;+0,27;+3,80%;7,12;7,00;7,40;1 337 433;9 665 804,00;--187 804 031,00
09-Nov-2023;7,10;--0,40;--5,33%;7,53;7,07;7,53;2 005 608;14 556 447,00;--197 469 835,00
08-Nov-2023;7,50;+0,25;+3,45%;7,33;7,18;7,54;1 687 973;12 555 280,00;--182 913 388,00
07-Nov-2023;7,25;+0,09;+1,26%;7,05;6,97;7,40;1 171 240;8 485 718,00;--195 468 668,00
06-Nov-2023;7,16;--0,20;--2,72%;7,55;7,07;7,57;1 498 936;10 823 115,00;--203 954 386,00
03-Nov-2023;7,36;+0,32;+4,55%;7,15;7,08;7,49;1 857 656;13 691 513,00;--193 131 271,00
02-Nov-2023;7,04;+0,44;+6,67%;6,66;6,61;7,04;2 194 903;15 079 920,00;--206 822 784,00
01-Nov-2023;6,60;--0,10;--1,49%;6,60;6,41;6,68;1 805 289;11 825 956,00;--221 902 704,00
31-Oct-2023;6,70;--0,01;--0,15%;6,59;6,56;6,89;1 305 367;8 789 132,00;--210 076 748,00
30-Oct-2023;6,71;--0,14;--2,04%;6,95;6,66;7,06;2 005 443;13 632 686,00;--201 287 616,00
27-Oct-2023;6,85;+0,09;+1,33%;6,90;6,82;7,15;1 978 509;13 816 645,00;--187 654 930,00
26-Oct-2023;6,76;--0,07;--1,02%;6,78;6,72;6,96;2 513 791;17 185 110,00;--201 471 575,00
25-Oct-2023;6,83;+0,09;+1,34%;6,74;6,70;7,10;2 176 400;14 994 817,00;--184 286 465,00
24-Oct-2023;6,74;+0,19;+2,90%;6,53;6,51;6,83;3 003 539;20 126 564,00;--199 281 282,00
23-Oct-2023;6,55;--0,41;--5,89%;6,80;6,32;6,85;4 117 334;26 910 112,00;--219 407 846,00
20-Oct-2023;6,96;--0,16;--2,25%;7,05;6,69;7,13;2 570 552;17 742 125,00;--192 497 734,00
19-Oct-2023;7,12;--1,04;--12,75%;8,06;7,02;8,07;3 705 191;27 829 304,00;--174 755 609,00
18-Oct-2023;8,16;--0,94;--10,33%;8,86;8,12;8,97;3 720 561;31 081 245,00;--146 926 305,00
17-Oct-2023;9,10;--0,23;--2,47%;9,02;8,92;9,32;2 463 379;22 561 011,00;--115 845 060,00
16-Oct-2023;9,33;+0,65;+7,49%;8,79;8,50;9,34;3 631 984;32 995 435,00;--93 284 049,00
13-Oct-2023;8,68;--0,90;--9,39%;9,50;8,57;9,57;3 874 985;34 018 218,00;--126 279 484,00
12-Oct-2023;9,58;--0,28;--2,84%;9,91;9,45;10,00;3 211 957;30 869 451,00;--92 261 266,00
11-Oct-2023;9,86;--0,84;--7,85%;10,57;9,60;10,58;4 838 195;47 866 919,00;--61 391 815,00
10-Oct-2023;10,70;--0,37;--3,34%;11,09;10,55;11,19;3 703 767;39 713 201,00;--13 524 896,00
09-Oct-2023;11,07;--0,42;--3,66%;11,50;10,12;11,50;4 076 908;44 099 031,00;26 188 305,00
06-Oct-2023;11,49;+0,59;+5,41%;10,81;10,56;11,79;5 552 659;63 515 675,00;70 287 336,00
05-Oct-2023;10,90;--0,82;--7,00%;11,91;10,04;12,38;6 763 367;73 554 326,00;6 771 661,00
04-Oct-2023;11,72;+2,05;+21,20%;10,50;10,08;11,80;7 121 990;80 333 980,00;80 325 987,00
03-Oct-2023;9,67;--0,46;--4,54%;10,00;9,57;10,00;806;7 993,00;--7 993,00
02-Oct-2023;10,13;0,00;0,00%;8,79;8,06;10,14;4 278;38 082,00;0,00