Date,Price_Nickel,Price_LME,Price_ETF,Net,%Chg,Open,Low,High
2016-12-30,4.5196,10020.0,20.82,,,,,
2017-01-02,4.5196,9965.0,20.82,,,,,
2017-01-03,4.6266,9910.0,20.82,,,,,
2017-01-04,4.5223,10220.0,20.82,,,,,
2017-01-05,4.638,10295.0,20.82,,,,,
2017-01-06,4.6176,10245.0,20.82,,,,,
2017-01-09,4.6448,10390.0,20.82,,,,,
2017-01-10,4.731,10615.0,20.82,,,,,
2017-01-11,4.7355,10180.0,20.82,,,,,
2017-01-12,4.5132,10275.0,20.82,,,,,
2017-01-13,4.5858,10450.0,20.82,,,,,
2017-01-16,4.6402,10260.0,20.82,,,,,
2017-01-17,4.613,10160.0,20.82,,,,,
2017-01-18,4.6062,10175.0,20.82,,,,,
2017-01-19,4.5495,9925.0,20.82,,,,,
2017-01-20,4.4135,9700.0,20.82,,,,,
2017-01-23,4.4293,9710.0,20.82,,,,,
2017-01-24,4.4271,9800.0,20.82,,,,,
2017-01-25,4.3681,9700.0,20.82,,,,,
2017-01-26,4.3363,9410.0,20.82,,,,,
2017-01-27,4.2524,9475.0,20.82,,,,,
2017-01-30,4.3046,9680.0,20.82,,,,,
2017-01-31,4.4815,9955.0,20.82,,,,,
2017-02-01,4.545,10250.0,20.82,,,,,
2017-02-02,4.6969,10395.0,20.82,,,,,
2017-02-03,4.604,10225.0,20.82,,,,,
2017-02-06,4.6856,10450.0,20.82,,,,,
2017-02-07,4.7083,10355.0,20.82,,,,,
2017-02-08,4.7332,10495.0,20.82,,,,,
2017-02-09,4.706,10280.0,20.82,,,,,
2017-02-10,4.731,10660.0,20.82,,,,,
2017-02-13,4.8398,10730.0,20.82,,,,,
2017-02-14,4.9079,10770.0,20.82,,,,,
2017-02-15,4.8557,10930.0,20.82,,,,,
2017-02-16,4.9305,11070.0,20.82,,,,,
2017-02-17,4.9328,11050.0,20.82,,,,,
2017-02-20,5.0077,11150.0,20.82,,,,,
2017-02-21,4.9963,10855.0,20.82,,,,,
2017-02-22,4.8557,10810.0,20.82,,,,,
2017-02-23,4.8217,10580.0,20.82,,,,,
2017-02-24,4.8421,10860.0,20.82,,,,,
2017-02-27,4.9396,11045.0,20.82,,,,,
2017-02-28,4.9283,10980.0,20.82,,,,,
2017-03-01,4.9804,11030.0,20.82,,,,,
2017-03-02,4.9419,10780.0,20.82,,,,,
2017-03-03,4.9351,10990.0,20.82,,,,,
2017-03-06,4.9396,11095.0,20.82,,,,,
2017-03-07,4.951,10645.0,20.82,,,,,
2017-03-08,4.7695,10200.0,20.82,,,,,
2017-03-09,4.5586,10150.0,20.82,,,,,
2017-03-10,4.545,9895.0,20.82,,,,,
2017-03-13,4.5994,10170.0,20.82,,,,,
2017-03-14,4.5745,10230.0,20.82,,,,,
2017-03-15,4.6176,10205.0,20.82,,,,,
2017-03-16,4.6584,10220.0,20.82,,,,,
2017-03-17,4.6221,10260.0,20.82,,,,,
2017-03-20,4.5609,10165.0,20.82,,,,,
2017-03-21,4.5813,10160.0,20.82,,,,,
2017-03-22,4.511,10020.0,20.82,,,,,
2017-03-23,4.4951,10030.0,20.82,,,,,
2017-03-24,4.4951,9870.0,20.82,,,,,
2017-03-27,4.4021,9770.0,20.82,,,,,
2017-03-28,4.4157,9995.0,20.82,,,,,
2017-03-29,4.4951,10045.0,20.82,,,,,
2017-03-30,4.5042,10135.0,20.82,,,,,
2017-03-31,4.477,10025.0,20.82,,,,,
2017-04-03,4.5178,9850.0,20.82,,,,,
2017-04-04,4.4724,9980.0,20.82,,,,,
2017-04-05,4.6085,10295.0,20.82,,,,,
2017-04-06,4.6788,10080.0,20.82,,,,,
2017-04-07,4.511,10180.0,20.82,,,,,
2017-04-10,4.5767,10180.0,20.82,,,,,
2017-04-11,4.5541,9840.0,20.82,,,,,
2017-04-12,4.3998,9735.0,20.82,,,,,
2017-04-13,4.3953,9750.0,20.82,,,,,
2017-04-14,4.3977,9603.333333333334,20.82,,,,,
2017-04-17,4.3977,9456.666666666666,20.82,,,,,
2017-04-18,4.325,9310.0,20.82,,,,,
2017-04-19,4.2864,9340.0,20.82,,,,,
2017-04-20,4.2502,9480.0,20.82,,,,,
2017-04-21,4.2592,9345.0,20.82,,,,,
2017-04-24,4.2025,9260.0,20.82,,,,,
2017-04-25,4.1867,9320.0,20.82,,,,,
2017-04-26,4.1957,9230.0,20.82,,,,,
2017-04-27,4.1594,9335.0,20.82,,,,,
2017-04-28,4.3001,9450.0,20.82,,,,,
2017-05-01,4.2656,9482.5,20.82,,,,,
2017-05-02,4.3001,9515.0,20.82,,,,,
2017-05-03,4.2071,9230.0,20.82,,,,,
2017-05-04,4.0823,9015.0,20.82,,,,,
2017-05-05,4.0506,9140.0,20.82,,,,,
2017-05-08,4.1118,9145.0,20.82,,,,,
2017-05-09,4.1662,9215.0,20.82,,,,,
2017-05-10,4.1685,9120.0,20.82,,,,,
2017-05-11,4.2479,9315.0,20.82,,,,,
2017-05-12,4.2275,9315.0,20.82,,,,,
2017-05-15,4.2207,9235.0,20.82,,,,,
2017-05-16,4.0869,9120.0,20.82,,,,,
2017-05-17,4.1549,9215.0,20.82,,,,,
2017-05-18,4.0823,9175.0,20.82,,,,,
2017-05-19,4.1617,9360.0,20.82,,,,,
2017-05-22,4.2479,9395.0,20.82,,,,,
2017-05-23,4.2116,9345.0,20.82,,,,,
2017-05-24,4.1368,9100.0,20.82,,,,,
2017-05-25,4.105,9040.0,20.82,,,,,
2017-05-26,4.0823,9080.0,20.82,,,,,
2017-05-29,4.1005,9097.5,20.82,,,,,
2017-05-30,4.0891,9115.0,20.82,,,,,
2017-05-31,3.9939,8970.0,20.82,,,,,
2017-06-01,4.003,8840.0,20.82,,,,,
2017-06-02,3.9508,8915.0,20.82,,,,,
2017-06-05,3.9984,8910.0,20.82,,,,,
2017-06-06,3.9893,8865.0,20.82,,,,,
2017-06-07,4.0211,8810.0,20.82,,,,,
2017-06-08,3.9893,8815.0,20.82,,,,,
2017-06-09,3.9916,8980.0,20.82,,,,,
2017-06-12,4.0506,8795.0,20.82,,,,,
2017-06-13,3.9531,8800.0,20.82,,,,,
2017-06-14,3.9961,8945.0,20.82,,,,,
2017-06-15,4.003,8850.0,20.82,,,,,
2017-06-16,4.037,8940.0,20.82,,,,,
2017-06-19,4.0324,9010.0,20.82,,,,,
2017-06-20,4.071,8820.0,20.82,,,,,
2017-06-21,4.0302,9005.0,20.82,,,,,
2017-06-22,4.037,9020.0,20.82,,,,,
2017-06-23,4.1549,9080.0,20.82,,,,,
2017-06-26,4.0959,9025.0,20.82,,,,,
2017-06-27,4.105,9260.0,20.82,,,,,
2017-06-28,4.1368,9270.0,20.82,,,,,
2017-06-29,4.2048,9290.0,20.82,,,,,
2017-06-30,4.2071,9390.0,20.82,,,,,
2017-07-03,4.2479,9390.0,20.82,,,,,
2017-07-04,4.1368,9180.0,20.82,,,,,
2017-07-05,4.1095,9160.0,20.82,,,,,
2017-07-06,4.1209,9075.0,20.82,,,,,
2017-07-07,4.0551,8920.0,20.82,,,,,
2017-07-10,4.0279,9000.0,20.82,,,,,
2017-07-11,4.071,9130.0,20.82,,,,,
2017-07-12,4.173,9205.0,20.82,,,,,
2017-07-13,4.164,9210.0,20.82,,,,,
2017-07-14,4.2524,9575.0,20.82,,,,,
2017-07-17,4.3431,9600.0,20.82,,,,,
2017-07-18,4.35,9780.0,20.82,,,,,
2017-07-19,4.4066,9650.0,20.82,,,,,
2017-07-20,4.3227,9495.0,20.82,,,,,
2017-07-21,4.3341,9520.0,20.82,,,,,
2017-07-24,4.3318,9780.0,20.82,,,,,
2017-07-25,4.4815,10005.0,20.82,,,,,
2017-07-26,4.4951,10040.0,20.82,,,,,
2017-07-27,4.5813,10130.0,20.82,,,,,
2017-07-28,4.6153,10200.0,20.82,,,,,
2017-07-31,4.6402,10215.0,20.82,,,,,
2017-08-01,4.604,10290.0,20.82,,,,,
2017-08-02,4.6266,10350.0,20.82,,,,,
2017-08-03,4.6493,10380.0,20.82,,,,,
2017-08-04,4.6856,10250.0,20.82,,,,,
2017-08-07,4.672,10400.0,20.82,,,,,
2017-08-08,4.6607,10630.0,20.82,,,,,
2017-08-09,4.8557,10760.0,20.82,,,,,
2017-08-10,4.8807,10985.0,20.82,,,,,
2017-08-11,4.8013,10660.0,20.82,,,,,
2017-08-14,4.765,10450.0,20.82,,,,,
2017-08-15,4.7015,10350.0,20.82,,,,,
2017-08-16,4.7809,10760.0,20.82,,,,,
2017-08-17,4.8534,10725.0,20.82,,,,,
2017-08-18,4.8648,10980.0,20.82,,,,,
2017-08-21,5.0802,11315.0,20.82,,,,,
2017-08-22,5.1823,11415.0,20.82,,,,,
2017-08-23,5.1846,11660.0,20.82,,,,,
2017-08-24,5.2753,11745.0,20.82,,,,,
2017-08-25,5.2617,11485.0,20.82,,,,,
2017-08-28,5.1827,11597.5,20.82,,,,,
2017-08-29,5.3206,11710.0,20.82,,,,,
2017-08-30,5.239,11585.0,20.82,,,,,
2017-08-31,5.2685,11800.0,20.82,,,,,
2017-09-01,5.4307,12035.0,20.82,,,,,
2017-09-04,5.4953,12250.0,20.82,,,,,
2017-09-05,5.5066,12080.0,20.82,,,,,
2017-09-06,5.4046,12165.0,20.82,,,,,
2017-09-07,5.4567,12150.0,20.82,,,,,
2017-09-08,5.3705,11590.0,20.82,,,,,
2017-09-11,5.2277,11765.0,20.82,,,,,
2017-09-12,5.2299,11990.0,20.82,,,,,
2017-09-13,5.2072,11360.0,20.82,,,,,
2017-09-14,5.1075,11200.0,20.82,,,,,
2017-09-15,4.9895,11090.0,20.82,,,,,
2017-09-18,5.0281,11235.0,20.82,,,,,
2017-09-19,4.9646,11140.0,20.82,,,,,
2017-09-20,5.1573,11380.0,20.82,,,,,
2017-09-21,4.9215,11005.0,20.82,,,,,
2017-09-22,4.7967,10420.0,20.82,,,,,
2017-09-25,4.7128,10580.0,20.82,,,,,
2017-09-26,4.7378,10480.0,20.82,,,,,
2017-09-27,4.7741,10240.0,20.82,,,,,
2017-09-28,4.613,10440.0,20.82,,,,,
2017-09-29,4.799,10500.0,20.82,,,,,
2017-10-02,4.7015,10390.0,20.82,,,,,
2017-10-03,4.7854,10620.0,20.82,,,,,
2017-10-04,4.8217,10615.0,20.82,,,,,
2017-10-05,4.7809,10535.0,20.82,,,,,
2017-10-06,4.7514,10600.0,20.82,,,,,
2017-10-09,4.8829,11015.0,20.82,,,,,
2017-10-10,4.9464,11055.0,20.82,,,,,
2017-10-11,4.9782,11135.0,20.82,,,,,
2017-10-12,5.0757,11395.0,20.82,,,,,
2017-10-13,5.2617,11720.0,20.82,,,,,
2017-10-16,5.3433,11865.0,20.82,,,,,
2017-10-17,5.2912,11765.0,20.82,,,,,
2017-10-18,5.3252,11650.0,20.82,,,,,
2017-10-19,5.2957,11740.0,20.82,,,,,
2017-10-20,5.4635,11735.0,20.82,,,,,
2017-10-23,5.3252,11860.0,20.82,,,,,
2017-10-24,5.4182,11995.0,20.82,,,,,
2017-10-25,5.3683,11865.0,20.82,,,,,
2017-10-26,5.3705,11750.0,20.82,,,,,
2017-10-27,5.1551,11580.0,20.82,,,,,
2017-10-30,5.2072,11675.0,20.82,,,,,
2017-10-31,5.3569,12295.0,20.82,,,,,
2017-11-01,5.7561,12725.0,20.82,,,,,
2017-11-02,5.7266,12605.0,20.82,,,,,
2017-11-03,5.6949,12725.0,20.82,,,,,
2017-11-06,5.8173,12920.0,20.82,,,,,
2017-11-07,5.806,12655.0,20.82,,,,,
2017-11-08,5.6971,12700.0,20.82,,,,,
2017-11-09,5.5452,12300.0,20.82,,,,,
2017-11-10,5.5701,12110.0,20.82,,,,,
2017-11-13,5.5678,12490.0,20.82,,,,,
2017-11-14,5.5565,11780.0,20.82,,,,,
2017-11-15,5.2503,11690.0,20.82,,,,,
2017-11-16,5.2458,11350.0,20.82,,,,,
2017-11-17,5.2004,11575.0,20.82,,,,,
2017-11-20,5.2163,11660.0,20.82,,,,,
2017-11-21,5.2617,11870.0,20.82,,,,,
2017-11-22,5.3184,11840.0,20.82,,,,,
2017-11-23,5.2707,11930.0,20.82,,,,,
2017-11-24,5.4476,12035.0,20.82,,,,,
2017-11-27,5.2594,11570.0,20.82,,,,,
2017-11-28,5.1664,11350.0,20.82,,,,,
2017-11-29,5.1256,11520.0,20.82,,,,,
2017-11-30,5.1188,11110.0,20.82,,,,,
2017-12-01,5.0099,11290.0,20.82,,,,,
2017-12-04,5.1369,11385.0,20.82,,,,,
2017-12-05,5.0213,10865.0,20.82,,,,,
2017-12-06,4.9079,10805.0,20.82,,,,,
2017-12-07,4.8943,11040.0,20.82,,,,,
2017-12-08,4.9827,10950.0,20.82,,,,,
2017-12-11,5.0696,11240.0,20.82,,,,,
2017-12-12,5.019,11070.0,20.82,,,,,
2017-12-13,5.0258,11095.0,20.82,,,,,
2017-12-14,5.0485,11155.0,20.82,,,,,
2017-12-15,5.0621,11580.0,20.82,,,,,
2017-12-18,5.2254,11830.0,20.82,,,,,
2017-12-19,5.298,11755.0,20.82,,,,,
2017-12-20,5.4023,12040.0,20.82,,,,,
2017-12-21,5.4408,12070.0,20.82,,,,,
2017-12-22,5.4635,12130.0,20.82,,,,,
2017-12-25,5.476,12123.333333333334,20.82,,,,,
2017-12-26,5.476,12116.666666666666,20.82,,,,,
2017-12-27,5.366,12110.0,20.82,,,,,
2017-12-28,5.4839,12350.0,20.82,,,,,
2017-12-29,5.5565,12760.0,20.82,,,,,
2018-01-01,5.7631,12690.0,20.82,,,,,
2018-01-02,5.7516,12620.0,20.82,,,,,
2018-01-03,5.6518,12415.0,20.82,,,,,
2018-01-04,5.7175,12650.0,20.82,,,,,
2018-01-05,5.6676,12525.0,20.82,,,,,
2018-01-08,5.6427,12535.0,20.82,,,,,
2018-01-09,5.6744,12695.0,20.82,,,,,
2018-01-10,5.8491,12935.0,20.82,,,,,
2018-01-11,5.8196,12620.0,20.82,,,,,
2018-01-12,5.7425,12725.0,20.82,,,,,
2018-01-15,5.8196,12860.0,20.82,,,,,
2018-01-16,5.6291,12545.0,20.82,,,,,
2018-01-17,5.6268,12410.0,20.82,,,,,
2018-01-18,5.6472,12470.0,20.82,,,,,
2018-01-19,5.7107,12720.0,20.82,,,,,
2018-01-22,5.7652,12760.0,20.82,,,,,
2018-01-23,5.7742,12850.0,20.82,,,,,
2018-01-24,5.8922,13575.0,20.82,,,,,
2018-01-25,6.2097,13685.0,20.82,,,,,
2018-01-26,6.2324,13650.0,20.82,,,,,
2018-01-29,6.2959,13805.0,20.82,,,,,
2018-01-30,6.1825,13350.0,20.82,,,,,
2018-01-31,6.1462,13600.0,20.82,,,,,
2018-02-01,6.1394,14000.0,20.82,,,,,
2018-02-02,6.255,13435.0,20.82,,,,,
2018-02-05,6.1394,13745.0,20.82,,,,,
2018-02-06,6.0555,13385.0,20.82,,,,,
2018-02-07,6.1167,13175.0,20.82,,,,,
2018-02-08,5.9058,13140.0,20.82,,,,,
2018-02-09,5.874,12970.0,20.82,,,,,
2018-02-12,5.8786,13100.0,20.82,,,,,
2018-02-13,5.9897,13450.0,20.82,,,,,
2018-02-14,6.1802,14100.0,20.82,,,,,
2018-02-15,6.4138,14150.0,20.82,,,,,
2018-02-16,6.3594,13920.0,20.82,,,,,
2018-02-19,6.1666,13590.0,20.82,,,,,
2018-02-20,6.187,13610.0,20.82,,,,,
2018-02-21,6.1621,13845.0,20.82,,,,,
2018-02-22,6.1552,13830.0,20.82,,,,,
2018-02-23,6.2573,13765.0,20.82,,,,,
2018-02-26,6.3072,13925.0,20.82,,,,,
2018-02-27,6.2936,13845.0,20.82,,,,,
2018-02-28,6.2573,13790.0,20.82,,,,,
2018-03-01,6.1235,13460.0,20.82,,,,,
2018-03-02,6.0985,13450.0,20.82,,,,,
2018-03-05,6.0464,13430.0,20.82,,,,,
2018-03-06,6.1575,13680.0,20.82,,,,,
2018-03-07,6.0555,13590.0,20.82,,,,,
2018-03-08,6.0056,13270.0,20.82,,,,,
2018-03-09,6.0487,13860.0,20.82,,,,,
2018-03-12,6.2233,13675.0,20.82,,,,,
2018-03-13,6.2709,13875.0,20.82,,,,,
2018-03-14,6.3117,13835.0,20.82,,,,,
2018-03-15,6.2051,13630.0,20.82,,,,,
2018-03-16,6.2278,13625.0,20.82,,,,,
2018-03-19,6.0895,13480.0,20.82,,,,,
2018-03-20,6.128,13455.0,20.82,,,,,
2018-03-21,6.0419,13460.0,20.82,,,,,
2018-03-22,6.0555,13190.0,20.82,,,,,
2018-03-23,5.9148,12950.0,20.82,,,,,
2018-03-26,5.8241,12955.0,20.82,,,,,
2018-03-27,5.908,13000.0,20.82,,,,,
2018-03-28,5.8604,13130.0,20.82,,,,,
2018-03-29,6.0056,13300.0,20.82,,,,,
2018-03-30,6.0115,13355.0,20.82,,,,,
2018-04-02,6.0115,13410.0,20.82,,,,,
2018-04-03,6.1484,13465.0,20.82,,,,,
2018-04-04,5.9216,13150.0,20.82,,,,,
2018-04-05,6.0237,13325.0,20.82,,,,,
2018-04-06,5.8445,13270.0,20.82,,,,,
2018-04-09,6.001,13435.0,20.82,,,,,
2018-04-10,6.2119,13695.0,20.82,,,,,
2018-04-11,6.2278,13865.0,20.82,,,,,
2018-04-12,6.1598,13715.0,20.82,,,,,
2018-04-13,6.3503,13940.0,20.82,,,,,
2018-04-16,6.4138,14335.0,20.82,,,,,
2018-04-17,6.3253,14215.0,20.82,,,,,
2018-04-18,6.8492,15275.0,20.82,,,,,
2018-04-19,7.1214,15075.0,20.82,,,,,
2018-04-20,6.6383,14830.0,20.82,,,,,
2018-04-23,6.3616,14265.0,20.82,,,,,
2018-04-24,6.4614,13985.0,20.82,,,,,
2018-04-25,6.4002,14145.0,20.82,,,,,
2018-04-26,6.3231,14235.0,20.82,,,,,
2018-04-27,6.3367,13885.0,20.82,,,,,
2018-04-30,6.2233,13650.0,20.82,,,,,
2018-05-01,6.1711,13650.0,20.82,,,,,
2018-05-02,6.3095,13980.0,20.82,,,,,
2018-05-03,6.2256,13775.0,20.82,,,,,
2018-05-04,6.2732,14025.0,20.82,,,,,
2018-05-07,6.3385,13955.0,20.82,,,,,
2018-05-08,6.314,13885.0,20.82,,,,,
2018-05-09,6.2882,13925.0,20.82,,,,,
2018-05-10,6.2596,13880.0,20.82,,,,,
2018-05-11,6.3072,14055.0,20.82,,,,,
2018-05-14,6.4909,14500.0,20.82,,,,,
2018-05-15,6.568,14425.0,20.82,,,,,
2018-05-16,6.5317,14475.0,20.82,,,,,
2018-05-17,6.5902,14595.0,20.82,,,,,
2018-05-18,6.686,14750.0,20.82,,,,,
2018-05-21,6.627,14675.0,20.82,,,,,
2018-05-22,6.6633,14780.0,20.82,,,,,
2018-05-23,6.6188,14650.0,20.82,,,,,
2018-05-24,6.5862,14900.0,20.82,,,,,
2018-05-25,6.7268,14780.0,20.82,,,,,
2018-05-28,6.6787,14842.5,20.82,,,,,
2018-05-29,6.7329,14905.0,20.82,,,,,
2018-05-30,6.7404,15130.0,20.82,,,,,
2018-05-31,6.8753,15220.0,20.82,,,,,
2018-06-01,6.8674,15445.0,20.82,,,,,
2018-06-04,6.9173,15485.0,20.82,,,,,
2018-06-05,6.9899,15750.0,20.82,,,,,
2018-06-06,7.0896,15635.0,20.82,,,,,
2018-06-07,7.0107,15520.0,20.82,,,,,
2018-06-08,6.9105,15420.0,20.82,,,,,
2018-06-11,6.9422,15290.0,20.82,,,,,
2018-06-12,6.9354,15210.0,20.82,,,,,
2018-06-13,6.881,15625.0,20.82,,,,,
2018-06-14,6.8994,15285.0,20.82,,,,,
2018-06-15,6.9218,15185.0,20.82,,,,,
2018-06-18,6.7547,14975.0,20.82,,,,,
2018-06-19,6.5952,14655.0,20.82,,,,,
2018-06-20,6.7336,14975.0,20.82,,,,,
2018-06-21,6.7903,14990.0,20.82,,,,,
2018-06-22,6.9173,15265.0,20.82,,,,,
2018-06-25,6.8266,14730.0,20.82,,,,,
2018-06-26,6.6066,14785.0,20.82,,,,,
2018-06-27,6.715,14880.0,20.82,,,,,
2018-06-28,6.6723,14785.0,20.82,,,,,
2018-06-29,6.7608,14900.0,20.82,,,,,
2018-07-02,6.6088,14550.0,20.82,,,,,
2018-07-03,6.6224,14445.0,20.82,,,,,
2018-07-04,6.3934,14145.0,20.82,,,,,
2018-07-05,6.4183,14195.0,20.82,,,,,
2018-07-06,6.2392,13945.0,20.82,,,,,
2018-07-09,6.3344,14065.0,20.82,,,,,
2018-07-10,6.3299,14155.0,20.82,,,,,
2018-07-11,6.1779,13880.0,20.82,,,,,
2018-07-12,6.373,14195.0,20.82,,,,,
2018-07-13,6.2891,13975.0,20.82,,,,,
2018-07-16,6.2029,13670.0,20.82,,,,,
2018-07-17,6.1008,13490.0,20.82,,,,,
2018-07-18,6.0373,13615.0,20.82,,,,,
2018-07-19,5.9942,13340.0,20.82,,,,,
2018-07-20,6.0872,13530.0,20.82,,,,,
2018-07-23,6.094,13400.0,20.82,,,,,
2018-07-24,6.123,13600.0,20.82,,,,,
2018-07-25,6.1371,13680.0,20.82,,,,,
2018-07-26,6.1552,13775.0,20.82,,,,,
2018-07-27,6.2188,13860.0,20.82,,,,,
2018-07-30,6.2029,13860.0,20.82,,,,,
2018-07-31,6.2369,14030.0,20.82,,,,,
2018-08-01,6.2482,13590.0,20.82,,,,,
2018-08-02,5.9965,13330.0,20.82,,,,,
2018-08-03,5.9511,13550.0,20.82,,,,,
2018-08-06,5.9874,13685.0,20.82,,,,,
2018-08-07,6.2346,13850.0,20.82,,,,,
2018-08-08,6.3117,14050.0,20.82,,,,,
2018-08-09,6.3752,13885.0,20.82,,,,,
2018-08-10,6.1825,13820.0,20.82,,,,,
2018-08-13,6.2029,13555.0,20.82,,,,,
2018-08-14,6.0509,13425.0,20.82,,,,,
2018-08-15,5.8876,12850.0,20.82,,,,,
2018-08-16,6.001,13325.0,20.82,,,,,
2018-08-17,6.001,13480.0,20.82,,,,,
2018-08-20,6.1462,13560.0,20.82,,,,,
2018-08-21,6.2029,13560.0,20.82,,,,,
2018-08-22,6.153,13525.0,20.82,,,,,
2018-08-23,5.9579,13275.0,20.82,,,,,
2018-08-24,6.035,13415.0,20.82,,,,,
2018-08-27,6.05,13545.0,20.82,,,,,
2018-08-28,6.1031,13675.0,20.82,,,,,
2018-08-29,6.0827,13500.0,20.82,,,,,
2018-08-30,6.0237,13285.0,20.82,,,,,
2018-08-31,5.8922,12800.0,20.82,,,,,
2018-09-03,5.7447,12790.0,20.82,,,,,
2018-09-04,5.6472,12470.0,20.82,,,,,
2018-09-05,5.6291,12440.0,20.82,,,,,
2018-09-06,5.6631,12445.0,20.82,,,,,
2018-09-07,5.5724,12355.0,20.82,,,,,
2018-09-10,5.5338,12410.0,20.82,,,,,
2018-09-11,5.5565,12230.0,20.82,,,,,
2018-09-12,5.5701,12620.0,20.82,,,,,
2018-09-13,5.7198,12605.0,20.82,,,,,
2018-09-14,5.6744,12655.0,20.82,,,,,
2018-09-17,5.5474,12240.0,20.82,,,,,
2018-09-18,5.5837,12400.0,20.82,,,,,
2018-09-19,5.654,12510.0,20.82,,,,,
2018-09-20,5.6812,12625.0,20.82,,,,,
2018-09-21,5.874,13250.0,20.82,,,,,
2018-09-24,5.8831,12955.0,20.82,,,,,
2018-09-25,5.8241,12950.0,20.82,,,,,
2018-09-26,5.8468,12820.0,20.82,,,,,
2018-09-27,5.7221,12560.0,20.82,,,,,
2018-09-28,5.6563,12600.0,20.82,,,,,
2018-10-01,5.5883,12505.0,20.82,,,,,
2018-10-02,5.6291,12515.0,20.82,,,,,
2018-10-03,5.62,12770.0,20.82,,,,,
2018-10-04,5.7878,12490.0,20.82,,,,,
2018-10-05,5.62,12620.0,20.82,,,,,
2018-10-08,5.6177,12575.0,20.82,,,,,
2018-10-09,5.8663,13010.0,20.82,,,,,
2018-10-10,5.7833,12680.0,20.82,,,,,
2018-10-11,5.6291,12675.0,20.82,,,,,
2018-10-12,5.7629,12655.0,20.82,,,,,
2018-10-15,5.7357,12615.0,20.82,,,,,
2018-10-16,5.6382,12595.0,20.82,,,,,
2018-10-17,5.6404,12375.0,20.82,,,,,
2018-10-18,5.5043,12350.0,20.82,,,,,
2018-10-19,5.654,12450.0,20.82,,,,,
2018-10-22,5.6472,12530.0,20.82,,,,,
2018-10-23,5.5905,12375.0,20.82,,,,,
2018-10-24,5.5747,12225.0,20.82,,,,,
2018-10-25,5.5021,12150.0,20.82,,,,,
2018-10-26,5.366,11900.0,20.82,,,,,
2018-10-29,5.3161,11755.0,20.82,,,,,
2018-10-30,5.3048,11765.0,20.82,,,,,
2018-10-31,5.1825,11500.0,20.82,,,,,
2018-11-01,5.239,11785.0,20.82,,,,,
2018-11-02,5.425,11930.0,20.82,,,,,
2018-11-05,5.2934,11750.0,20.82,,,,,
2018-11-06,5.3569,11775.0,20.82,,,,,
2018-11-07,5.2889,11820.0,20.82,,,,,
2018-11-08,5.2662,11780.0,20.82,,,,,
2018-11-09,5.1982,11470.0,20.82,,,,,
2018-11-12,5.1165,11400.0,20.82,,,,,
2018-11-13,5.1528,11345.0,20.82,,,,,
2018-11-14,5.0893,11310.0,20.82,,,,,
2018-11-15,5.1415,11260.0,20.82,,,,,
2018-11-16,5.1143,11360.0,20.82,,,,,
2018-11-19,5.0757,11180.0,20.82,,,,,
2018-11-20,5.0712,11095.0,20.82,,,,,
2018-11-21,5.0235,11020.0,20.82,,,,,
2018-11-22,4.9736,10970.0,20.82,,,,,
2018-11-23,4.8534,10915.0,20.82,,,,,
2018-11-26,4.8829,10875.0,20.82,,,,,
2018-11-27,4.8534,10775.0,20.82,,,,,
2018-11-28,4.8655,10800.0,20.82,,,,,
2018-11-29,4.9374,11055.0,20.82,,,,,
2018-11-30,4.9941,11200.0,20.82,,,,,
2018-12-03,5.0757,11250.0,20.82,,,,,
2018-12-04,5.026,11150.0,20.82,,,,,
2018-12-05,4.9963,11225.0,20.82,,,,,
2018-12-06,4.9215,10850.0,20.82,,,,,
2018-12-07,4.9033,10910.0,20.82,,,,,
2018-12-10,4.867,10800.0,20.82,,,,,
2018-12-11,4.8807,10770.0,20.82,,,,,
2018-12-12,4.8602,10795.0,20.82,,,,,
2018-12-13,4.8965,10850.0,20.82,,,,,
2018-12-14,4.867,11080.0,20.82,,,,,
2018-12-17,4.9578,10985.0,20.82,,,,,
2018-12-18,4.9351,10835.0,20.82,,,,,
2018-12-19,4.9296,10950.0,20.82,,,,,
2018-12-20,4.9351,10910.0,20.82,,,,,
2018-12-21,4.8875,10875.0,20.82,,,,,
2018-12-24,4.8943,10890.0,20.82,,,,,
2018-12-25,4.8993,10848.333333333334,20.82,,,,,
2018-12-26,4.8993,10806.666666666666,20.82,,,,,
2018-12-27,4.8262,10765.0,20.82,,,,,
2018-12-28,4.8376,10730.0,20.82,,,,,
2018-12-31,4.8035,10690.0,20.82,,,,,
2019-01-01,4.8101,10782.5,20.82,,,,,
2019-01-02,4.7332,10875.0,20.82,,,,,
2019-01-03,4.858,10875.0,20.82,,,,,
2019-01-04,4.951,11110.0,20.82,,,,,
2019-01-07,5.0263,11155.0,20.82,,,,,
2019-01-08,5.0122,11180.0,20.82,,,,,
2019-01-09,5.0802,11250.0,20.82,,,,,
2019-01-10,5.0893,11250.0,20.82,,,,,
2019-01-11,5.1687,11460.0,20.82,,,,,
2019-01-14,5.1778,11390.0,20.82,,,,,
2019-01-15,5.1823,11670.0,20.82,,,,,
2019-01-16,5.2503,11630.0,20.82,,,,,
2019-01-17,5.1914,11590.0,20.82,,,,,
2019-01-18,5.2639,11820.0,20.82,,,,,
2019-01-21,5.2912,11800.0,20.82,,,,,
2019-01-22,5.2662,11585.0,20.82,,,,,
2019-01-23,5.2662,11700.0,20.82,,,,,
2019-01-24,5.2322,11770.0,20.82,,,,,
2019-01-25,5.3116,11965.0,20.82,,,,,
2019-01-28,5.3683,11825.0,20.82,,,,,
2019-01-29,5.3887,12120.0,20.82,,,,,
2019-01-30,5.552,12350.0,20.82,,,,,
2019-01-31,5.6132,12480.0,20.82,,,,,
2019-02-01,5.6495,12660.0,20.82,,,,,
2019-02-04,5.747,13260.0,20.82,,,,,
2019-02-05,5.8355,13040.0,20.82,,,,,
2019-02-06,5.8627,12925.0,20.82,,,,,
2019-02-07,5.8241,12985.0,20.82,,,,,
2019-02-08,5.7742,12570.0,20.82,,,,,
2019-02-11,5.6563,12490.0,20.82,,,,,
2019-02-12,5.6472,12410.0,20.82,,,,,
2019-02-13,5.5792,12405.0,20.82,,,,,
2019-02-14,5.5973,12200.0,20.82,,,,,
2019-02-15,5.4839,12400.0,20.82,,,,,
2019-02-18,5.6128,12455.0,20.82,,,,,
2019-02-19,5.6336,12660.0,20.82,,,,,
2019-02-20,5.7584,12905.0,20.82,,,,,
2019-02-21,5.7652,12850.0,20.82,,,,,
2019-02-22,5.8627,12990.0,20.82,,,,,
2019-02-25,5.8672,12975.0,20.82,,,,,
2019-02-26,5.8105,12960.0,20.82,,,,,
2019-02-27,5.84,13055.0,20.82,,,,,
2019-02-28,5.9103,13050.0,20.82,,,,,
2019-03-01,5.967,13195.0,20.82,,,,,
2019-03-04,5.967,13255.0,20.82,,,,,
2019-03-05,6.0985,13650.0,20.82,,,,,
2019-03-06,6.1711,13585.0,20.82,,,,,
2019-03-07,6.0645,13235.0,20.82,,,,,
2019-03-08,5.9126,13090.0,20.82,,,,,
2019-03-11,5.8876,12900.0,20.82,,,,,
2019-03-12,5.9557,13105.0,20.82,,,,,
2019-03-13,5.8695,13210.0,20.82,,,,,
2019-03-14,5.8604,12890.0,20.82,,,,,
2019-03-15,5.8219,12930.0,20.82,,,,,
2019-03-18,5.8083,13023.0,20.82,,,,,
2019-03-19,5.9375,13149.0,20.82,,,,,
2019-03-20,5.9829,13218.0,20.82,,,,,
2019-03-21,5.9602,12996.0,20.82,,,,,
2019-03-22,5.8604,12995.0,20.82,,,,,
2019-03-25,5.7878,12966.0,20.82,,,,,
2019-03-26,5.8264,13080.0,20.82,,,,,
2019-03-27,5.8899,13064.0,20.82,,,,,
2019-03-28,5.7946,12887.0,20.82,,,,,
2019-03-29,5.9012,12984.0,20.82,,,,,
2019-04-01,5.9647,13107.0,20.82,,,,,
2019-04-02,5.9035,13141.0,20.82,,,,,
2019-04-03,5.9783,13329.0,20.82,,,,,
2019-04-04,5.9148,13160.0,20.82,,,,,
2019-04-05,5.933,13071.0,20.82,,,,,
2019-04-08,5.9602,13182.0,20.82,,,,,
2019-04-09,5.967,13196.0,20.82,,,,,
2019-04-10,5.9466,13221.0,20.82,,,,,
2019-04-11,5.9012,12976.0,20.82,,,,,
2019-04-12,5.8672,13022.0,20.82,,,,,
2019-04-15,5.8264,12991.0,20.82,,,,,
2019-04-16,5.8808,12953.0,20.82,,,,,
2019-04-17,5.8718,12893.0,20.82,,,,,
2019-04-18,5.7266,12672.0,20.82,,,,,
2019-04-19,5.7098,12578.333333333334,20.82,,,,,
2019-04-22,5.7098,12484.666666666666,20.82,,,,,
2019-04-23,5.6608,12391.0,20.82,,,,,
2019-04-24,5.5951,12407.0,20.82,,,,,
2019-04-25,5.5633,12325.0,20.82,,,,,
2019-04-26,5.5633,12424.0,20.82,,,,,
2019-04-29,5.5928,12410.0,20.82,,,,,
2019-04-30,5.6041,12201.0,20.82,,,,,
2019-05-01,5.4998,12159.0,20.82,,,,,
2019-05-02,5.4975,12124.0,20.82,,,,,
2019-05-03,5.518,12179.0,20.82,,,,,
2019-05-06,5.505,12109.0,20.82,,,,,
2019-05-07,5.4635,12039.0,20.82,,,,,
2019-05-08,5.425,11944.0,20.82,,,,,
2019-05-09,5.307,11778.0,20.82,,,,,
2019-05-10,5.3796,11921.0,20.82,,,,,
2019-05-13,5.3161,11786.0,20.82,,,,,
2019-05-14,5.3569,11920.0,20.82,,,,,
2019-05-15,5.4068,12149.0,20.82,,,,,
2019-05-16,5.5384,12176.0,20.82,,,,,
2019-05-17,5.4522,12013.0,20.82,,,,,
2019-05-20,5.4023,11975.0,20.82,,,,,
2019-05-21,5.4544,12071.0,20.82,,,,,
2019-05-22,5.425,11981.0,20.82,,,,,
2019-05-23,5.3796,11895.0,20.82,,,,,
2019-05-24,5.5111,12355.0,20.82,,,,,
2019-05-27,5.6005,12241.5,20.82,,,,,
2019-05-28,5.5474,12128.0,20.82,,,,,
2019-05-29,5.4567,12050.0,20.82,,,,,
2019-05-30,5.4318,12171.0,20.82,,,,,
2019-05-31,5.459,12017.0,20.82,,,,,
2019-06-03,5.3773,11878.0,20.82,,,,,
2019-06-04,5.3501,11811.0,20.82,,,,,
2019-06-05,5.3342,11721.0,20.82,,,,,
2019-06-06,5.3093,11666.0,20.82,,,,,
2019-06-07,5.2503,11617.0,20.82,,,,,
2019-06-10,5.2571,11646.0,20.82,,,,,
2019-06-11,5.3615,11885.0,20.82,,,,,
2019-06-12,5.3252,11841.0,20.82,,,,,
2019-06-13,5.4046,11836.0,20.82,,,,,
2019-06-14,5.3932,11864.0,20.82,,,,,
2019-06-17,5.3252,11769.0,20.82,,,,,
2019-06-18,5.307,11950.0,20.82,,,,,
2019-06-19,5.3796,12090.0,20.82,,,,,
2019-06-20,5.552,12300.0,20.82,,,,,
2019-06-21,5.5021,12090.0,20.82,,,,,
2019-06-24,5.4703,12140.0,20.82,,,,,
2019-06-25,5.5361,12300.0,20.82,,,,,
2019-06-26,5.62,12490.0,20.82,,,,,
2019-06-27,5.7425,12710.0,20.82,,,,,
2019-06-28,5.7425,12690.0,20.82,,,,,
2019-07-01,5.5928,12350.0,20.82,,,,,
2019-07-02,5.4499,12095.0,20.82,,,,,
2019-07-03,5.5248,12350.0,20.82,,,,,
2019-07-04,5.5792,12340.0,20.82,,,,,
2019-07-05,5.5769,12480.0,20.82,,,,,
2019-07-08,5.679,12720.0,20.82,,,,,
2019-07-09,5.6949,12700.0,20.82,,,,,
2019-07-10,5.7992,12990.0,20.82,,,,,
2019-07-11,5.9353,13130.0,20.82,,,,,
2019-07-12,5.9874,13470.0,20.82,,,,,
2019-07-15,6.0532,13665.0,20.82,,,,,
2019-07-16,6.3095,14070.0,20.82,,,,,
2019-07-17,6.4501,14450.0,20.82,,,,,
2019-07-18,6.6565,14860.0,20.82,,,,,
2019-07-19,6.5317,14730.0,20.82,,,,,
2019-07-22,6.4886,14300.0,20.82,,,,,
2019-07-23,6.4864,14170.0,20.82,,,,,
2019-07-24,6.5612,14550.0,20.82,,,,,
2019-07-25,6.3412,14075.0,20.82,,,,,
2019-07-26,6.3752,14100.0,20.82,,,,,
2019-07-29,6.3435,14350.0,20.82,,,,,
2019-07-30,6.441,14360.0,20.82,,,,,
2019-07-31,6.5113,14490.0,20.82,,,,,
2019-08-01,6.4796,14595.0,20.82,,,,,
2019-08-02,6.5839,14450.0,20.82,,,,,
2019-08-05,6.7381,14880.0,20.82,,,,,
2019-08-06,6.8084,14945.0,20.82,,,,,
2019-08-07,6.6837,14810.0,20.82,,,,,
2019-08-08,7.0261,15880.0,20.82,,,,,
2019-08-09,7.0806,15550.0,20.82,,,,,
2019-08-12,7.0896,15710.0,20.82,,,,,
2019-08-13,7.1305,15925.0,20.82,,,,,
2019-08-14,7.2779,15970.0,20.82,,,,,
2019-08-15,7.2507,16250.0,20.82,,,,,
2019-08-16,7.2938,16200.0,20.82,,,,,
2019-08-19,7.2575,15920.0,20.82,,,,,
2019-08-20,7.1894,15860.0,20.82,,,,,
2019-08-21,7.1441,15825.0,20.82,,,,,
2019-08-22,7.1441,15660.0,20.82,,,,,
2019-08-23,7.1441,15660.0,20.82,,,,,
2019-08-26,7.1318,15680.0,20.82,,,,,
2019-08-27,7.2121,15700.0,20.82,,,,,
2019-08-28,7.2575,16085.0,20.82,,,,,
2019-08-29,7.4117,16450.0,20.82,,,,,
2019-08-30,8.0966,17900.0,20.82,,,,,
2019-09-02,8.4459,18060.0,20.82,,,,,
2019-09-03,8.1193,17985.0,20.82,,,,,
2019-09-04,8.1193,18000.0,20.82,,,,,
2019-09-05,7.9537,17500.0,20.82,,,,,
2019-09-06,7.9356,17685.0,20.82,,,,,
2019-09-09,8.2109,18050.0,20.82,,,,,
2019-09-10,8.1919,18045.0,20.82,,,,,
2019-09-11,8.3098,17850.0,20.82,,,,,
2019-09-12,8.244,17990.0,20.82,,,,,
2019-09-13,8.0785,17750.0,20.82,,,,,
2019-09-16,7.8426,17370.0,20.82,,,,,
2019-09-17,7.6997,17045.0,20.82,,,,,
2019-09-18,7.8131,17200.0,20.82,,,,,
2019-09-19,7.8245,17280.0,20.82,,,,,
2019-09-20,8.1443,17455.0,20.82,,,,,
2019-09-23,8.0513,17470.0,20.82,,,,,
2019-09-24,7.829,17180.0,20.82,,,,,
2019-09-25,7.851699999999999,17325.0,20.82,,,,,
2019-09-26,7.8744,17210.0,20.82,,,,,
2019-09-27,7.8948,17205.0,20.82,,,,,
2019-09-30,7.9651,17050.0,20.82,,,,,
2019-10-01,7.8812,17220.0,20.82,,,,,
2019-10-02,8.0127,17485.0,20.82,,,,,
2019-10-03,8.0626,17625.0,20.82,,,,,
2019-10-04,8.1193,17790.0,20.82,,,,,
2019-10-07,8.1374,17725.0,20.82,,,,,
2019-10-08,7.9628,17570.0,20.82,,,,,
2019-10-09,8.0467,17360.0,20.82,,,,,
2019-10-10,8.0399,17625.0,20.82,,,,,
2019-10-11,8.1601,17550.0,20.82,,,,,
2019-10-14,7.8902,16550.0,20.82,,,,,
2019-10-15,7.7247,16995.0,20.82,,,,,
2019-10-16,7.7088,16450.0,20.82,,,,,
2019-10-17,7.4026,16270.0,20.82,,,,,
2019-10-18,7.4616,16230.0,20.82,,,,,
2019-10-21,7.3437,16100.0,20.82,,,,,
2019-10-22,7.2643,16500.0,20.82,,,,,
2019-10-23,7.4344,16590.0,20.82,,,,,
2019-10-24,7.6861,16860.0,20.82,,,,,
2019-10-25,7.6566,16775.0,20.82,,,,,
2019-10-28,7.5637,16640.0,20.82,,,,,
2019-10-29,7.5614,16830.0,20.82,,,,,
2019-10-30,7.6612,16780.0,20.82,,,,,
2019-10-31,7.5659,16645.0,20.82,,,,,
2019-11-01,7.5954,16775.0,20.82,,,,,
2019-11-04,7.4339,16380.0,20.82,,,,,
2019-11-05,7.3618,16280.0,20.82,,,,,
2019-11-06,7.4298,16245.0,20.82,,,,,
2019-11-07,7.3936,16200.0,20.82,,,,,
2019-11-08,7.3391,16190.0,20.82,,,,,
2019-11-11,7.1305,15565.0,20.82,,,,,
2019-11-12,7.0261,15660.0,20.82,,,,,
2019-11-13,7.0398,15380.0,20.82,,,,,
2019-11-14,6.9626,15150.0,20.82,,,,,
2019-11-15,6.7948,14975.0,20.82,,,,,
2019-11-18,6.6905,14845.0,20.82,,,,,
2019-11-19,6.5635,14690.0,20.82,,,,,
2019-11-20,6.4886,14360.0,20.82,,,,,
2019-11-21,6.534,14485.0,20.82,,,,,
2019-11-22,6.5204,14635.0,20.82,,,,,
2019-11-25,6.6043,14480.0,20.82,,,,,
2019-11-26,6.5159,14595.0,20.82,,,,,
2019-11-27,6.5476,14380.0,20.82,,,,,
2019-11-28,6.3775,14010.0,20.82,,,,,
2019-11-29,6.2618,13670.0,20.82,,,,,
2019-12-02,6.1779,13715.0,20.82,,,,,
2019-12-03,6.1666,13375.0,20.82,,,,,
2019-12-04,6.0056,13120.0,20.82,,,,,
2019-12-05,5.9693,13275.0,20.82,,,,,
2019-12-06,6.0849,13475.0,20.82,,,,,
2019-12-09,5.9852,13340.0,20.82,,,,,
2019-12-10,5.9262,13405.0,20.82,,,,,
2019-12-11,6.1371,13850.0,20.82,,,,,
2019-12-12,6.2596,14100.0,20.82,,,,,
2019-12-13,6.4115,14170.0,20.82,,,,,
2019-12-16,6.3866,14200.0,20.82,,,,,
2019-12-17,6.3866,13960.0,20.82,,,,,
2019-12-18,6.28,13870.0,20.82,,,,,
2019-12-19,6.3639,14170.0,20.82,,,,,
2019-12-20,6.441,14525.0,20.82,,,,,
2019-12-23,6.5272,14350.0,20.82,,,,,
2019-12-24,6.4796,14340.0,20.82,,,,,
2019-12-25,6.4728,14296.666666666666,20.82,,,,,
2019-12-26,6.4728,14253.333333333334,20.82,,,,,
2019-12-27,6.348,14210.0,20.82,,,,,
2019-12-30,6.4501,14315.0,20.82,,,,,
2019-12-31,6.3458,14025.0,20.82,,,,,
2020-01-01,6.3276,14142.5,20.82,,,,,
2020-01-02,6.4381,14260.0,20.82,,,,,
2020-01-03,6.2301,13755.0,20.82,,,,,
2020-01-06,6.2528,13820.0,20.82,,,,,
2020-01-07,6.2845,13935.0,20.82,,,,,
2020-01-08,6.2618,14050.0,20.82,,,,,
2020-01-09,6.3151,14085.0,20.82,,,,,
2020-01-10,6.3684,14190.0,20.82,,,,,
2020-01-13,6.4342,14095.0,20.82,,,,,
2020-01-14,6.2006,13870.0,20.82,,,,,
2020-01-15,6.3253,14340.0,20.82,,,,,
2020-01-16,6.3004,13775.0,20.82,,,,,
2020-01-17,6.2755,13910.0,20.82,,,,,
2020-01-20,6.3233,14020.0,20.82,,,,,
2020-01-21,6.2346,13665.0,20.82,,,,,
2020-01-22,6.187,13640.0,20.82,,,,,
2020-01-23,6.0282,13350.0,20.82,,,,,
2020-01-24,5.8876,12950.0,20.82,,,,,
2020-01-27,5.7289,12615.0,20.82,,,,,
2020-01-28,5.7742,12550.0,20.82,,,,,
2020-01-29,5.7266,12550.0,20.82,,,,,
2020-01-30,5.6835,12620.0,20.82,,,,,
2020-01-31,5.747,12850.0,20.82,,,,,
2020-02-03,5.781,12725.0,20.82,,,,,
2020-02-04,5.7946,12830.0,20.82,,,,,
2020-02-05,5.8967,13160.0,20.82,,,,,
2020-02-06,5.899,13060.0,20.82,,,,,
2020-02-07,5.7878,12770.0,20.82,,,,,
2020-02-10,5.84,12885.0,20.82,,,,,
2020-02-11,5.9307,13110.0,20.82,,,,,
2020-02-12,5.9171,13100.0,20.82,,,,,
2020-02-13,5.9239,13285.0,20.82,,,,,
2020-02-14,5.908,13015.0,20.82,,,,,
2020-02-17,5.9262,13110.0,20.82,,,,,
2020-02-18,5.84,12820.0,20.82,,,,,
2020-02-19,5.7584,12830.0,20.82,,,,,
2020-02-20,5.7516,12670.0,20.82,,,,,
2020-02-21,5.6404,12530.0,20.82,,,,,
2020-02-24,5.6019,12430.0,20.82,,,,,
2020-02-25,5.6858,12450.0,20.82,,,,,
2020-02-26,5.5701,12550.0,20.82,,,,,
2020-02-27,5.5678,12375.0,20.82,,,,,
2020-02-28,5.5134,12255.0,20.82,,,,,
2020-03-02,5.6382,12700.0,20.82,,,,,
2020-03-03,5.6903,12685.0,20.82,,,,,
2020-03-04,5.7584,12680.0,20.82,,,,,
2020-03-05,5.7969,12890.0,20.82,,,,,
2020-03-06,5.7606,12840.0,20.82,,,,,
2020-03-09,5.6291,12650.0,20.82,,,,,
2020-03-10,5.8173,12680.0,20.82,,,,,
2020-03-11,5.6382,12420.0,20.82,,,,,
2020-03-12,5.3751,11830.0,20.82,,,,,
2020-03-13,5.6971,12320.0,20.82,,,,,
2020-03-16,5.3388,11935.0,20.82,,,,,
2020-03-17,5.3637,11780.0,20.82,,,,,
2020-03-18,5.1778,11395.0,20.82,,,,,
2020-03-19,5.0916,11250.0,20.82,,,,,
2020-03-20,5.1551,11225.0,20.82,,,,,
2020-03-23,5.0145,10880.0,20.82,,,,,
2020-03-24,5.0235,11258.0,20.82,,,,,
2020-03-25,5.0689,11289.0,20.82,,,,,
2020-03-26,5.0898,11211.0,20.82,,,,,
2020-03-27,5.0916,11355.0,20.82,,,,,
2020-03-30,5.1165,11320.0,20.82,,,,,
2020-03-31,5.0961,11484.0,20.82,,,,,
2020-04-01,5.0893,11261.0,20.82,,,,,
2020-04-02,5.0734,11313.0,20.82,,,,,
2020-04-03,5.0766,11239.0,20.82,,,,,
2020-04-06,5.063,11289.0,20.82,,,,,
2020-04-07,5.1483,11471.0,20.82,,,,,
2020-04-08,5.1823,11507.0,20.82,,,,,
2020-04-09,5.1968,11672.0,20.82,,,,,
2020-04-10,5.2614,11744.333333333334,20.82,,,,,
2020-04-13,5.2614,11816.666666666666,20.82,,,,,
2020-04-14,5.3175,11889.0,20.82,,,,,
2020-04-15,5.3125,11773.0,20.82,,,,,
2020-04-16,5.2875,11764.0,20.82,,,,,
2020-04-17,5.3919,12042.0,20.82,,,,,
2020-04-20,5.5588,12514.0,20.82,,,,,
2020-04-21,5.4817,12197.0,20.82,,,,,
2020-04-22,5.3955,12015.0,20.82,,,,,
2020-04-23,5.4476,12169.0,20.82,,,,,
2020-04-24,5.4762,12246.0,20.82,,,,,
2020-04-27,5.5592,12244.0,20.82,,,,,
2020-04-28,5.557,12294.0,20.82,,,,,
2020-04-29,5.5043,12315.0,20.82,,,,,
2020-04-30,5.5039,12192.0,20.82,,,,,
2020-05-01,5.3764,11955.0,20.82,,,,,
2020-05-04,5.3456,11812.0,20.82,,,,,
2020-05-05,5.3547,12002.0,20.82,,,,,
2020-05-06,5.5334,12303.0,20.82,,,,,
2020-05-07,5.5551,12330.0,20.82,,,,,
2020-05-08,5.5617,12342.0,20.82,,,,,
2020-05-11,5.5284,12354.0,20.82,,,,,
2020-05-12,5.5678,12324.0,20.82,,,,,
2020-05-13,5.5338,12254.0,20.82,,,,,
2020-05-14,5.4812,12072.0,20.82,,,,,
2020-05-15,5.3556,11855.0,20.82,,,,,
2020-05-18,5.4204,12250.0,20.82,,,,,
2020-05-19,5.5792,12453.0,20.82,,,,,
2020-05-20,5.5951,12667.0,20.82,,,,,
2020-05-21,5.7887,12778.0,20.82,,,,,
2020-05-22,5.4994,12250.0,20.82,,,,,
2020-05-25,5.5272,12295.5,20.82,,,,,
2020-05-26,5.561,12341.0,20.82,,,,,
2020-05-27,5.5084,12116.0,20.82,,,,,
2020-05-28,5.5244,12246.0,20.82,,,,,
2020-05-29,5.4975,12324.0,20.82,,,,,
2020-06-01,5.6327,12626.0,20.82,,,,,
2020-06-02,5.7516,12853.0,20.82,,,,,
2020-06-03,5.8114,12867.0,20.82,,,,,
2020-06-04,5.7189,12773.0,20.82,,,,,
2020-06-05,5.7992,12991.0,20.82,,,,,
2020-06-08,5.8708,13064.0,20.82,,,,,
2020-06-09,5.8078,12913.0,20.82,,,,,
2020-06-10,5.8427,13007.0,20.82,,,,,
2020-06-11,5.7221,12656.0,20.82,,,,,
2020-06-12,5.7756,12665.0,20.82,,,,,
2020-06-15,5.6713,12741.0,20.82,,,,,
2020-06-16,5.8649,13024.0,20.82,,,,,
2020-06-17,5.8513,12871.0,20.82,,,,,
2020-06-18,5.7878,12894.0,20.82,,,,,
2020-06-19,5.8309,12769.0,20.82,,,,,
2020-06-22,5.7266,12647.0,20.82,,,,,
2020-06-23,5.6885,12721.0,20.82,,,,,
2020-06-24,5.6744,12547.0,20.82,,,,,
2020-06-25,5.6182,12440.0,20.82,,,,,
2020-06-26,5.7647,12684.0,20.82,,,,,
2020-06-29,5.7534,12806.0,20.82,,,,,
2020-06-30,5.8014,12805.0,20.82,,,,,
2020-07-01,5.6949,12847.0,20.82,,,,,
2020-07-02,5.8164,12947.0,20.82,,,,,
2020-07-03,5.9148,12996.0,20.82,,,,,
2020-07-06,6.0065,13336.0,20.82,,,,,
2020-07-07,6.0015,13469.0,20.82,,,,,
2020-07-08,6.0849,13493.0,20.82,,,,,
2020-07-09,6.0895,13249.0,20.82,,,,,
2020-07-10,5.9285,13515.0,20.82,,,,,
2020-07-13,6.1153,13711.0,20.82,,,,,
2020-07-14,6.1317,13585.0,20.82,,,,,
2020-07-15,6.1289,13528.0,20.82,,,,,
2020-07-16,6.0873,13459.0,20.82,,,,,
2020-07-17,6.0242,13220.0,20.82,,,,,
2020-07-20,5.9702,13236.0,20.82,,,,,
2020-07-21,6.0396,13466.0,20.82,,,,,
2020-07-22,5.9942,13136.0,20.82,,,,,
2020-07-23,6.1054,13689.0,20.82,,,,,
2020-07-24,6.0917,13656.0,20.82,,,,,
2020-07-27,6.2224,13719.0,20.82,,,,,
2020-07-28,6.1099,13660.0,20.82,,,,,
2020-07-29,6.2423,13876.0,20.82,,,,,
2020-07-30,6.2215,13726.0,20.82,,,,,
2020-07-31,6.2396,13786.0,20.82,,,,,
2020-08-03,6.2065,13945.0,20.82,,,,,
2020-08-04,6.2995,14113.0,20.82,,,,,
2020-08-05,6.4637,14419.0,20.82,,,,,
2020-08-06,6.5231,14478.0,20.82,,,,,
2020-08-07,6.5022,14380.0,20.82,,,,,
2020-08-10,6.4165,14286.0,20.82,,,,,
2020-08-11,6.4197,14350.0,20.82,,,,,
2020-08-12,6.426,14258.0,20.82,,,,,
2020-08-13,6.3984,14101.0,20.82,,,,,
2020-08-14,6.4569,14366.0,20.82,,,,,
2020-08-17,6.5989,14599.0,20.82,,,,,
2020-08-18,6.6234,14675.0,20.82,,,,,
2020-08-19,6.6701,14725.0,20.82,,,,,
2020-08-20,6.6524,14647.0,20.82,,,,,
2020-08-21,6.6052,14691.0,20.82,,,,,
2020-08-24,6.7413,14926.0,20.82,,,,,
2020-08-25,6.7495,14976.0,20.82,,,,,
2020-08-26,6.8193,15159.0,20.82,,,,,
2020-08-27,6.8583,15191.0,20.82,,,,,
2020-08-28,6.9917,15367.0,20.82,,,,,
2020-08-31,6.9565,15450.5,20.82,,,,,
2020-09-01,7.1033,15534.0,20.82,,,,,
2020-09-02,7.1023,15706.0,20.82,,,,,
2020-09-03,6.8651,15095.0,20.82,,,,,
2020-09-04,6.8991,15293.0,20.82,,,,,
2020-09-07,6.8878,15186.0,20.82,,,,,
2020-09-08,6.8447,14888.0,20.82,,,,,
2020-09-09,6.7227,14921.0,20.82,,,,,
2020-09-10,6.6896,14832.0,20.82,,,,,
2020-09-11,6.7744,15094.0,20.82,,,,,
2020-09-14,6.8447,15274.0,20.82,,,,,
2020-09-15,6.9028,15198.0,20.82,,,,,
2020-09-16,6.8765,15226.0,20.82,,,,,
2020-09-17,6.7563,15084.0,20.82,,,,,
2020-09-18,6.7622,14904.0,20.82,,,,,
2020-09-21,6.6637,14541.0,20.82,,,,,
2020-09-22,6.6016,14606.0,20.82,,,,,
2020-09-23,6.5159,14431.0,20.82,,,,,
2020-09-24,6.4315,14262.0,20.82,,,,,
2020-09-25,6.4796,14264.0,20.82,,,,,
2020-09-28,6.539,14504.0,20.82,,,,,
2020-09-29,6.5635,14456.0,20.82,,,,,
2020-09-30,6.5249,14517.0,20.82,,,,,
2020-10-01,6.5453,14343.0,20.82,,,,,
2020-10-02,6.4732,14418.0,20.82,,,,,
2020-10-05,6.5136,14644.0,20.82,,,,,
2020-10-06,6.642,14520.0,20.82,,,,,
2020-10-07,6.6088,14604.0,20.82,,,,,
2020-10-08,6.6619,14662.0,20.82,,,,,
2020-10-09,6.7993,15221.0,20.82,,,,,
2020-10-12,6.9023,15162.0,20.82,,,,,
2020-10-13,6.8706,15040.0,20.82,,,,,
2020-10-14,6.8515,15341.0,20.82,,,,,
2020-10-15,6.964,15422.0,20.82,,,,,
2020-10-16,7.0774,15652.0,20.82,,,,,
2020-10-19,7.1001,15684.0,20.82,,,,,
2020-10-20,7.1627,16023.0,20.82,,,,,
2020-10-21,7.2865,15886.0,20.82,,,,,
2020-10-22,7.1246,15817.0,20.82,,,,,
2020-10-23,7.1522,15712.0,20.82,,,,,
2020-10-26,6.984,15657.0,20.82,,,,,
2020-10-27,7.0769,15906.0,20.82,,,,,
2020-10-28,7.1754,15733.0,20.82,,,,,
2020-10-29,6.9821,15532.0,20.82,,,,,
2020-10-30,6.92,15156.0,20.82,,,,,
2020-11-02,6.8551,15160.0,20.82,,,,,
2020-11-03,6.9694,15363.0,20.82,,,,,
2020-11-04,6.9812,15346.0,20.82,,,,,
2020-11-05,7.0395,15561.0,20.82,,,,,
2020-11-06,7.0452,15362.0,20.82,,,,,
2020-11-09,7.1949,15754.0,20.82,,,,,
2020-11-10,7.1214,15903.0,20.82,,,,,
2020-11-11,7.1699,15971.0,20.82,,,,,
2020-11-12,7.2003,15936.0,20.82,,,,,
2020-11-13,7.1736,15892.0,20.82,,,,,
2020-11-16,7.2711,15894.0,20.82,,,,,
2020-11-17,7.1228,15939.0,20.82,,,,,
2020-11-18,7.1418,15809.0,20.82,,,,,
2020-11-19,7.1169,15834.0,20.82,,,,,
2020-11-20,7.1985,16151.0,20.82,,,,,
2020-11-23,7.2652,15935.0,20.82,,,,,
2020-11-24,7.2607,16242.0,20.82,,,,,
2020-11-25,7.2461,16058.0,20.82,,,,,
2020-11-26,7.3593,16272.0,20.82,,,,,
2020-11-27,7.4267,16455.0,20.82,,,,,
2020-11-30,7.2507,16033.0,20.82,,,,,
2020-12-01,7.3037,16278.0,20.82,,,,,
2020-12-02,7.1894,16000.0,20.82,,,,,
2020-12-03,7.2289,15954.0,20.82,,,,,
2020-12-04,7.2665,16399.0,20.82,,,,,
2020-12-07,7.389,16373.0,20.82,,,,,
2020-12-08,7.4344,16398.0,20.82,,,,,
2020-12-09,7.4729,16703.0,20.82,,,,,
2020-12-10,7.6235,17430.0,20.82,,,,,
2020-12-11,7.7982,17284.0,20.82,,,,,
2020-12-14,7.9805,17590.0,20.82,,,,,
2020-12-15,7.9488,17577.0,20.82,,,,,
2020-12-16,7.8721,17411.0,20.82,,,,,
2020-12-17,7.9469,17517.0,20.82,,,,,
2020-12-18,7.961,17484.0,20.82,,,,,
2020-12-21,7.8662,17267.0,20.82,,,,,
2020-12-22,7.6716,16614.0,20.82,,,,,
2020-12-23,7.5709,16874.0,20.82,,,,,
2020-12-24,7.6888,16993.0,20.82,,,,,
2020-12-25,7.68,16972.0,20.82,,,,,
2020-12-28,7.68,16951.0,20.82,,,,,
2020-12-29,7.7124,16930.0,20.82,,,,,
2020-12-30,7.609,16779.0,20.82,,,,,
2020-12-31,7.5024,16613.0,20.82,,,,,
2021-01-01,7.5085,17008.5,20.82,,,,,
2021-01-04,7.8671,17404.0,20.82,,,,,
2021-01-05,7.9456,17682.0,20.82,,,,,
2021-01-06,8.0721,17773.0,20.82,,,,,
2021-01-07,8.1325,18109.0,20.82,,,,,
2021-01-08,8.1148,17667.0,20.82,,,,,
2021-01-11,7.7855,17086.0,20.82,,,,,
2021-01-12,8.0127,17668.0,20.82,,,,,
2021-01-13,8.0172,17678.0,20.82,,,,,
2021-01-14,8.1424,18281.0,20.82,,,,,
2021-01-15,8.1511,18007.0,20.82,,,,,
2021-01-18,8.1901,18056.0,20.82,,,,,
2021-01-19,8.1987,18215.0,20.82,,,,,
2021-01-20,8.1896,18222.0,20.82,,,,,
2021-01-21,8.3325,18395.0,20.82,,,,,
2021-01-22,8.122,18269.0,20.82,,,,,
2021-01-25,8.2735,18250.0,20.82,,,,,
2021-01-26,8.2291,18057.0,20.82,,,,,
2021-01-27,8.0821,17916.0,20.82,,,,,
2021-01-28,8.0113,17800.0,20.82,,,,,
2021-01-29,8.0408,17691.0,20.82,,,,,
2021-02-01,8.0771,17860.0,20.82,,,,,
2021-02-02,8.054,17697.0,20.82,,,,,
2021-02-03,7.9937,17645.0,20.82,,,,,
2021-02-04,7.9537,17646.0,20.82,,,,,
2021-02-05,8.1438,18029.0,20.82,,,,,
2021-02-08,8.1951,18167.0,20.82,,,,,
2021-02-09,8.318,18370.0,20.82,,,,,
2021-02-10,8.3842,18666.0,20.82,,,,,
2021-02-11,8.4364,18620.0,20.82,,,,,
2021-02-12,8.3293,18569.0,20.82,,,,,
2021-02-15,8.4423,18623.0,20.82,,,,,
2021-02-16,8.5149,18814.0,20.82,,,,,
2021-02-17,8.484,18760.0,20.82,,,,,
2021-02-18,8.6028,19148.0,20.82,,,,,
2021-02-19,8.8432,19588.0,20.82,,,,,
2021-02-22,8.9308,19493.0,20.82,,,,,
2021-02-23,8.7208,19352.0,20.82,,,,,
2021-02-24,8.7779,19709.0,20.82,,,,,
2021-02-25,8.8759,19202.0,20.82,,,,,
2021-02-26,8.44,18577.0,20.82,,,,,
2021-03-01,8.4618,18682.0,20.82,,,,,
2021-03-02,8.4277,18672.0,20.82,,,,,
2021-03-03,8.0749,17417.0,20.82,,,,,
2021-03-04,7.3228,16133.0,20.82,,,,,
2021-03-05,7.4158,16425.0,20.82,,,,,
2021-03-08,7.3096,16340.0,20.82,,,,,
2021-03-09,7.2153,16082.0,20.82,,,,,
2021-03-10,7.2756,16050.0,20.82,,,,,
2021-03-11,7.4543,16239.0,20.82,,,,,
2021-03-12,7.3291,16013.0,20.82,,,,,
2021-03-15,7.3332,16214.0,20.82,,,,,
2021-03-16,7.3169,16151.0,20.82,,,,,
2021-03-17,7.252,16071.0,20.82,,,,,
2021-03-18,7.257,16036.0,20.82,,,,,
2021-03-19,7.3124,16299.0,20.82,,,,,
2021-03-22,7.4503,16463.0,20.82,,,,,
2021-03-23,7.4961,16149.0,20.82,,,,,
2021-03-24,7.3178,16190.0,20.82,,,,,
2021-03-25,7.2502,16152.0,20.82,,,,,
2021-03-26,7.3731,16389.0,20.82,,,,,
2021-03-29,7.375,16216.0,20.82,,,,,
2021-03-30,7.4058,15948.0,20.82,,,,,
2021-03-31,7.3019,16068.0,20.82,,,,,
2021-04-01,7.2579,16214.0,20.82,,,,,
2021-04-02,7.3335,16389.333333333332,20.82,,,,,
2021-04-05,7.3335,16564.666666666668,20.82,,,,,
2021-04-06,7.4933,16740.0,20.82,,,,,
2021-04-07,7.5664,16636.0,20.82,,,,,
2021-04-08,7.6104,16828.0,20.82,,,,,
2021-04-09,7.5428,16628.0,20.82,,,,,
2021-04-12,7.3573,16134.0,20.82,,,,,
2021-04-13,7.3359,16161.0,20.82,,,,,
2021-04-14,7.3505,16378.0,20.82,,,,,
2021-04-15,7.4032,16364.0,20.82,,,,,
2021-04-16,7.4439,16363.0,20.82,,,,,
2021-04-19,7.2861,16121.0,20.82,,,,,
2021-04-20,7.3228,16038.0,20.82,,,,,
2021-04-21,7.296,16199.0,20.82,,,,,
2021-04-22,7.2616,16063.0,20.82,,,,,
2021-04-23,7.3255,16395.0,20.82,,,,,
2021-04-26,7.4611,16666.0,20.82,,,,,
2021-04-27,7.6721,16963.0,20.82,,,,,
2021-04-28,7.8122,17429.0,20.82,,,,,
2021-04-29,7.9075,17257.0,20.82,,,,,
2021-04-30,7.9274,17674.0,20.82,,,,,
2021-05-03,8.0073,17671.5,20.82,,,,,
2021-05-04,8.1016,17669.0,20.82,,,,,
2021-05-05,8.1579,17896.0,20.82,,,,,
2021-05-06,8.1388,17937.0,20.82,,,,,
2021-05-07,8.176,18082.0,20.82,,,,,
2021-05-10,8.1964,17762.0,20.82,,,,,
2021-05-11,8.1388,17936.0,20.82,,,,,
2021-05-12,8.1338,17797.0,20.82,,,,,
2021-05-13,7.7927,17323.0,20.82,,,,,
2021-05-14,7.8943,17544.0,20.82,,,,,
2021-05-17,8.039,17911.0,20.82,,,,,
2021-05-18,8.2291,17968.0,20.82,,,,,
2021-05-19,8.0195,17322.0,20.82,,,,,
2021-05-20,7.8589,17148.0,20.82,,,,,
2021-05-21,7.7324,16791.0,20.82,,,,,
2021-05-24,7.6113,17118.0,20.82,,,,,
2021-05-25,7.7678,17040.0,20.82,,,,,
2021-05-26,7.7873,17288.0,20.82,,,,,
2021-05-27,7.8762,17898.0,20.82,,,,,
2021-05-28,8.0789,18113.0,20.82,,,,,
2021-05-31,8.2,18121.5,20.82,,,,,
2021-06-01,8.2313,18130.0,20.82,,,,,
2021-06-02,8.225,18236.0,20.82,,,,,
2021-06-03,8.1397,17891.0,20.82,,,,,
2021-06-04,8.1293,18020.0,20.82,,,,,
2021-06-07,7.9946,17892.0,20.82,,,,,
2021-06-08,8.0866,17942.0,20.82,,,,,
2021-06-09,8.2046,18136.0,20.82,,,,,
2021-06-10,8.0662,18283.0,20.82,,,,,
2021-06-11,8.3021,18227.0,20.82,,,,,
2021-06-14,8.2899,18480.0,20.82,,,,,
2021-06-15,8.1234,17739.0,20.82,,,,,
2021-06-16,7.9302,17649.0,20.82,,,,,
2021-06-17,7.8413,17174.0,20.82,,,,,
2021-06-18,7.8562,17154.0,20.82,,,,,
2021-06-21,7.8517,17450.0,20.82,,,,,
2021-06-22,8.029,17744.0,20.82,,,,,
2021-06-23,8.1043,18064.0,20.82,,,,,
2021-06-24,8.2518,18407.0,20.82,,,,,
2021-06-25,8.4418,18523.0,20.82,,,,,
2021-06-28,8.327,18299.0,20.82,,,,,
2021-06-29,8.2613,18358.0,20.82,,,,,
2021-06-30,8.3688,18214.0,20.82,,,,,
2021-07-01,8.2019,18105.0,20.82,,,,,
2021-07-02,8.2286,18342.0,20.82,,,,,
2021-07-05,8.3325,18412.0,20.82,,,,,
2021-07-06,8.4101,17994.0,20.82,,,,,
2021-07-07,8.3048,18310.0,20.82,,,,,
2021-07-08,8.2463,18334.0,20.82,,,,,
2021-07-09,8.4699,18747.0,20.82,,,,,
2021-07-12,8.4214,18679.0,20.82,,,,,
2021-07-13,8.5207,18778.0,20.82,,,,,
2021-07-14,8.4772,18581.0,20.82,,,,,
2021-07-15,8.4799,18768.0,20.82,,,,,
2021-07-16,8.5706,19070.0,20.82,,,,,
2021-07-19,8.5575,18462.0,20.82,,,,,
2021-07-20,8.4232,18684.0,20.82,,,,,
2021-07-21,8.3379,18580.0,20.82,,,,,
2021-07-22,8.5593,18922.0,20.82,,,,,
2021-07-23,8.7394,19372.0,20.82,,,,,
2021-07-26,8.8369,19717.0,20.82,,,,,
2021-07-27,8.7852,19357.0,20.82,,,,,
2021-07-28,8.8827,19543.0,20.82,,,,,
2021-07-29,8.9671,19835.0,20.82,,,,,
2021-07-30,9.0229,19552.0,20.82,,,,,
2021-08-02,8.9471,19516.0,20.82,,,,,
2021-08-03,8.7652,19388.0,20.82,,,,,
2021-08-04,8.8215,19243.0,20.82,,,,,
2021-08-05,8.7448,19472.0,20.82,,,,,
2021-08-06,8.86,19214.0,20.82,,,,,
2021-08-09,8.5039,18620.0,20.82,,,,,
2021-08-10,8.4903,18952.0,20.82,,,,,
2021-08-11,8.5661,19368.0,20.82,,,,,
2021-08-12,8.8632,19678.0,20.82,,,,,
2021-08-13,8.9131,19656.0,20.82,,,,,
2021-08-16,8.8473,19510.0,20.82,,,,,
2021-08-17,8.8314,19193.0,20.82,,,,,
2021-08-18,8.6269,18887.0,20.82,,,,,
2021-08-19,8.3806,18385.0,20.82,,,,,
2021-08-20,8.4228,18463.0,20.82,,,,,
2021-08-23,8.5706,18893.0,20.82,,,,,
2021-08-24,8.6477,19074.0,20.82,,,,,
2021-08-25,8.7203,19170.0,20.82,,,,,
2021-08-26,8.5584,18772.0,20.82,,,,,
2021-08-27,8.5792,19011.0,20.82,,,,,
2021-08-30,8.6362,19279.0,20.82,,,,,
2021-08-31,8.8509,19547.0,20.82,,,,,
2021-09-01,8.8636,19332.0,20.82,,,,,
2021-09-02,8.85295,19464.0,20.82,,,,,
2021-09-03,8.8423,19789.0,20.82,,,,,
2021-09-06,8.904,19654.0,20.82,,,,,
2021-09-07,8.8677,19506.0,20.82,,,,,
2021-09-08,8.9461,19713.0,20.82,,,,,
2021-09-09,9.1662,20190.0,20.82,,,,,
2021-09-10,9.2653,20392.0,20.82,,,,,
2021-09-13,8.9634,19726.0,20.82,,,,,
2021-09-14,8.9079,19623.0,20.82,,,,,
2021-09-15,9.0864,20016.0,20.82,,,,,
2021-09-16,8.8069,19401.0,20.82,,,,,
2021-09-17,8.7947,19358.0,20.82,,,,,
2021-09-20,8.6523,19056.0,20.82,,,,,
2021-09-21,8.5448,18830.0,20.82,,,,,
2021-09-22,8.7248,19221.0,20.82,,,,,
2021-09-23,8.7877,19351.0,20.82,,,,,
2021-09-24,8.8023,19387.0,20.82,,,,,
2021-09-27,8.5999,18946.0,20.82,,,,,
2021-09-28,8.4253,18564.0,20.82,,,,,
2021-09-29,8.3268,18342.0,20.82,,,,,
2021-09-30,8.1404,17936.0,20.82,,,,,
2021-10-01,8.1511,17971.0,20.82,,,,,
2021-10-04,8.1304,17924.0,20.82,,,,,
2021-10-05,8.2248,18121.0,20.82,,,,,
2021-10-06,8.1955,18072.0,20.82,,,,,
2021-10-07,8.2842,18264.0,20.82,,,,,
2021-10-08,8.7208,19221.0,20.82,,,,,
2021-10-11,8.6814,19119.0,20.82,,,,,
2021-10-12,8.6155,18978.0,20.82,,,,,
2021-10-13,8.589,18918.0,20.82,,,,,
2021-10-14,8.7634,19294.0,20.82,,,,,
2021-10-15,9.1018,20020.0,20.82,,,,,
2021-10-18,9.09,19997.0,20.82,,,,,
2021-10-19,9.131,20050.0,20.82,,,,,
2021-10-20,9.5463,20963.0,20.82,,,,,
2021-10-21,9.0818,19930.0,20.82,,,,,
2021-10-22,9.007,19739.0,20.82,,,,,
2021-10-25,9.007,20306.0,20.82,,,,,
2021-10-26,9.1698,20091.0,20.82,,,,,
2021-10-27,8.8582,19412.0,20.82,,,,,
2021-10-28,8.9265,19574.0,20.82,,,,,
2021-10-29,8.8705,19448.0,20.82,,,,,
2021-11-01,8.992,19702.0,20.82,,,,,
2021-11-02,8.9408,19601.0,20.82,,,,,
2021-11-03,8.7375,19162.0,20.82,,,,,
2021-11-04,8.7199,19141.0,20.82,,,,,
2021-11-05,8.8473,19434.0,20.82,,,,,
2021-11-08,8.9417,19640.0,20.82,,,,,
2021-11-09,8.846,19401.0,20.82,,,,,
2021-11-10,9.0174,19754.0,20.82,,,,,
2021-11-11,9.0188,19759.0,20.82,,,,,
2021-11-12,9.1326,19979.0,20.82,,,,,
2021-11-15,8.9684,19594.0,20.82,,,,,
2021-11-16,8.8387,19394.0,20.82,,,,,
2021-11-17,8.8174,19355.0,20.82,,,,,
2021-11-18,8.9589,19639.0,20.82,,,,,
2021-11-19,9.1494,20044.0,20.82,,,,,
2021-11-22,9.2959,20336.0,20.82,,,,,
2021-11-23,9.2918,20349.0,20.82,,,,,
2021-11-24,9.5418,20846.0,20.82,,,,,
2021-11-25,9.4597,20667.0,20.82,,,,,
2021-11-26,9.1036,19897.0,20.82,,,,,
2021-11-29,9.217,20141.0,20.82,,,,,
2021-11-30,9.0741,19897.0,20.82,,,,,
2021-12-01,9.0952,19946.0,20.82,,,,,
2021-12-02,9.1022,19953.0,20.82,,,,,
2021-12-03,9.1494,20030.0,20.82,,,,,
2021-12-06,9.0544,19820.0,20.82,,,,,
2021-12-07,9.226,20189.0,20.82,,,,,
2021-12-08,9.2463,20230.0,20.82,,,,,
2021-12-09,9.061,19875.0,20.82,,,,,
2021-12-10,9.0093,19746.0,20.82,,,,,
2021-12-13,8.9829,19711.0,20.82,,,,,
2021-12-14,8.8691,19485.0,20.82,,,,,
2021-12-15,8.6922,19116.0,20.82,,,,,
2021-12-16,8.9538,19624.0,20.82,,,,,
2021-12-17,8.9594,19648.0,20.82,,,,,
2021-12-20,8.8097,19340.0,20.82,,,,,
2021-12-21,8.9412,19615.0,20.82,,,,,
2021-12-22,9.0945,19951.0,20.82,,,,,
2021-12-23,9.1186,20021.0,20.82,,,,,
2021-12-24,9.1344,20045.0,20.82,,,,,
2021-12-27,9.1344,20157.666666666668,20.82,,,,,
2021-12-28,9.1344,20270.333333333332,20.82,,,,,
2021-12-29,9.2977,20383.0,20.82,,,,,
2021-12-30,9.3885,20587.0,20.82,,,,,
2021-12-31,9.4712,20757.0,20.82,,,,,
2022-01-03,9.4712,20947.0,20.82,,,,,
2022-01-04,9.6434,21137.0,20.82,,,,,
2022-01-05,9.4148,20638.0,20.82,,,,,
2022-01-06,9.2981,20383.0,20.82,,,,,
2022-01-07,9.4615,20734.0,20.82,,,,,
2022-01-10,9.4932,20799.0,20.82,,,,,
2022-01-11,9.9727,21794.0,20.82,,,,,
2022-01-12,10.083,22064.0,20.82,,,,,
2022-01-13,10.168,22176.0,20.82,,,,,
2022-01-14,10.238,22194.0,20.82,,,,,
2022-01-17,10.232,22063.0,20.82,,,,,
2022-01-18,10.18,22073.0,20.82,,,,,
2022-01-19,10.652,23154.0,20.82,,,,,
2022-01-20,10.921,23795.0,20.82,,,,,
2022-01-21,11.031,24028.0,20.82,,,,,
2022-01-24,10.286,22404.0,20.82,,,,,
2022-01-25,10.286,22340.0,20.82,,,,,
2022-01-26,10.454,22695.0,20.82,,,,,
2022-01-27,10.339,22398.0,20.82,,,,,
2022-01-28,10.326,22332.0,20.82,,,,,
2022-01-31,10.455,22328.0,20.82,,,,,
2022-02-01,10.584,22764.0,20.82,,,,,
2022-02-02,10.578,22866.0,20.82,,,,,
2022-02-03,10.533,22866.0,20.82,,,,,
2022-02-04,10.61,22991.0,20.82,,,,,
2022-02-07,10.802,23398.0,20.82,,,,,
2022-02-08,10.443,22692.0,20.82,,,,,
2022-02-09,10.692,23187.0,20.82,,,,,
2022-02-10,10.835,23526.0,20.82,,,,,
2022-02-11,10.602,23051.0,20.82,,,,,
2022-02-14,10.673,23170.0,20.82,,,,,
2022-02-15,10.692,23292.0,20.82,,,,,
2022-02-16,10.759,23406.0,20.82,,,,,
2022-02-17,11.001,23886.0,20.82,,,,,
2022-02-18,11.162,24144.0,20.82,,,,,
2022-02-21,11.281,24349.0,20.82,,,,,
2022-02-22,11.432,24558.0,20.82,,,,,
2022-02-23,11.289,24396.0,20.82,,,,,
2022-02-24,11.445,24716.0,20.82,,,,,
2022-02-25,11.266,24361.0,20.82,,,,,
2022-02-28,11.186,24282.0,20.82,,,,,
2022-03-01,11.592,25103.0,20.82,,,,,
2022-03-02,12.015,25879.0,20.82,,,,,
2022-03-03,12.511,26897.0,20.82,,,,,
2022-03-04,13.43,28919.0,20.82,,,,,
2022-03-07,17.647,48078.0,20.82,,,,,
2022-03-08,21.864,47663.333333333336,20.82,,,,,
2022-03-09,21.868,47248.666666666664,20.82,,,,,
2022-03-10,21.882,46834.0,20.82,,,,,
2022-03-11,21.875,46419.333333333336,20.82,,,,,
2022-03-14,21.868,46004.666666666664,20.82,,,,,
2022-03-16,20.679,45590.0,20.82,,,,,
2022-03-17,19.11,41945.0,20.82,,,,,
2022-03-18,16.835,36915.0,20.82,,,,,
2022-03-21,14.324,31380.0,20.82,,,,,
2022-03-22,12.76,28159.0,20.82,,,,,
2022-03-23,14.813500000000001,32380.0,20.82,,,,,
2022-03-24,16.867,37235.0,20.82,,,,,
2022-03-25,16.088,35491.0,20.82,,,,,
2022-03-28,14.84,32725.0,20.82,,,,,
2022-03-29,14.889,31803.0,20.82,,,,,
2022-03-30,14.938,32893.0,20.82,,,,,
2022-03-31,14.557,32107.0,20.82,,,,,
2022-04-01,15.067,33223.0,20.82,,,,,
2022-04-04,15.073,33245.0,20.82,,,,,
2022-04-05,15.107,33312.0,20.82,,,,,
2022-04-06,15.181,33467.0,20.82,,,,,
2022-04-07,15.286,33698.0,20.82,,,,,
2022-04-08,15.362,33855.0,20.82,,,,,
2022-04-11,14.727,32483.0,20.82,,,,,
2022-04-12,14.72,32488.0,20.82,,,,,
2022-04-13,14.944,32981.0,20.82,,,,,
2022-04-14,15.034,33175.0,20.82,,,,,
2022-04-15,15.034,33372.666666666664,20.82,,,,,
2022-04-18,15.034,33570.333333333336,20.82,,,,,
2022-04-19,15.293,33768.0,20.82,,,,,
2022-04-20,15.179,33505.0,20.82,,,,,
2022-04-21,15.365,33911.0,20.82,,,,,
2022-04-22,15.0,33107.0,20.82,,,,,
2022-04-25,14.79,32636.0,20.82,,,,,
2022-04-26,14.993,33076.0,20.82,,,,,
2022-04-27,15.096,33300.0,20.82,,,,,
2022-04-28,14.938,32977.0,20.82,,,,,
2022-04-29,14.389,31771.0,20.82,,,,,
2022-05-02,14.389,31373.0,20.82,,,,,
2022-05-03,14.011,30975.0,20.82,,,,,
2022-05-04,13.845,30638.0,20.82,,,,,
2022-05-05,13.614,30114.0,20.82,,,,,
2022-05-06,13.595,30076.0,20.82,,,,,
2022-05-09,12.735,28185.0,20.82,,,,,
2022-05-10,12.841,28414.0,20.82,,,,,
2022-05-11,12.57,27806.0,20.82,,,,,
2022-05-12,12.576,27810.0,20.82,,,,,
2022-05-13,12.325,27262.0,20.82,,,,,
2022-05-16,11.997,26549.0,20.82,,,,,
2022-05-17,11.942,26406.0,20.82,,,,,
2022-05-18,11.842,26159.0,20.82,,,,,
2022-05-19,12.793,28231.0,20.82,,,,,
2022-05-20,12.674,27973.0,20.82,,,,,
2022-05-23,12.561,27732.0,20.82,,,,,
2022-05-24,12.022,26550.0,20.82,,,,,
2022-05-25,12.125,26788.0,20.82,,,,,
2022-05-26,12.317,27198.0,20.82,,,,,
2022-05-27,12.807,28284.0,20.82,,,,,
2022-05-30,13.259,29279.0,20.82,,,,,
2022-05-31,12.856,28392.0,20.82,,,,,
2022-06-01,12.728,28119.0,20.82,,,,,
2022-06-02,12.728,28646.333333333332,20.82,,,,,
2022-06-03,12.728,29173.666666666668,20.82,,,,,
2022-06-06,13.439,29701.0,20.82,,,,,
2022-06-07,13.336,29481.0,20.82,,,,,
2022-06-08,13.052,28855.0,20.82,,,,,
2022-06-09,12.676,28023.0,20.82,,,,,
2022-06-10,12.332,27264.0,20.82,,,,,
2022-06-13,11.72,25929.0,20.82,,,,,
2022-06-14,11.411,25259.0,20.82,,,,,
2022-06-15,11.684,25857.0,20.82,,,,,
2022-06-16,11.417,25259.0,20.82,,,,,
2022-06-17,11.603,25669.0,20.82,,,,,
2022-06-20,11.644,25738.0,20.82,,,,,
2022-06-21,11.746,25949.0,20.82,,,,,
2022-06-22,11.063,24449.0,20.82,,,,,
2022-06-23,10.883,24038.0,20.82,,,,,
2022-06-24,10.142,22400.0,20.82,,,,,
2022-06-27,10.363,22882.0,20.82,,,,,
2022-06-28,10.487,23158.0,20.82,,,,,
2022-06-29,10.773,23773.0,20.82,,,,,
2022-06-30,10.271,22698.0,20.82,,,,,
2022-07-01,9.8729,21824.0,20.82,,,,,
2022-07-04,10.182,22499.0,20.82,,,,,
2022-07-05,10.243,22652.0,20.82,,,,,
2022-07-06,9.8774,21849.0,20.82,,,,,
2022-07-07,9.7377,21535.0,20.82,,,,,
2022-07-08,9.7575,21581.0,20.82,,,,,
2022-07-11,9.8833,21839.0,20.82,,,,,
2022-07-12,9.6706,21374.0,20.82,,,,,
2022-07-13,9.5679,21150.0,20.82,,,,,
2022-07-14,8.7754,19402.0,20.82,,,,,
2022-07-15,8.7693,19385.0,20.82,,,,,
2022-07-18,9.346,20652.0,20.82,,,,,
2022-07-19,9.3179,20596.0,20.82,,,,,
2022-07-20,9.5841,21179.0,20.82,,,,,
2022-07-21,9.7209,21478.0,20.82,,,,,
2022-07-22,10.015,22122.0,20.82,,,,,
2022-07-25,10.057,22228.0,20.82,,,,,
2022-07-26,9.7581,21571.0,20.82,,,,,
2022-07-27,9.8674,21813.0,20.82,,,,,
2022-07-28,9.926,21935.0,20.82,,,,,
2022-07-29,10.695,23619.0,20.82,,,,,
2022-08-01,10.669,23575.0,20.82,,,,,
2022-08-02,10.176,22492.0,20.82,,,,,
2022-08-03,10.104,22332.0,20.82,,,,,
2022-08-04,10.041,22210.0,20.82,,,,,
2022-08-05,10.048,22216.0,20.82,,,,,
2022-08-08,9.8039,21685.0,20.82,,,,,
2022-08-09,9.7477,21561.0,20.82,,,,,
2022-08-10,10.17,22490.0,20.82,,,,,
2022-08-11,10.698,23659.0,20.82,,,,,
2022-08-12,10.416,23036.0,20.82,,,,,
2022-08-15,9.9508,22013.0,20.82,,,,,
2022-08-16,10.051,22235.0,20.82,,,,,
2022-08-17,9.8915,21885.0,20.82,,,,,
2022-08-18,9.8448,21780.0,20.82,,,,,
2022-08-19,10.059,22258.0,20.82,,,,,
2022-08-22,10.094,22343.0,20.82,,,,,
2022-08-23,9.8231,21745.0,20.82,,,,,
2022-08-24,9.6445,21354.0,20.82,,,,,
2022-08-25,9.7876,21677.0,20.82,,,,,
2022-08-26,9.7704,21633.0,20.82,,,,,
2022-08-29,9.7704,21501.0,20.82,,,,,
2022-08-30,9.6493,21369.0,20.82,,,,,
2022-08-31,9.672,21411.0,20.82,,,,,
2022-09-01,9.1846,20311.0,20.82,,,,,
2022-09-02,9.2878,20529.0,20.82,,,,,
2022-09-05,9.7178,21458.0,20.82,,,,,
2022-09-06,9.7668,21574.0,20.82,,,,,
2022-09-07,9.7622,21580.0,20.82,,,,,
2022-09-08,9.8502,21753.0,20.82,,,,,
2022-09-09,10.414,22994.0,20.82,,,,,
2022-09-12,11.13,24577.0,20.82,,,,,
2022-09-13,11.003,24281.0,20.82,,,,,
2022-09-14,10.97,24217.0,20.82,,,,,
2022-09-15,10.476,23127.0,20.82,,,,,
2022-09-16,10.99,24249.0,20.82,,,,,
2022-09-19,11.138,24594.0,20.82,,,,,
2022-09-20,11.3,24964.0,20.82,,,,,
2022-09-21,11.286,24949.0,20.82,,,,,
2022-09-22,11.105,24562.0,20.82,,,,,
2022-09-23,10.568,23411.0,20.82,,,,,
2022-09-26,9.9967,22206.0,20.82,,,,,
2022-09-27,9.8534,21858.0,20.82,,,,,
2022-09-28,9.8396,21805.0,20.82,,,,,
2022-09-29,10.092,22348.0,20.82,,,,,
2022-09-30,9.5309,21107.0,20.82,,,,,
2022-10-03,9.5896,21258.0,20.82,,,,,
2022-10-04,9.9491,22055.0,20.82,,,,,
2022-10-05,10.193,22588.0,20.82,,,,,
2022-10-06,10.281,22782.0,20.82,,,,,
2022-10-07,10.145,22487.0,20.82,,,,,
2022-10-10,10.107,22412.0,20.82,,,,,
2022-10-11,9.9405,22079.0,20.82,,,,,
2022-10-12,10.043,22292.0,20.82,,,,,
2022-10-13,10.115,22427.0,20.82,,,,,
2022-10-14,9.8252,21777.0,20.82,,,,,
2022-10-17,9.7119,21541.0,20.82,,,,,
2022-10-18,9.8606,21876.0,20.82,,,,,
2022-10-19,9.8965,21945.0,20.82,,,,,
2022-10-20,10.018,22196.0,20.82,,,,,
2022-10-21,9.9105,21949.0,20.82,,,,,
2022-10-24,10.048,22248.0,20.82,,,,,
2022-10-25,10.07,22322.0,20.82,,,,,
2022-10-26,10.233,22670.0,20.82,,,,,
2022-10-27,10.103,22384.0,20.82,,,,,
2022-10-28,9.9883,22134.0,20.82,,,,,
2022-10-31,9.8452,21809.0,20.82,,,,,
2022-11-01,10.665,23600.0,20.82,,,,,
2022-11-02,10.915,24145.0,20.82,,,,,
2022-11-03,10.298,22803.0,20.82,,,,,
2022-11-04,10.76,23811.0,20.82,,,,,
2022-11-07,10.564,23395.0,20.82,,,,,
2022-11-08,10.844,24012.0,20.82,,,,,
2022-11-09,11.156,24688.0,20.82,,,,,
2022-11-10,11.727,25949.0,20.82,,,,,
2022-11-11,12.182,26925.0,20.82,,,,,
2022-11-14,13.048,28840.0,20.82,,,,,
2022-11-15,13.689,30254.0,20.82,,,,,
2022-11-16,12.4985,27532.0,20.82,,,,,
2022-11-17,11.308,25064.0,20.82,,,,,
2022-11-18,11.454,25385.0,20.82,,,,,
2022-11-21,11.262,24983.0,20.82,,,,,
2022-11-22,11.746,26022.0,20.82,,,,,
2022-11-23,11.863,26293.0,20.82,,,,,
2022-11-24,11.787,26100.0,20.82,,,,,
2022-11-25,11.478,25416.0,20.82,,,,,
2022-11-28,11.572,25639.0,20.82,,,,,
2022-11-29,12.131,26861.0,20.82,,,,,
2022-11-30,12.198,26987.0,20.82,,,,,
2022-12-01,12.472,27601.0,20.82,,,,,
2022-12-02,13.041,28862.0,20.82,,,,,
2022-12-05,12.953,28680.0,20.82,,,,,
2022-12-06,13.219,29271.0,20.82,,,,,
2022-12-07,14.189,31441.0,20.82,,,,,
2022-12-08,13.398,29725.0,20.82,,,,,
2022-12-09,13.249,29433.0,20.82,,,,,
2022-12-12,13.256,29518.0,20.82,,,,,
2022-12-13,12.704,28287.0,20.82,,,,,
2022-12-14,12.765,28365.0,20.82,,,,,
2022-12-15,12.747,28311.0,20.82,,,,,
2022-12-16,12.761,28273.0,20.82,,,,,
2022-12-19,12.28,27215.0,20.82,,,,,
2022-12-20,12.791,28334.0,20.82,,,,,
2022-12-21,13.35,29591.0,20.82,,,,,
2022-12-22,13.188,29240.0,20.82,,,,,
2022-12-23,13.325,29547.0,20.82,,,,,
2022-12-26,13.325,29841.666666666668,20.82,,,,,
2022-12-27,13.325,30136.333333333332,20.82,,,,,
2022-12-28,13.714,30431.0,20.82,,,,,
2022-12-29,13.643,30259.0,20.82,,,,,
2022-12-30,13.556,30048.0,20.82,,,,,
2023-01-02,13.556,30583.0,20.82,,,,,
2023-01-03,14.042,31118.0,20.82,,,,,
2023-01-04,13.434,29768.0,20.82,,,,,
2023-01-05,12.519,27748.0,20.82,,,,,
2023-01-06,12.657,28079.0,20.82,,,,,
2023-01-09,12.344,27434.0,20.82,,,,,
2023-01-10,12.353,27466.0,20.82,,,,,
2023-01-11,12.173,27039.0,20.82,,,,,
2023-01-12,12.169,27013.0,20.82,,,,,
2023-01-13,12.065,26795.0,20.82,,,,,
2023-01-16,12.259,27217.0,20.82,,,,,
2023-01-17,12.013,26690.0,20.82,,,,,
2023-01-18,12.542,27844.0,20.82,,,,,
2023-01-19,12.744,29346.0,20.82,,,,,
2023-01-20,12.946,28771.0,20.82,,,,,
2023-01-23,12.653,28110.0,20.82,,,,,
2023-01-24,12.955,28782.0,20.82,,,,,
2023-01-25,13.133,29182.0,20.82,,,,,
2023-01-26,13.242,29427.0,20.82,,,,,
2023-01-27,13.006,28902.0,20.82,,,,,
2023-01-30,13.162,29219.0,20.82,,,,,
2023-01-31,13.677,30344.0,20.82,,,,,
2023-02-01,13.196,29296.0,20.82,,,,,
2023-02-02,13.431,29790.0,20.82,,,,,
2023-02-03,12.894,28612.0,20.82,,,,,
2023-02-06,12.271,27258.0,20.82,,,,,
2023-02-07,12.266,27248.0,20.82,,,,,
2023-02-08,12.334,27390.0,20.82,,,,,
2023-02-09,13.132,29142.0,20.82,,,,,
2023-02-10,12.508,27794.0,20.82,,,,,
2023-02-13,11.979,26627.0,20.82,,,,,
2023-02-14,11.896,26459.0,20.82,,,,,
2023-02-15,11.752,26143.0,20.82,,,,,
2023-02-16,11.915,26489.0,20.82,,,,,
2023-02-17,11.599,25793.0,20.82,,,,,
2023-02-20,12.121,26932.0,20.82,,,,,
2023-02-21,12.193,27105.0,20.82,,,,,
2023-02-22,11.893,26431.0,20.82,,,,,
2023-02-23,11.467,25387.0,20.82,,,,,
2023-02-24,11.041,24554.0,20.82,,,,,
2023-02-27,11.477,25505.0,20.82,,,,,
2023-02-28,11.154,24794.0,20.82,,,,,
2023-03-01,11.193,24890.0,20.82,,,,,
2023-03-02,10.967,24395.0,20.82,,,,,
2023-03-03,11.061,24597.0,20.82,,,,,
2023-03-06,10.979,24430.0,20.82,,,,,
2023-03-07,10.85,24145.0,20.82,,,,,
2023-03-08,10.773,23974.0,20.82,,,,,
2023-03-09,10.458,23269.0,20.82,,,,,
2023-03-10,10.201,22684.0,20.82,,,,,
2023-03-13,10.4,23123.0,20.82,,,,,
2023-03-14,10.356,23040.0,20.82,,,,,
2023-03-15,10.336,23003.0,20.82,,,,,
2023-03-16,10.441,23236.0,20.82,,,,,
2023-03-17,10.499,23364.0,20.82,,,,,
2023-03-20,10.231,22797.0,20.82,,,,,
2023-03-21,10.096,22514.0,20.82,,,,,
2023-03-22,10.037,22461.0,20.82,,,"21,11","20,82","21,15"
2023-03-23,10.1,22517.0,20.75,"-0,07","-0,36%","21,02","20,69","21,14"
2023-03-24,10.554,23468.0,20.79,"+0,04","+0,20%","20,64","20,64","20,88"
2023-03-27,10.734,23843.0,20.8,"+0,01","+0,04%","20,96","20,78","20,96"
2023-03-28,10.842,24074.0,21.51,"+0,71","+3,41%","21,31","21,31","21,51"
2023-03-29,10.69,23743.0,21.73,"+0,23","+1,06%","21,60","21,60","21,80"
2023-03-30,10.436,23199.0,21.76,"+0,02","+0,11%","21,68","21,60","21,77"
2023-03-31,10.728,23838.0,22.12,"+0,36","+1,64%","22,08","21,93","22,12"
2023-04-03,10.514,23372.0,22.21,"+0,09","+0,41%","22,15","22,00","22,26"
2023-04-04,10.392,23124.0,21.86,"-0,34","-1,54%","21,77","21,77","21,89"
2023-04-05,10.203,22706.0,21.72,"-0,14","-0,66%","21,71","21,71","21,72"
2023-04-06,10.277,22800.0,21.42,"-0,31","-1,40%","21,48","21,28","21,48"
2023-04-07,10.277,23024.0,21.455,,,,,
2023-04-10,10.277,23248.0,21.49,"+0,07","+0,33%","21,29","21,29","21,51"
2023-04-11,10.552,23472.0,21.78,"+0,29","+1,35%","21,71","21,71","21,80"
2023-04-12,10.607,23579.0,21.73,"-0,04","-0,21%","21,97","21,73","21,97"
2023-04-13,10.682,23698.0,22.37,"+0,63","+2,92%","22,10","22,10","22,52"
2023-04-14,10.898,24132.0,22.39,"+0,02","+0,11%","22,38","22,30","22,39"
2023-04-17,11.174,24701.0,22.26,"-0,13","-0,58%","22,41","22,20","22,41"
2023-04-18,11.609,25633.0,22.37,"+0,11","+0,48%","22,43","22,30","22,46"
2023-04-19,11.53,25551.0,22.49,"+0,13","+0,58%","22,49","22,47","22,53"
2023-04-20,11.305,25061.0,22.17,"-0,33","-1,46%","22,30","22,07","22,30"
2023-04-21,11.065,24477.0,21.96,"-0,20","-0,92%","22,01","21,83","22,03"
2023-04-24,11.114,24582.0,21.92,"-0,04","-0,20%","22,03","21,85","22,03"
2023-04-25,10.554,23341.0,21.61,"-0,32","-1,44%","21,85","21,56","21,86"
2023-04-26,10.72,23646.0,21.41,"-0,20","-0,91%","21,54","21,41","21,54"
2023-04-27,10.914,24099.0,21.71,"+0,30","+1,41%","21,65","21,65","21,71"
2023-04-28,10.982,24219.0,21.93,"+0,22","+1,01%","22,00","21,93","22,00"
2023-05-01,10.982,24592.0,21.65,"-0,28","-1,28%","21,93","21,65","21,93"
2023-05-02,11.317,24965.0,21.56,"-0,09","-0,42%","21,56","21,56","21,56"
2023-05-03,11.199,24743.0,21.63,"+0,07","+0,33%","21,73","21,63","21,73"
2023-05-04,10.869,23997.0,21.84,"+0,21","+0,97%","21,80","21,80","21,84"
2023-05-05,11.089,24531.0,22.27,"+0,43","+1,95%","22,17","22,17","22,27"
2023-05-08,11.089,24019.0,22.29,"+0,02","+0,09%","22,34","22,29","22,45"
2023-05-09,10.618,23507.0,22.14,"-0,15","-0,67%","22,14","22,14","22,14"
2023-05-10,10.183,22531.0,22.16,"+0,02","+0,11%","22,15","22,03","22,19"
2023-05-11,9.8443,21780.0,21.7,"-0,47","-2,10%","21,80","21,45","21,80"
2023-05-12,10.029,22217.0,21.25,"-0,45","-2,06%","21,50","21,25","21,50"
2023-05-15,9.7453,21622.0,21.32,"+0,07","+0,31%","21,30","21,30","21,35"
2023-05-16,9.5191,21122.0,20.77,"-0,54","-2,56%","21,04","20,77","21,04"
2023-05-17,9.623,21334.0,20.92,"+0,14","+0,70%","20,80","20,80","21,00"
2023-05-18,9.4403,20934.0,20.91,"-0,00","-0,02%","20,80","20,78","20,91"
2023-05-19,9.603,21278.0,20.89,"-0,02","-0,10%","20,93","20,89","20,93"
2023-05-22,9.6493,21413.0,20.83,"-0,06","-0,28%","20,80","20,80","20,83"
2023-05-23,9.452,21047.0,20.41,"-0,43","-2,05%","20,61","20,41","20,64"
2023-05-24,9.3086,20732.0,20.05,"-0,36","-1,74%","20,21","20,05","20,21"
2023-05-25,9.5497,21228.0,19.87,"-0,18","-0,90%","19,97","19,87","19,97"
2023-05-26,9.5411,21162.0,20.19,"+0,32","+1,61%","20,16","20,16","20,23"
2023-05-29,9.5411,21094.5,20.22,,,,,
2023-05-30,9.4644,21027.0,20.25,"+0,05","+0,27%","20,33","20,25","20,33"
2023-05-31,9.2683,20588.0,19.98,"-0,27","-1,31%","20,04","19,92","20,04"
2023-06-01,9.6094,21318.0,20.07,"+0,09","+0,45%","19,85","19,85","20,07"
2023-06-02,9.5667,21211.0,20.53,"+0,46","+2,29%","20,31","20,31","20,60"
2023-06-05,9.4211,20898.0,20.44,"-0,09","-0,44%","20,60","20,40","20,65"
2023-06-06,9.4556,20968.0,20.79,"+0,35","+1,70%","20,60","20,60","20,79"
2023-06-07,9.6656,21417.0,20.52,"-0,27","-1,29%","20,70","20,47","20,70"
2023-06-08,9.5304,21132.0,20.59,"+0,07","+0,35%","20,62","20,59","20,67"
2023-06-09,9.5395,21170.0,21.09,"+0,50","+2,41%","21,12","21,09","21,16"
2023-06-12,9.3721,20755.0,21.22,"+0,13","+0,62%","21,17","21,17","21,38"
2023-06-13,9.9246,21952.0,21.47,"+0,25","+1,16%","21,47","21,47","21,47"
2023-06-14,10.268,22720.0,21.69,"+0,22","+1,04%","21,59","21,54","21,69"
2023-06-15,10.388,22993.0,21.72,"+0,04","+0,16%","21,58","21,58","21,78"
2023-06-16,10.413,23034.0,22.04,"+0,31","+1,45%","22,15","22,03","22,19"
2023-06-19,10.161,22503.0,21.884999999999998,,,,,
2023-06-20,9.9423,22039.0,21.73,"-0,31","-1,42%","21,76","21,61","21,76"
2023-06-21,9.5554,21238.0,21.94,"+0,21","+0,97%","21,73","21,73","21,97"
2023-06-22,9.5334,21182.0,21.65,"-0,29","-1,32%","21,77","21,65","21,77"
2023-06-23,9.5785,21311.0,21.42,"-0,22","-1,04%","21,34","21,32","21,42"
2023-06-26,9.1129,20305.0,21.59,"+0,16","+0,77%","21,53","21,53","21,59"
2023-06-27,9.3354,20789.0,21.58,"-0,01","-0,03%","21,54","21,52","21,58"
2023-06-28,9.0065,20056.0,21.32,"-0,26","-1,20%","21,46","21,32","21,46"
2023-06-29,9.2796,20634.0,21.4,"+0,08","+0,35%","21,36","21,31","21,40"
2023-06-30,9.2288,20516.0,21.49,"+0,09","+0,44%","21,51","21,49","21,67"
2023-07-03,9.256,20580.0,21.95,"+0,46","+2,13%","21,88","21,86","21,95"
2023-07-04,9.2233,20508.0,22.02,,,,,
2023-07-05,9.5393,21207.0,22.09,"+0,14","+0,66%","22,17","22,09","22,17"
2023-07-06,9.5361,21209.0,21.86,"-0,24","-1,07%","21,89","21,86","21,89"
2023-07-07,9.3467,20804.0,22.0,"+0,15","+0,66%","21,86","21,86","22,14"
2023-07-10,9.442,21014.0,21.95,"-0,05","-0,25%","21,97","21,94","21,97"
2023-07-11,9.2991,20704.0,22.21,"+0,26","+1,18%","22,21","22,21","22,21"
2023-07-12,9.7361,21685.0,22.61,"+0,40","+1,80%","22,41","22,40","22,69"
2023-07-13,9.5626,21294.0,23.16,"+0,56","+2,46%","23,00","22,94","23,19"
2023-07-14,9.7071,21630.0,22.92,"-0,24","-1,04%","23,00","22,92","23,00"
2023-07-17,9.4393,21054.0,22.42,"-0,50","-2,18%","22,61","22,39","22,61"
2023-07-18,9.4529,21084.0,22.2,"-0,23","-1,00%","22,31","22,09","22,31"
2023-07-19,9.3717,20907.0,21.89,"-0,31","-1,37%","22,04","21,89","22,04"
2023-07-20,9.5477,21280.0,22.12,"+0,23","+1,06%","22,14","22,12","22,14"
2023-07-21,9.3161,20769.0,22.02,"-0,11","-0,48%","21,96","21,96","22,04"
2023-07-24,9.6157,21428.0,21.69,"-0,32","-1,48%","21,78","21,67","21,81"
2023-07-25,10.07,22450.0,21.86,"+0,16","+0,76%","21,86","21,86","21,86"
2023-07-26,9.6797,21590.0,21.91,"+0,05","+0,25%","21,91","21,91","21,91"
2023-07-27,9.7336,21689.0,21.4,"-0,51","-2,33%","21,73","21,40","21,73"
2023-07-28,10.015,22307.0,21.48,"+0,08","+0,35%","21,55","21,47","21,55"
2023-07-31,10.014,22293.0,21.59,"+0,11","+0,54%","21,58","21,57","21,59"
2023-08-01,10.044,22358.0,21.39,"-0,20","-0,93%","21,39","21,39","21,39"
2023-08-02,9.6792,21560.0,21.16,"-0,23","-1,08%","21,16","21,16","21,16"
2023-08-03,9.6928,21607.0,21.28,"+0,12","+0,58%","21,15","21,15","21,30"
2023-08-04,9.5626,21310.0,21.65,"+0,36","+1,71%","21,71","21,65","21,71"
2023-08-07,9.4633,21102.0,21.73,"+0,08","+0,36%","21,73","21,73","21,73"
2023-08-08,9.3408,20841.0,21.45,"-0,27","-1,24%","21,44","21,42","21,45"
2023-08-09,9.2104,20554.0,21.09,"-0,37","-1,72%","21,23","21,03","21,23"
2023-08-10,9.1503,20441.0,20.89,"-0,19","-0,91%","21,09","20,89","21,09"
2023-08-11,9.0505,20241.0,20.45,"-0,44","-2,13%","20,58","20,42","20,58"
2023-08-14,8.9761,20093.0,20.5,"+0,05","+0,26%","20,50","20,50","20,50"
2023-08-15,8.8446,19780.0,20.18,"-0,32","-1,57%","20,20","20,18","20,20"
2023-08-16,8.8587,19804.0,20.06,"-0,12","-0,61%","20,16","20,03","20,16"
2023-08-17,9.0841,20277.0,19.79,"-0,27","-1,34%","20,00","19,79","20,00"
2023-08-18,9.0297,20131.0,19.79,"-0,00","-0,01%","19,78","19,75","19,90"
2023-08-21,9.0108,20119.0,19.97,"+0,18","+0,94%","19,85","19,83","19,97"
2023-08-22,9.1911,20504.0,20.09,"+0,12","+0,61%","20,32","20,09","20,32"
2023-08-23,9.3993,20956.0,20.26,"+0,17","+0,82%","20,00","20,00","20,26"
2023-08-24,9.3535,20829.0,19.83,"-0,43","-2,12%","19,99","19,83","20,00"
2023-08-25,9.3513,20795.0,19.78,"-0,05","-0,24%","19,75","19,75","19,78"
2023-08-28,9.3513,20739.0,19.82,"+0,04","+0,18%","19,82","19,82","19,86"
2023-08-29,9.2923,20683.0,19.96,"+0,15","+0,73%","19,68","19,68","19,96"
2023-08-30,9.2611,20631.0,19.83,"-0,13","-0,63%","19,80","19,80","19,83"
2023-08-31,9.1113,20289.0,19.9,"+0,06","+0,31%","19,94","19,85","19,95"
2023-09-01,9.476,21085.0,20.15,"+0,26","+1,29%","20,15","20,15","20,15"
2023-09-04,9.4538,21040.0,20.17,,,,,
2023-09-05,9.4531,21039.0,20.19,"+0,04","+0,20%","20,20","20,14","20,25"
2023-09-06,8.23395,20593.0,20.1,"-0,10","-0,47%","20,19","20,05","20,19"
2023-09-07,7.0148,20482.0,20.11,"+0,02","+0,07%","20,08","20,08","20,11"
2023-09-08,7.0148,20052.0,19.94,"-0,18","-0,87%","19,86","19,86","19,94"
2023-09-11,7.971550000000001,20485.0,19.97,"+0,04","+0,18%","19,94","19,94","19,97"
2023-09-12,8.9283,19923.0,19.99,"+0,02","+0,10%","19,99","19,99","19,99"
2023-09-13,9.0074,20069.0,19.9,"-0,09","-0,45%","19,93","19,90","19,93"
2023-09-14,9.114,20343.0,20.1,"+0,20","+1,01%","19,89","19,89","20,17"
2023-09-15,8.9233,19924.0,20.14,"+0,04","+0,17%","20,04","20,04","20,14"
2023-09-18,8.8977,19877.0,19.71,"-0,43","-2,14%","20,14","19,71","20,14"
2023-09-19,8.9227,19919.0,19.68,"-0,02","-0,13%","19,73","19,64","19,73"
2023-09-20,8.7661,19593.0,19.52,"-0,16","-0,84%","19,47","19,47","19,52"
2023-09-21,8.5586,19123.0,18.98,"-0,54","-2,76%","19,09","18,98","19,09"
2023-09-22,8.6967,19418.0,19.29,"+0,31","+1,63%","19,39","19,29","19,39"
2023-09-25,8.5543,19120.0,19.11,"-0,18","-0,94%","19,11","19,11","19,11"
2023-09-26,8.4468,18877.0,18.77,"-0,34","-1,75%","19,03","18,77","19,03"
2023-09-27,8.5022,19003.0,18.62,"-0,15","-0,80%","18,60","18,60","18,62"
2023-09-28,8.4522,18887.0,19.07,"+0,45","+2,44%","19,13","19,07","19,13"
2023-09-29,8.3642,18694.0,19.13,"+0,06","+0,31%","19,45","19,05","19,45"
2023-10-02,8.3851,18749.0,18.48,"-0,65","-3,41%","18,60","18,43","18,60"
2023-10-03,8.369,18728.0,18.07,"-0,41","-2,25%","18,28","18,07","18,28"
2023-10-04,8.3657,18723.0,17.89,"-0,18","-0,97%","18,00","17,82","18,00"
2023-10-05,8.2669,18490.0,17.74,"-0,15","-0,84%","17,78","17,68","17,78"
2023-10-06,8.3054,18582.0,17.84,"+0,10","+0,54%","17,53","17,53","17,84"
2023-10-09,8.4636,18939.0,17.41,"-0,43","-2,38%","17,22","17,22","17,41"
2023-10-10,8.3457,18682.0,17.63,"+0,22","+1,23%","17,52","17,52","17,63"
2023-10-11,8.2037,18371.0,17.81,"+0,19","+1,07%","17,81","17,81","17,81"
2023-10-12,8.3742,18728.0,17.43,"-0,39","-2,18%","17,43","17,43","17,43"
2023-10-13,8.3339,18546.0,17.52,"+0,09","+0,55%","17,40","17,40","17,52"
2023-10-16,8.2936,18602.0,17.72,"+0,20","+1,14%","17,72","17,72","17,72"
2023-10-17,8.3141,18593.0,17.88,"+0,16","+0,90%","17,80","17,80","17,90"
2023-10-18,8.3157,18655.0,17.42,"-0,46","-2,57%","17,51","17,42","17,51"
2023-10-19,8.3493,18520.0,17.38,"-0,04","-0,23%","17,38","17,38","17,38"
2023-10-20,8.2926,18588.0,17.12,"-0,26","-1,50%","17,21","17,12","17,21"
2023-10-23,8.3488,18177.0,16.91,"-0,21","-1,23%","16,88","16,82","17,01"
2023-10-24,8.1408,18274.0,17.18,"+0,27","+1,57%","17,18","17,18","17,21"
2023-10-25,8.1837,18317.0,16.81,"-0,37","-2,13%","17,08","16,81","17,08"
2023-10-26,8.2032,18079.0,17.76,"+0,95","+5,65%","17,66","17,58","17,85"
2023-10-27,8.0962,18374.0,17.55,"-0,21","-1,18%","17,55","17,55","17,55"
2023-10-30,8.2336,18489.0,17.7,"+0,15","+0,85%","17,69","17,56","17,70"
2023-10-31,8.2858,18130.0,17.32,"-0,38","-2,15%","17,32","17,32","17,32"
2023-11-01,8.1207,18014.0,17.71,"+0,39","+2,25%","17,68","17,68","17,71"
2023-11-02,8.069,17979.0,18.03,"+0,32","+1,81%","18,03","18,03","18,03"
2023-11-03,8.0531,18223.0,18.48,"+0,45","+2,50%","18,30","18,30","18,48"
2023-11-06,8.1576,18445.0,18.16,"-0,32","-1,73%","18,16","18,16","18,16"
2023-11-07,8.2554,17912.0,17.97,"-0,19","-1,05%","18,08","17,97","18,08"
2023-11-08,8.0132,18094.0,17.98,"+0,01","+0,06%","17,98","17,98","17,98"
2023-11-09,8.1003,17813.0,17.94,"-0,04","-0,22%","18,00","17,94","18,05"
2023-11-10,7.9757,17257.0,17.7,"-0,24","-1,34%","17,70","17,70","17,70"
2023-11-13,7.7226,17398.0,17.61,"-0,09","-0,51%","17,63","17,34","17,71"
2023-11-14,7.7868,17487.0,18.14,"+0,53","+3,01%","18,14","18,14","18,14"
2023-11-15,7.8249,17421.0,17.88,"-0,26","-1,43%","18,00","17,88","18,00"
2023-11-16,7.7945,17020.0,17.68,"-0,20","-1,10%","17,86","17,64","17,86"
2023-11-17,7.6145,16904.0,17.9,"+0,22","+1,23%","17,83","17,75","17,90"
2023-11-20,7.5625,16952.0,18.29,"+0,39","+2,18%","18,15","18,13","18,29"
2023-11-21,7.5845,16992.0,18.02,"-0,27","-1,48%","17,91","17,89","18,14"
2023-11-22,7.5999,16435.0,17.64,"-0,38","-2,13%","17,66","17,61","17,66"
2023-11-23,7.3466,16619.0,17.58,,,,,
2023-11-24,7.4308,16138.0,17.52,"-0,12","-0,66%","17,62","17,50","17,62"
2023-11-27,7.2153,16079.0,17.3,"-0,22","-1,26%","17,45","17,30","17,45"
2023-11-28,7.1863,16766.0,17.35,"+0,05","+0,29%","17,30","17,26","17,42"
2023-11-29,7.665,17122.0,17.4,"+0,05","+0,27%","17,36","17,35","17,40"
2023-11-30,7.4562,16645.0,17.24,"-0,16","-0,90%","17,35","17,24","17,39"
2023-12-01,7.6412,17042.0,17.41,"+0,17","+0,99%","17,13","17,13","17,41"
2023-12-04,7.4956,16714.0,16.68,"-0,73","-4,19%","16,88","16,68","16,96"
2023-12-05,7.2303,16143.0,16.29,"-0,39","-2,34%","16,36","16,29","16,47"
2023-12-06,7.2641,16218.0,16.47,"+0,18","+1,10%","16,48","16,35","16,48"
2023-12-07,7.3963,16508.0,16.42,"-0,05","-0,28%","16,29","16,29","16,45"
2023-12-08,7.5333,16806.0,16.53,"+0,11","+0,67%","16,46","16,46","16,53"
2023-12-11,7.4342,16607.0,16.38,"-0,15","-0,93%","16,48","16,38","16,48"
2023-12-12,7.3922,16520.0,16.15,"-0,23","-1,40%","16,18","16,12","16,19"
2023-12-13,7.3677,16468.0,16.21,"+0,06","+0,37%","16,12","15,90","16,27"
2023-12-14,7.6031,16972.0,13.84,"-2,37","-14,62%","14,31","13,58","14,38"
2023-12-15,7.6761,17150.0,13.55,"-0,29","-2,10%","13,75","13,55","13,75"
2023-12-18,7.3779,16502.0,13.39,"-0,16","-1,22%","13,69","13,39","13,69"
2023-12-19,7.492,16747.0,13.68,"+0,29","+2,16%","13,50","13,50","13,79"
2023-12-20,7.5392,16854.0,13.52,"-0,15","-1,13%","13,70","13,52","13,76"
2023-12-21,7.5562,16888.0,13.66,"+0,14","+1,03%","13,74","13,60","13,80"
2023-12-22,7.384,16509.0,13.72,"+0,06","+0,42%","13,66","13,66","13,77"
2023-12-25,7.384,16652.0,13.77,,,,,
2023-12-26,7.384,16795.0,13.82,"+0,10","+0,75%","13,79","13,79","13,88"
2023-12-27,7.5695,16938.0,13.98,"+0,16","+1,16%","13,88","13,88","14,11"
2023-12-28,7.4834,16734.0,13.85,"-0,13","-0,96%","13,99","13,85","14,03"
2023-12-29,7.4276,16603.0,14.18,"+0,33","+2,41%","13,90","13,90","14,18"
2024-01-01,7.4276,16588.5,14.18,,,,,
2024-01-02,7.4103,16574.0,14.18,"+0,00","+0,02%","14,13","14,09","14,27"
2024-01-03,7.3363,16409.0,14.09,"-0,09","-0,65%","14,06","14,04","14,09"
2024-01-04,7.1827,16064.0,14.16,"+0,06","+0,46%","14,08","14,03","14,26"
2024-01-05,7.3262,16372.0,13.8,"-0,35","-2,51%","14,03","13,80","14,09"
2024-01-08,7.2899,16303.0,13.6,"-0,20","-1,45%","13,66","13,60","13,67"
2024-01-09,7.31655,16287.0,13.56,"-0,04","-0,29%","13,49","13,35","13,56"
2024-01-10,7.3432,16429.0,13.17,"-0,39","-2,88%","13,55","13,10","13,55"
2024-01-11,7.321300000000001,16420.0,13.1,"-0,07","-0,53%","13,17","13,09","13,32"
2024-01-12,7.2994,16343.0,13.31,"+0,21","+1,63%","13,36","13,31","13,36"
2024-01-15,7.2402,16218.0,13.34,,,,,
2024-01-16,7.2126,16150.0,13.37,"+0,05","+0,39%","13,55","13,30","13,56"
2024-01-17,7.1844,16079.0,13.02,"-0,35","-2,59%","13,15","13,01","13,15"
2024-01-18,7.2203,16156.0,12.97,"-0,05","-0,37%","12,98","12,97","13,10"
2024-01-19,7.1663,16036.0,12.93,"-0,04","-0,30%","13,00","12,88","13,00"
2024-01-22,7.1508,16007.0,12.81,"-0,12","-0,93%","12,76","12,76","12,88"
2024-01-23,7.2892,16306.0,12.65,"-0,16","-1,25%","12,65","12,65","12,76"
2024-01-24,7.4462,16648.0,12.51,"-0,14","-1,11%","12,62","12,51","12,75"
2024-01-25,7.4702,16701.0,12.57,"+0,06","+0,48%","12,57","12,53","12,62"
2024-01-26,7.5015,16785.0,12.68,"+0,11","+0,89%","12,68","12,65","12,70"
2024-01-29,7.3378,16439.0,12.58,"-0,10","-0,78%","12,68","12,46","12,68"
2024-01-30,7.37,16508.0,13.04,"+0,46","+3,63%","12,87","12,87","13,06"
2024-01-31,7.2634,16269.0,13.18,"+0,14","+1,08%","13,12","13,09","13,24"
2024-02-01,7.2502,16230.0,13.27,"+0,09","+0,70%","13,16","13,16","13,27"
2024-02-02,7.2504,16235.0,13.04,"-0,23","-1,75%","13,00","12,97","13,10"
2024-02-05,7.1458,16020.0,12.62,"-0,42","-3,22%","12,61","12,56","12,78"
2024-02-06,7.1033,15927.0,12.67,"+0,05","+0,40%","12,57","12,57","12,67"
2024-02-07,7.1452,16012.0,12.59,"-0,08","-0,63%","12,68","12,56","12,68"
2024-02-08,7.1457,16007.0,12.57,"-0,02","-0,17%","12,78","12,57","12,78"
2024-02-09,7.1067,15921.0,12.54,"-0,03","-0,27%","12,55","12,51","12,55"
2024-02-12,7.159,16040.0,12.61,"+0,07","+0,58%","12,59","12,55","12,61"
2024-02-13,7.2597,16261.0,12.26,"-0,35","-2,75%","12,48","12,20","12,48"
2024-02-14,7.2981,16346.0,12.36,"+0,10","+0,79%","12,36","12,36","12,36"
2024-02-15,7.2604,16258.0,12.53,"+0,17","+1,35%","12,46","12,46","12,54"
2024-02-16,7.3086,16356.0,12.53,"+0,01","+0,07%","12,65","12,44","12,65"
2024-02-19,7.3056,16349.0,12.399999999999999,,,,,
2024-02-20,7.3085,16347.0,12.27,"-0,26","-2,11%","12,33","12,27","12,50"
2024-02-21,7.5782,16930.0,12.25,"-0,02","-0,16%","12,25","12,15","12,26"
2024-02-22,7.7864,17392.0,12.58,"+0,33","+2,69%","12,30","12,26","12,59"
2024-02-23,7.8342,17495.0,12.78,"+0,20","+1,59%","12,61","12,61","12,78"
2024-02-26,7.6797,17169.0,12.62,"-0,17","-1,29%","12,58","12,51","12,64"
2024-02-27,7.8136,17460.0,12.37,"-0,25","-1,98%","12,55","12,37","12,62"
2024-02-28,7.8771,17601.0,12.33,"-0,04","-0,30%","12,97","12,21","12,97"
2024-02-29,8.0148,17896.0,12.31,"-0,02","-0,13%","12,34","12,20","12,40"
2024-03-01,7.9113,17662.0,12.75,"+0,43","+3,52%","12,60","12,50","12,87"
2024-03-04,8.0347,17945.0,12.88,"+0,13","+1,02%","12,92","12,67","13,10"
2024-03-05,7.9495,17759.0,12.44,"-0,44","-3,38%","12,67","12,44","12,67"
2024-03-06,7.9329,17717.0,12.78,"+0,34","+2,72%","12,75","12,71","12,93"
2024-03-07,8.0594,17983.0,13.18,"+0,40","+3,14%","13,06","13,00","13,27"
2024-03-08,8.0753,18011.0,12.95,"-0,23","-1,75%","12,99","12,90","13,07"
2024-03-11,8.2369,18377.0,12.8,"-0,15","-1,20%","12,79","12,48","12,80"
2024-03-12,8.3119,18551.0,12.89,"+0,10","+0,78%","12,90","12,81","13,02"
2024-03-13,8.2211,18346.0,13.45,"+0,55","+4,27%","13,14","13,14","13,51"
2024-03-14,8.1037,18077.0,13.05,"-0,40","-2,94%","13,10","13,02","13,31"
2024-03-15,8.1159,18074.0,12.86,"-0,19","-1,42%","12,83","12,62","13,00"
2024-03-18,8.0231,17872.0,12.58,"-0,28","-2,21%","12,72","12,55","12,86"
2024-03-19,7.7972,17395.0,12.75,"+0,17","+1,35%","12,64","12,57","12,79"
2024-03-20,7.8424,17492.0,12.76,"+0,01","+0,05%","12,59","12,59","12,84"
2024-03-21,7.8638,17541.0,12.94,"+0,19","+1,47%","12,85","12,80","13,03"
2024-03-22,7.7313,17242.0,12.79,"-0,16","-1,22%","12,80","12,78","12,91"
2024-03-25,7.5842,16937.0,12.72,"-0,07","-0,52%","12,73","12,70","12,85"
2024-03-26,7.4469,16640.0,12.6,"-0,12","-0,96%","12,63","12,55","12,63"
2024-03-27,7.4457,16620.0,12.63,"+0,03","+0,24%","12,57","12,57","12,63"
2024-03-28,7.5151,16749.0,12.76,"+0,13","+1,06%","12,66","12,66","12,80"
2024-03-29,7.5151,16842.666666666668,12.719999999999999,,,,,
2024-04-01,7.5151,16936.333333333332,12.68,"-0,08","-0,63%","12,77","12,56","12,95"
2024-04-02,7.6407,17030.0,12.68,"-0,00","-0,04%","12,72","12,59","12,73"
2024-04-03,7.785,17339.0,13.23,"+0,56","+4,38%","12,80","12,80","13,29"
2024-04-04,7.9576,17711.0,13.21,"-0,02","-0,15%","13,42","13,20","13,59"
2024-04-05,8.0004,17804.0,13.46,"+0,25","+1,91%","13,52","13,28","13,52"
2024-04-08,8.017,17848.0,13.63,"+0,17","+1,26%","13,52","13,50","13,70"
2024-04-09,8.1843,18219.0,13.83,"+0,20","+1,46%","13,75","13,63","13,90"
2024-04-10,8.11565,18364.0,13.58,"-0,25","-1,81%","13,59","13,27","13,65"
2024-04-11,8.047,17811.0,13.84,"+0,25","+1,87%","13,59","13,54","13,93"
2024-04-12,8.0726,17797.0,13.38,"-0,46","-3,32%","13,61","13,30","13,75"
2024-04-15,8.1792,17846.0,13.52,"+0,14","+1,05%","13,72","13,38","13,77"
2024-04-16,8.0853,17726.0,13.43,"-0,09","-0,67%","13,50","13,28","13,52"
2024-04-17,8.2368,18238.0,13.41,"-0,01","-0,10%","13,40","13,20","13,62"
2024-04-18,8.4137,18559.0,13.51,"+0,10","+0,73%","13,43","13,41","13,54"
2024-04-19,8.8308,19326.0,13.46,"-0,05","-0,36%","13,47","13,46","13,63"
2024-04-22,8.9249,19739.0,13.87,"+0,41","+3,05%","13,62","13,62","14,28"
2024-04-23,8.6652,19006.0,13.79,"-0,09","-0,63%","14,28","13,53","14,28"
2024-04-24,8.5765,18945.0,13.67,"-0,12","-0,87%","13,91","13,61","13,94"
2024-04-25,8.7013,19157.0,13.92,"+0,26","+1,87%","13,53","13,39","14,05"
2024-04-26,8.6636,19100.0,14.19,"+0,27","+1,94%","14,32","13,80","15,51"
2024-04-29,8.7468,19148.0,14.18,"-0,01","-0,07%","14,74","14,06","15,10"
2024-04-30,8.7335,19238.0,13.86,"-0,32","-2,26%","14,01","13,81","14,05"
2024-05-01,8.5956,18879.0,13.82,"-0,04","-0,29%","13,97","13,73","14,06"
2024-05-02,8.5182,18648.0,13.98,"+0,16","+1,16%","13,76","13,60","14,06"
2024-05-03,8.7298,19237.0,14.11,"+0,13","+0,93%","13,87","13,84","14,16"
2024-05-06,8.70535,19246.5,14.19,"+0,07","+0,53%","14,22","14,11","14,23"
2024-05-07,8.6809,19256.0,14.51,"+0,32","+2,29%","14,42","14,35","14,58"
2024-05-08,8.5706,18885.0,14.42,"-0,09","-0,59%","14,47","14,35","14,50"
2024-05-09,8.665,19033.0,14.52,"+0,09","+0,64%","14,38","14,27","14,58"
2024-05-10,8.6793,18952.0,14.58,"+0,06","+0,41%","14,47","14,47","14,70"
2024-05-13,8.6954,19230.0,14.55,"-0,03","-0,18%","14,56","14,51","14,64"
2024-05-14,8.6416,19075.0,14.54,"-0,01","-0,07%","14,51","14,51","14,83"
2024-05-15,8.8741,19489.0,14.54,"0,00","0,00%","14,59","14,42","14,64"
2024-05-16,9.0968,19797.0,14.6,"+0,06","+0,41%","14,53","14,44","14,70"
2024-05-17,9.5876,21080.0,15.62,"+1,02","+6,99%","15,12","15,00","15,64"
2024-05-20,9.7107,21615.0,16.05,"+0,43","+2,75%","15,92","15,88","16,20"
2024-05-21,9.6497,21304.0,15.95,"-0,10","-0,62%","15,95","15,90","16,15"
2024-05-22,9.2814,20366.0,15.3,"-0,65","-4,08%","15,65","15,25","15,65"
2024-05-23,9.1528,20084.0,15.27,"-0,03","-0,20%","15,44","15,11","15,44"
2024-05-24,9.1852,20250.0,15.19,"-0,08","-0,52%","15,24","15,14","15,44"
2024-05-28,9.3227,20467.0,15.6,"+0,41","+2,70%","15,40","15,31","15,61"
2024-05-29,9.3068,20490.0,15.37,"-0,23","-1,47%","15,35","15,30","15,48"
2024-05-30,9.1245,20063.0,15.37,"-0,00","-0,03%","15,30","15,05","15,42"
2024-05-31,8.9403,19710.0,15.38,"+0,01","+0,09%","15,37","15,25","15,57"
2024-06-03,8.8419,19422.0,15.47,"+0,09","+0,59%","15,56","15,38","15,56"
2024-06-04,8.606,19068.0,14.87,"-0,60","-3,88%","15,19","14,80","15,30"
2024-06-05,8.4445,18288.0,14.68,"-0,19","-1,28%","14,65","14,36","14,76"
2024-06-06,8.447,18531.0,14.5,"-0,18","-1,23%","14,55","14,30","14,59"
2024-06-07,8.1787,18031.0,14.32,"-0,18","-1,24%","14,58","14,26","14,58"
2024-06-10,8.2112,17891.0,14.27,"-0,05","-0,35%","14,32","14,03","14,32"
2024-06-11,8.1991,17818.0,13.75,"-0,52","-3,64%","14,15","13,61","14,20"
2024-06-12,8.1787,18061.0,13.89,"+0,14","+1,02%","14,03","13,75","14,49"
2024-06-13,8.0576,17645.0,13.65,"-0,24","-1,73%","13,69","13,53","13,85"
2024-06-14,7.9719,17575.0,13.14,"-0,52","-3,77%","13,56","13,01","13,56"
2024-06-17,7.8998,17467.0,13.07,"-0,07","-0,53%","13,16","12,86","13,26"
2024-06-18,7.8644,17294.0,13.24,"+0,17","+1,30%","13,15","13,15","13,38"
2024-06-19,7.8703,17372.0,13.175,,,,,
2024-06-20,7.8993,17424.0,13.11,"-0,13","-0,98%","13,28","13,09","13,39"
2024-06-21,7.8127,17224.0,13.1,"-0,01","-0,08%","13,16","12,90","13,17"
2024-06-24,7.8227,17325.0,13.06,"-0,04","-0,27%","13,32","13,02","13,33"
2024-06-25,7.8122,17167.0,12.94,"-0,12","-0,92%","13,07","12,89","13,14"
2024-06-26,7.7655,17056.0,13.0,"+0,06","+0,46%","12,95","12,90","13,00"
2024-06-27,7.8413,17103.0,13.11,"+0,11","+0,85%","13,09","13,04","13,25"
2024-06-28,7.8431,17291.0,13.23,"+0,12","+0,92%","13,11","13,10","13,23"
2024-07-01,7.912,17357.0,13.43,"+0,20","+1,51%","13,46","13,35","13,48"
2024-07-02,7.7369,17004.0,13.23,"-0,20","-1,49%","13,35","13,17","13,35"
2024-07-03,7.9011,17323.0,13.35,"+0,12","+0,91%","13,28","13,28","13,40"
2024-07-04,7.8385,17217.0,13.434999999999999,,,,,
2024-07-05,7.8657,17341.0,13.52,"+0,17","+1,27%","13,43","13,43","13,60"
2024-07-08,7.9107,17473.0,13.28,"-0,24","-1,78%","13,48","13,28","13,55"
2024-07-09,7.7787,17142.0,13.33,"+0,05","+0,38%","13,36","13,30","13,36"
2024-07-10,7.6426,16891.0,13.32,"-0,01","-0,08%","13,34","13,31","13,42"
2024-07-11,7.6512,16809.0,13.45,"+0,13","+0,98%","13,51","13,36","13,52"
2024-07-12,7.6458,16856.0,13.41,"-0,04","-0,30%","13,51","13,41","13,51"
2024-07-15,7.6054,16701.0,13.36,"-0,05","-0,37%","13,36","13,25","13,39"
2024-07-16,7.5879,16594.0,13.41,"+0,05","+0,37%","13,35","13,23","13,45"
2024-07-17,7.4929,16457.0,13.21,"-0,20","-1,49%","13,23","13,12","13,42"
2024-07-18,7.4686,16423.0,12.74,"-0,47","-3,56%","13,06","12,67","13,17"
2024-07-19,7.3736,16256.0,12.72,"-0,02","-0,16%","12,68","12,68","12,81"
2024-07-22,7.3539,16190.0,12.63,"-0,09","-0,71%","12,72","12,60","12,84"
2024-07-23,7.3047,16021.0,12.57,"-0,06","-0,48%","12,65","12,48","12,71"
2024-07-24,7.2003,15827.0,12.43,"-0,14","-1,11%","12,54","12,34","12,66"
2024-07-25,7.1745,15769.0,12.22,"-0,21","-1,69%","12,23","12,07","12,31"
2024-07-26,7.164,15794.0,12.3,"+0,08","+0,65%","12,31","12,23","12,38"
2024-07-29,7.2264,15837.0,12.12,"-0,18","-1,46%","12,20","12,10","12,24"
2024-07-30,7.2951,16071.0,12.01,"-0,11","-0,91%","12,11","12,01","12,12"
2024-07-31,7.502,16604.0,12.42,"+0,41","+3,41%","12,41","12,31","12,45"
2024-08-01,7.3586,16282.0,12.14,"-0,28","-2,25%","12,51","12,03","12,51"
2024-08-02,7.3813,16273.0,11.96,"-0,18","-1,48%","12,06","11,95","12,15"
2024-08-05,7.3498,16276.0,11.58,"-0,38","-3,18%","11,34","11,34","11,69"
2024-08-06,7.4532,16385.0,11.62,"+0,04","+0,35%","11,50","11,43","11,65"
2024-08-07,7.3618,16296.0,11.64,"+0,02","+0,17%","11,84","11,57","11,96"
2024-08-08,7.3502,16143.0,11.78,"+0,14","+1,20%","11,62","11,62","11,78"
2024-08-09,7.3255,16150.0,11.84,"+0,06","+0,51%","11,80","11,74","11,84"
2024-08-12,7.4013,16355.0,11.96,"+0,12","+1,01%","11,89","11,89","11,98"
2024-08-13,7.4371,16321.0,11.89,"-0,07","-0,59%","11,96","11,81","11,96"
2024-08-14,7.3641,16276.0,11.92,"+0,03","+0,25%","11,95","11,84","11,95"
2024-08-15,7.4108,16319.0,12.01,"+0,09","+0,76%","11,96","11,96","12,08"
2024-08-16,7.4267,16373.0,12.18,"+0,17","+1,42%","12,15","12,08","12,20"
2024-08-19,7.6174,16666.0,12.23,"+0,05","+0,45%","12,21","12,18","12,25"
2024-08-20,7.6614,17035.0,12.24,"+0,01","+0,04%","12,31","12,23","12,31"
2024-08-21,7.6471,16910.0,12.29,"+0,05","+0,41%","12,35","12,15","12,35"
2024-08-22,7.5237,16603.0,12.03,"-0,26","-2,12%","12,15","12,02","12,19"
2024-08-23,7.6013,16758.0,12.25,"+0,22","+1,83%","12,07","12,07","12,35"
2024-08-26,7.6909,16947.0,12.32,"+0,07","+0,57%","12,37","12,20","12,37"
2024-08-27,7.7805,17136.0,12.3,"-0,02","-0,16%","12,30","12,30","12,33"
2024-08-28,7.7022,17019.0,12.18,"-0,12","-0,98%","12,39","12,15","12,39"
2024-08-29,7.721,17003.0,12.32,"+0,14","+1,15%","12,38","12,22","12,38"
2024-08-30,7.6049,16766.0,12.31,"-0,01","-0,08%","12,22","12,22","12,43"
2024-09-02,7.54255,16625.0,12.100000000000001,,,,,
2024-09-03,7.4802,16462.0,11.89,"-0,42","-3,41%","12,06","11,85","12,06"
2024-09-04,7.3373,16214.0,11.92,"+0,03","+0,25%","11,84","11,83","12,00"
2024-09-05,7.3015,16078.0,11.84,"-0,08","-0,67%","11,93","11,80","11,93"
2024-09-06,7.2089,15893.0,11.51,"-0,33","-2,79%","11,70","11,51","11,81"
2024-09-09,7.2461,15903.0,11.51,"0,00","0,00%","11,58","11,50","11,68"
2024-09-10,7.1473,15741.0,11.47,"-0,04","-0,35%","11,50","11,45","11,50"
2024-09-11,7.3074,16112.0,11.87,"+0,40","+3,49%","11,60","11,60","11,87"
2024-09-12,7.2906,16136.0,12.54,"+0,67","+5,64%","12,17","12,14","12,54"
2024-09-13,7.2321,15944.0,12.42,"-0,12","-0,96%","12,20","12,20","12,46"
2024-09-16,7.4042,16284.0,12.44,"+0,02","+0,16%","12,43","12,42","12,44"
2024-09-17,7.3192,16188.0,12.45,"+0,01","+0,08%","12,45","12,34","12,55"
2024-09-18,7.3614,16233.0,12.32,"-0,13","-1,04%","12,34","12,31","12,45"
2024-09-19,7.4088,16333.0,12.76,"+0,44","+3,57%","12,68","12,59","12,76"
2024-09-20,7.4761,16510.0,12.75,"-0,01","-0,08%","12,79","12,67","12,79"
2024-09-23,7.5101,16544.0,12.87,"+0,12","+0,94%","12,83","12,81","13,14"
2024-09-24,7.5954,16710.0,13.4,"+0,53","+4,12%","13,16","13,06","13,40"
2024-09-25,7.6285,16796.0,13.25,"-0,15","-1,12%","13,36","13,25","13,39"
2024-09-26,7.6258,16745.0,13.62,"+0,37","+2,79%","13,62","13,54","13,70"
2024-09-27,7.7093,16996.0,13.77,"+0,15","+1,10%","13,77","13,70","13,86"
2024-09-30,7.9519,17514.0,13.65,"-0,12","-0,87%","13,82","13,60","13,85"
2024-10-01,8.0277,17711.0,13.9,"+0,25","+1,83%","13,88","13,72","13,90"
2024-10-02,8.2692,18153.0,13.89,"-0,01","-0,07%","13,85","13,85","13,94"
2024-10-03,8.0921,17589.0,13.77,"-0,12","-0,86%","13,80","13,71","13,80"
2024-10-04,8.1216,17992.0,13.61,"-0,16","-1,16%","13,61","13,58","13,67"
2024-10-07,8.1529,18052.0,13.82,"+0,21","+1,54%","13,85","13,69","13,89"
2024-10-08,8.0597,17776.0,13.27,"-0,55","-3,98%","13,50","13,21","13,50"
2024-10-09,7.9324,17371.0,13.21,"-0,06","-0,44%","13,24","13,12","13,31"
2024-10-10,7.9619,17541.0,13.34,"+0,13","+0,97%","13,12","13,12","13,61"
2024-10-11,8.1184,17864.0,13.48,"+0,14","+1,02%","13,39","13,32","13,48"
2024-10-14,8.0204,17670.0,13.57,"+0,09","+0,70%","13,51","13,47","13,60"
2024-10-15,7.9159,17424.0,13.38,"-0,19","-1,40%","13,47","13,27","13,47"
2024-10-16,7.8807,17279.0,13.3,"-0,08","-0,60%","13,29","13,29","13,38"
2024-10-17,7.7369,17005.0,13.14,"-0,16","-1,20%","13,15","12,99","13,20"
2024-10-18,7.7029,16897.0,13.14,"0,00","0,00%","13,18","13,14","13,19"
2024-10-21,7.5546,16705.0,13.23,"+0,09","+0,68%","13,34","13,15","13,34"
2024-10-22,7.4856,16316.0,13.13,"-0,10","-0,76%","13,13","13,09","13,23"
2024-10-23,7.3809,16308.0,12.77,"-0,36","-2,74%","12,97","12,75","12,97"
2024-10-24,7.3888,16295.0,12.89,"+0,12","+0,94%","12,91","12,76","12,91"
2024-10-25,7.3223,16167.0,12.89,"0,00","0,00%","12,92","12,86","12,93"
2024-10-28,7.255,16015.0,12.94,"+0,05","+0,37%","12,94","12,90","12,94"
2024-10-29,7.213,15873.0,12.69,"-0,25","-1,91%","12,79","12,69","12,90"
2024-10-30,7.1729,15816.0,12.66,"-0,03","-0,24%","12,67","12,64","12,70"
2024-10-31,7.1361,15718.0,12.46,"-0,20","-1,58%","12,62","12,35","12,62"
2024-11-01,7.2502,15944.0,12.51,"+0,05","+0,40%","12,45","12,42","12,60"
2024-11-04,7.3101,16007.0,12.42,"-0,09","-0,72%","12,52","12,37","12,58"
2024-11-05,7.3321,16123.0,12.72,"+0,30","+2,42%","12,58","12,58","12,75"
2024-11-06,7.3516,16127.0,12.4,"-0,32","-2,52%","12,31","12,28","12,43"
2024-11-07,7.5423,16587.0,12.66,"+0,26","+2,10%","12,49","12,49","12,70"
2024-11-08,7.4058,16397.0,12.54,"-0,12","-0,95%","12,52","12,37","12,60"
2024-11-11,7.2969,16108.0,12.25,"-0,29","-2,31%","12,43","12,25","12,43"
2024-11-12,7.2498,15897.0,12.06,"-0,19","-1,55%","12,22","12,00","12,25"
2024-11-13,7.1509,15730.0,12.16,"+0,10","+0,83%","12,20","12,07","12,20"
2024-11-14,7.1318,15619.0,12.03,"-0,13","-1,07%","12,07","12,03","12,18"
2024-11-15,7.0293,15540.0,11.95,"-0,08","-0,67%","12,09","11,93","12,09"
2024-11-18,7.1341,15729.0,12.03,"+0,08","+0,63%","11,95","11,95","12,08"
2024-11-19,7.1695,15866.0,12.13,"+0,11","+0,87%","12,04","11,95","12,13"
2024-11-20,7.2021,15906.0,11.92,"-0,21","-1,73%","11,99","11,92","12,01"
2024-11-21,7.1209,15714.0,11.83,"-0,09","-0,76%","11,92","11,77","11,92"
2024-11-22,7.1922,15970.0,12.07,"+0,24","+2,03%","11,83","11,83","12,07"
2024-11-25,7.3452,16203.0,11.97,"-0,10","-0,83%","12,07","11,96","12,10"
2024-11-26,7.2568,15996.0,11.81,"-0,16","-1,33%","11,97","11,81","11,97"
2024-11-27,7.2216,15883.0,11.96,"+0,14","+1,23%","11,86","11,78","12,01"
2024-11-28,7.3115,16064.0,11.93,,,,,
2024-11-29,7.2613,15903.0,11.9,"-0,05","-0,46%","11,96","11,77","11,96"
2024-12-02,7.145,15693.0,11.86,"-0,04","-0,38%","11,85","11,73","11,87"
2024-12-03,7.296,16015.0,11.89,"+0,04","+0,30%","11,81","11,75","11,93"
2024-12-04,7.294,16107.0,11.97,"+0,08","+0,67%","11,90","11,90","11,98"
2024-12-05,7.2418,15974.0,11.84,"-0,13","-1,09%","11,85","11,78","11,85"
2024-12-06,7.2631,16047.0,11.66,"-0,18","-1,52%","11,84","11,64","11,86"
2024-12-09,7.257,15996.0,11.89,"+0,23","+1,97%","11,80","11,80","12,05"
2024-12-10,7.1636,15715.0,11.97,"+0,08","+0,67%","11,94","11,90","11,97"
2024-12-11,7.181,15858.0,11.94,"-0,03","-0,25%","11,92","11,90","12,00"
2024-12-12,7.3448,16168.0,11.37,"-0,57","-4,77%","11,79","11,36","11,79"
2024-12-13,7.2012,15862.0,11.4,"+0,03","+0,26%","11,35","11,22","11,42"
2024-12-16,7.1474,15708.0,11.27,"-0,13","-1,14%","11,36","11,25","11,36"
2024-12-17,7.0935999999999995,15503.0,11.11,"-0,16","-1,42%","11,21","10,95","11,21"
2024-12-18,7.0398,15508.0,10.62,"-0,49","-4,41%","10,97","10,62","10,99"
2024-12-19,6.847,15113.0,10.52,"-0,10","-0,94%","10,51","10,50","10,65"
2024-12-20,6.9558,15356.0,10.58,"+0,06","+0,57%","10,56","10,51","10,64"
2024-12-23,6.9536,15292.0,10.66,"+0,08","+0,76%","10,62","10,58","10,66"
2024-12-24,7.0125,15477.0,10.63,"-0,04","-0,33%","10,67","10,56","10,67"
2024-12-25,7.0148,15421.666666666666,10.615,,,,,
2024-12-26,7.0148,15366.333333333334,10.6,"-0,03","-0,24%","10,60","10,58","10,63"
2024-12-27,6.9581,15311.0,10.71,"+0,11","+0,99%","10,66","10,66","10,74"
2024-12-30,6.9921,15311.0,10.71,"+0,01","+0,05%","10,72","10,54","10,72"
2024-12-31,6.9672,15311.0,10.65,"-0,06","-0,56%","10,68","10,62","10,75"
2025-01-02,6.9672,15311.0,10.72,"+0,07","+0,66%","10,80","10,68","10,80"
2025-01-03,6.9672,15311.0,10.79,"+0,07","+0,65%","10,70","10,69","10,80"
2025-01-06,6.9672,15311.0,10.76,"-0,03","-0,28%","10,69","10,69","10,91"
2025-01-07,6.9672,15311.0,10.52,"-0,24","-2,23%","10,61","10,49","10,62"
2025-01-08,6.9672,15311.0,10.45,"-0,07","-0,67%","10,50","10,40","10,50"
2025-01-10,6.9672,15311.0,10.32,"-0,13","-1,24%","10,40","10,26","10,42"
2025-01-13,6.9672,15311.0,10.23,"-0,10","-0,92%","10,31","10,21","10,32"
2025-01-14,6.9672,15311.0,10.46,"+0,24","+2,30%","10,47","10,40","10,48"
2025-01-15,6.9672,15311.0,10.59,"+0,13","+1,24%","10,77","10,50","10,77"
2025-01-16,6.9672,15311.0,10.5,"-0,09","-0,85%","10,49","10,45","10,54"
2025-01-17,6.9672,15311.0,10.61,"+0,11","+1,05%","10,54","10,54","10,67"
2025-01-21,6.9672,15311.0,10.64,"+0,03","+0,24%","10,69","10,61","10,69"
2025-01-22,6.9672,15311.0,10.54,"-0,10","-0,90%","10,61","10,53","10,61"
2025-01-23,6.9672,15311.0,10.58,"+0,04","+0,38%","10,52","10,52","10,60"
2025-01-24,6.9672,15311.0,10.63,"+0,05","+0,48%","10,65","10,57","10,67"
2025-01-27,6.9672,15311.0,10.55,"-0,08","-0,75%","10,51","10,50","10,55"
2025-01-28,6.9672,15311.0,10.28,"-0,27","-2,56%","10,50","10,22","10,50"
2025-01-29,6.9672,15311.0,10.31,"+0,03","+0,29%","10,37","10,31","10,42"
2025-01-30,6.9672,15311.0,10.25,"-0,06","-0,58%","10,21","10,16","10,33"
2025-01-31,6.9672,15311.0,9.96,"-0,29","-2,83%","10,15","9,89","10,15"
2025-02-03,6.9672,15311.0,9.85,"-0,11","-1,10%","9,76","9,47","10,18"
2025-02-04,6.9672,15311.0,10.22,"+0,37","+3,71%","10,02","9,99","10,23"
2025-02-05,6.9672,15311.0,10.3,"+0,09","+0,83%","10,09","10,09","10,33"
2025-02-06,6.9672,15311.0,10.32,"+0,02","+0,19%","10,19","10,19","10,36"
2025-02-07,6.9672,15311.0,10.2,"-0,12","-1,16%","10,32","10,19","10,38"
2025-02-10,6.9672,15311.0,10.16,"-0,04","-0,39%","10,16","10,15","10,25"
2025-02-11,6.9672,15311.0,9.95,"-0,21","-2,07%","10,02","9,89","10,02"
2025-02-12,6.9672,15311.0,10.0,"+0,05","+0,50%","9,91","9,90","10,03"
2025-02-13,6.9672,15311.0,10.37,"+0,37","+3,71%","10,05","10,05","10,39"
2025-02-14,6.9672,15311.0,10.12,"-0,25","-2,42%","10,32","10,12","10,34"
2025-02-18,6.9672,15311.0,10.19,"+0,07","+0,69%","10,24","10,17","10,25"
2025-02-19,6.9672,15311.0,10.11,"-0,08","-0,79%","10,17","10,04","10,19"
2025-02-20,6.9672,15311.0,10.48,"+0,37","+3,66%","10,27","10,27","10,48"
2025-02-21,6.9672,15311.0,10.12,"-0,36","-3,44%","10,28","10,12","10,34"
2025-02-24,6.9672,15311.0,10.07,"-0,05","-0,49%","10,10","10,00","10,10"
2025-02-25,6.9672,15311.0,9.76,"-0,31","-3,08%","9,90","9,75","9,90"
2025-02-26,6.9672,15311.0,9.8,"+0,04","+0,41%","9,76","9,76","9,82"
2025-02-27,6.9672,15311.0,9.72,"-0,08","-0,82%","9,79","9,70","9,80"
2025-02-28,6.9672,15311.0,9.5,"-0,22","-2,26%","9,52","9,47","9,56"
2025-03-03,6.9672,15311.0,9.38,"-0,12","-1,26%","9,54","9,38","9,68"
2025-03-04,6.9672,15311.0,9.5,"+0,12","+1,28%","9,33","9,06","9,55"
2025-03-05,6.9672,15311.0,9.58,"+0,08","+0,84%","9,54","9,51","9,74"
2025-03-06,6.9672,15311.0,9.78,"+0,20","+2,08%","9,73","9,72","9,84"
2025-03-07,6.9672,15311.0,9.87,"+0,09","+0,91%","9,82","9,71","9,90"
2025-03-10,6.9672,15311.0,9.53,"-0,34","-3,43%","9,71","9,53","9,71"
2025-03-11,6.9672,15311.0,9.17,"-0,36","-3,78%","9,32","9,09","9,38"
2025-03-12,6.9672,15311.0,9.37,"+0,20","+2,18%","9,27","9,24","9,39"
2025-03-13,6.9672,15311.0,9.34,"-0,03","-0,31%","9,36","9,25","9,36"
2025-03-14,6.9672,15311.0,9.42,"+0,08","+0,84%","9,37","9,37","9,47"
2025-03-17,6.9672,15311.0,9.81,"+0,39","+4,14%","9,67","9,66","9,82"
2025-03-18,6.9672,15311.0,9.62,"-0,19","-1,94%","9,73","9,57","9,73"
2025-03-19,6.9672,15311.0,9.55,"-0,07","-0,72%","9,62","9,51","9,62"
2025-03-20,6.9672,15311.0,9.43,"-0,12","-1,28%","9,47","9,33","9,47"
2025-03-21,6.9672,15311.0,9.19,"-0,24","-2,52%","9,25","9,14","9,27"
2025-03-24,6.9672,15311.0,9.29,"+0,10","+1,09%","9,24","9,20","9,29"
2025-03-25,6.9672,15311.0,9.27,"-0,02","-0,24%","9,31","9,22","9,32"
2025-03-26,6.9672,15311.0,9.2,"-0,07","-0,73%","9,35","9,18","9,35"
2025-03-27,6.9672,15311.0,9.3,"+0,10","+1,03%","9,24","9,24","9,31"
2025-03-28,6.9672,15311.0,9.09,"-0,21","-2,26%","9,24","9,05","9,24"
2025-03-31,6.9672,15311.0,8.97,"-0,12","-1,27%","9,01","8,77","9,01"
2025-04-01,6.9672,15311.0,8.92,"-0,06","-0,61%","8,95","8,82","8,95"
2025-04-02,6.9672,15311.0,8.88,"-0,04","-0,45%","8,80","8,78","8,90"
2025-04-03,6.9672,15311.0,8.48,"-0,40","-4,45%","8,82","8,46","8,82"
2025-04-04,6.9672,15311.0,8.11,"-0,38","-4,42%","8,23","7,57","8,23"
2025-04-07,6.9672,15311.0,8.01,"-0,10","-1,23%","8,01","8,00","8,12"
2025-04-08,6.9672,15311.0,7.4,"-0,61","-7,56%","8,00","7,35","8,00"
2025-04-09,6.9672,15311.0,7.95,"+0,55","+7,43%","7,25","7,25","8,05"
2025-04-10,6.9672,15311.0,7.83,"-0,12","-1,51%","7,96","7,69","8,00"
2025-04-11,6.9672,15311.0,8.15,"+0,32","+4,11%","7,88","7,88","8,18"
2025-04-14,6.9672,15311.0,8.48,"+0,33","+4,02%","8,30","8,29","8,48"
2025-04-15,6.9672,15311.0,8.54,"+0,06","+0,71%","8,56","8,49","8,64"
2025-04-16,6.9672,15311.0,8.47,"-0,07","-0,82%","8,57","8,41","8,58"
2025-04-17,6.9672,15311.0,8.54,"+0,06","+0,77%","8,52","8,49","8,63"
2025-04-21,6.9672,15311.0,8.63,"+0,10","+1,16%","8,62","8,55","8,70"
2025-04-22,6.9672,15311.0,8.89,"+0,26","+2,97%","8,80","8,80","8,92"
2025-04-23,6.9672,15311.0,8.84,"-0,05","-0,51%","8,89","8,82","8,98"
2025-04-24,6.9672,15311.0,9.17,"+0,33","+3,68%","8,85","8,84","9,21"
2025-04-25,6.9672,15311.0,9.2,"+0,03","+0,33%","9,13","9,00","9,20"
2025-04-28,6.9672,15311.0,9.08,"-0,12","-1,30%","9,25","8,99","9,25"
2025-04-29,6.9672,15311.0,9.21,"+0,13","+1,43%","9,25","9,15","9,28"
2025-04-30,6.9672,15311.0,9.33,"+0,12","+1,30%","9,31","9,10","9,33"
2025-05-01,6.9672,15311.0,9.13,"-0,20","-2,14%","9,24","9,11","9,26"
2025-05-02,6.9672,15311.0,9.44,"+0,31","+3,40%","9,34","9,33","9,44"
2025-05-05,6.9672,15311.0,9.52,"+0,08","+0,85%","9,65","9,36","9,67"
2025-05-06,6.9672,15311.0,9.78,"+0,26","+2,73%","9,59","9,59","9,79"
2025-05-07,6.9672,15311.0,9.99,"+0,21","+2,15%","9,90","9,90","10,02"
2025-05-08,6.9672,15311.0,9.84,"-0,15","-1,50%","9,89","9,84","9,93"
2025-05-09,6.9672,15311.0,9.92,"+0,07","+0,76%","9,99","9,88","9,99"
2025-05-12,6.9672,15311.0,10.02,"+0,11","+1,08%","10,07","10,00","10,13"
2025-05-13,6.9672,15311.0,10.23,"+0,21","+2,07%","10,09","10,09","10,24"
