Date,Price_DailyMetal,Price_SouthAmericaLOB,Price_COMEXLithiumHydroxide,Price_LithiumAmericasCorp,Price_EastAsiaLithiumCarbonate,Price_EastAsiaLithiumCarbonateBatteryGrade,Price_LithiumLME
2016-12-31,,10000.0,,,,,
2017-01-31,,10000.0,,,,,
2017-02-28,,10250.0,,,,,
2017-03-31,,10250.0,,,,,
2017-04-30,,10500.0,,,,,
2017-05-10,20.92,10500.0,,,,,
2017-05-11,20.92,10500.0,,,,,
2017-05-12,20.92,10500.0,,,,,
2017-05-15,20.92,10500.0,,,,,
2017-05-16,20.92,10500.0,,,,,
2017-05-17,20.92,10500.0,,,,,
2017-05-18,20.92,10500.0,,,,,
2017-05-19,21.689,10500.0,,,,,
2017-05-22,21.689,10500.0,,,,,
2017-05-23,21.689,10500.0,,,,,
2017-05-24,21.689,10500.0,,,,,
2017-05-25,21.689,10500.0,,,,,
2017-05-26,21.689,10500.0,,,,,
2017-05-30,21.689,10500.0,,,,,
2017-05-31,21.689,10500.0,,,,,
2017-06-01,21.997,10545.454545454546,,,,,
2017-06-02,21.997,10590.90909090909,,,,,
2017-06-05,21.997,10636.363636363636,,,,,
2017-06-06,22.228,10681.818181818182,,,,,
2017-06-07,22.228,10727.272727272728,,,,,
2017-06-08,22.228,10772.727272727272,,,,,
2017-06-09,22.228,10818.181818181818,,,,,
2017-06-12,22.228,10863.636363636364,,,,,
2017-06-13,22.228,10909.09090909091,,,,,
2017-06-14,22.228,10954.545454545454,,,,,
2017-06-15,22.228,11000.0,,,,,
2017-06-16,22.228,11045.454545454546,,,,,
2017-06-19,22.228,11090.90909090909,,,,,
2017-06-20,22.228,11136.363636363636,,,,,
2017-06-21,22.228,11181.818181818182,,,,,
2017-06-22,22.228,11227.272727272728,,,,,
2017-06-23,22.228,11272.727272727272,,,,,
2017-06-26,22.382,11318.181818181818,,,,,
2017-06-27,22.382,11363.636363636364,,,,,
2017-06-28,22.382,11409.09090909091,,,,,
2017-06-29,22.382,11454.545454545454,,,,,
2017-06-30,22.382,11500.0,,,,,
2017-07-03,22.382,11547.619047619048,,,,,
2017-07-04,22.382,11595.238095238095,,,,,
2017-07-05,22.382,11642.857142857143,,,,,
2017-07-06,22.382,11690.47619047619,,,,,
2017-07-07,22.382,11738.095238095239,,,,,
2017-07-10,22.382,11785.714285714286,,,,,
2017-07-11,22.382,11833.333333333334,,,,,
2017-07-12,22.382,11880.952380952382,,,,,
2017-07-13,22.382,11928.57142857143,,,,,
2017-07-14,22.382,11976.190476190477,,,,,
2017-07-17,22.382,12023.809523809523,,,,,
2017-07-18,22.382,12071.42857142857,,,,,
2017-07-19,22.382,12119.047619047618,,,,,
2017-07-20,22.382,12166.666666666666,,,,,
2017-07-21,22.382,12214.285714285714,,,,,
2017-07-24,22.382,12261.904761904761,,,,,
2017-07-25,22.382,12309.52380952381,,,,,
2017-07-26,22.382,12357.142857142857,,,,,
2017-07-27,22.382,12404.761904761905,,,,,
2017-07-28,22.382,12452.380952380952,,,,,
2017-07-31,22.843,12500.0,,,,,
2017-08-01,22.843,12556.818181818182,,,,,
2017-08-02,22.843,12613.636363636364,,,,,
2017-08-03,22.843,12670.454545454546,,,,,
2017-08-04,22.843,12727.272727272728,,,,,
2017-08-07,22.843,12784.09090909091,,,,,
2017-08-08,22.843,12840.90909090909,,,,,
2017-08-10,23.305,12897.727272727272,,,,,
2017-08-11,23.305,12954.545454545454,,,,,
2017-08-14,23.305,13011.363636363636,,,,,
2017-08-15,23.305,13068.181818181818,,,,,
2017-08-16,23.305,13125.0,,,,,
2017-08-17,23.305,13181.818181818182,,,,,
2017-08-18,23.305,13238.636363636364,,,,,
2017-08-21,23.305,13295.454545454546,,,,,
2017-08-22,23.997,13352.272727272728,,,,,
2017-08-23,23.997,13409.09090909091,,,,,
2017-08-24,23.997,13465.90909090909,,,,,
2017-08-25,23.997,13522.727272727272,,,,,
2017-08-28,23.997,13579.545454545454,,,,,
2017-08-29,23.997,13636.363636363636,,,,,
2017-08-30,23.997,13693.181818181818,,,,,
2017-08-31,23.997,13750.0,,,,,
2017-09-01,23.997,13750.0,,,,,
2017-09-04,23.997,13750.0,,,,,
2017-09-05,23.997,13750.0,,,,,
2017-09-06,23.997,13750.0,,,,,
2017-09-07,23.997,13750.0,,,,,
2017-09-08,23.997,13750.0,,,,,
2017-09-11,24.305,13750.0,,,,,
2017-09-12,24.305,13750.0,,,,,
2017-09-13,24.305,13750.0,,,,,
2017-09-14,24.305,13750.0,,,,,
2017-09-15,24.305,13750.0,,,,,
2017-09-18,24.305,13750.0,,,,,
2017-09-19,25.074,13750.0,,,,,
2017-09-20,25.074,13750.0,,,,,
2017-09-21,25.074,13750.0,,,,,
2017-09-22,25.074,13750.0,,,,,
2017-09-26,25.074,13750.0,,,,,
2017-09-27,25.074,13750.0,,,,,
2017-09-28,25.074,13750.0,,,,,
2017-09-29,25.074,13750.0,,,,,
2017-09-30,25.074,13750.0,,,,,
2017-10-09,25.074,13757.35294117647,,,,,
2017-10-10,25.074,13764.70588235294,,,,,
2017-10-11,25.843,13772.058823529413,,,,,
2017-10-12,26.304,13779.411764705883,,,,,
2017-10-13,26.304,13786.764705882353,,,,,
2017-10-16,26.304,13794.117647058823,,,,,
2017-10-17,26.304,13801.470588235294,,,,,
2017-10-18,26.304,13808.823529411764,,,,,
2017-10-19,26.304,13816.176470588236,,,,,
2017-10-20,26.304,13823.529411764706,,,,,
2017-10-23,26.304,13830.882352941177,,,,,
2017-10-24,26.304,13838.235294117647,,,,,
2017-10-25,26.304,13845.588235294117,,,,,
2017-10-26,26.304,13852.941176470587,,,,,
2017-10-27,26.304,13860.29411764706,,,,,
2017-10-30,26.304,13867.64705882353,,,,,
2017-10-31,26.304,13875.0,,,,,
2017-11-01,26.304,13880.681818181818,,,,,
2017-11-02,26.304,13886.363636363636,,,,,
2017-11-03,26.304,13892.045454545454,,,,,
2017-11-06,26.304,13897.727272727272,,,,,
2017-11-07,26.304,13903.40909090909,,,,,
2017-11-08,26.304,13909.09090909091,,,,,
2017-11-09,26.304,13914.772727272728,,,,,
2017-11-10,26.304,13920.454545454546,,,,,
2017-11-13,26.304,13926.136363636364,,,,,
2017-11-14,26.304,13931.818181818182,,,,,
2017-11-15,26.304,13937.5,,,,,
2017-11-16,26.304,13943.181818181818,,,,,
2017-11-17,26.304,13948.863636363636,,,,,
2017-11-20,26.304,13954.545454545454,,,,,
2017-11-21,26.304,13960.227272727272,,,,,
2017-11-22,26.304,13965.90909090909,,,,,
2017-11-23,26.304,13971.59090909091,,,,,
2017-11-24,26.304,13977.272727272728,,,,,
2017-11-27,26.304,13982.954545454546,,,,,
2017-11-28,26.304,13988.636363636364,,,,,
2017-11-29,26.304,13994.318181818182,,,,,
2017-11-30,26.304,14000.0,,,,,
2017-12-01,26.304,14000.0,,,,,
2017-12-04,26.304,14000.0,,,,,
2017-12-05,26.304,14000.0,,,,,
2017-12-06,26.304,14000.0,,,,,
2017-12-07,26.304,14000.0,,,,,
2017-12-08,26.304,14000.0,,,,,
2017-12-11,26.304,14000.0,,,,,
2017-12-12,26.304,14000.0,,,,,
2017-12-13,26.304,14000.0,,,,,
2017-12-14,25.997,14000.0,,,,,
2017-12-15,25.997,14000.0,,,,,
2017-12-18,25.997,14000.0,,,,,
2017-12-19,25.997,14000.0,,,,,
2017-12-20,25.997,14000.0,,,,,
2017-12-21,25.535,14000.0,,,,,
2017-12-22,25.535,14000.0,,,,,
2017-12-25,25.535,14000.0,,,,,
2017-12-26,25.535,14000.0,,,,,
2017-12-27,25.535,14000.0,,,,,
2017-12-28,25.535,14000.0,,,,,
2017-12-29,25.535,14000.0,,,,,
2017-12-31,25.535,14000.0,,,,,
2018-01-02,25.535,14022.727272727272,,,,,
2018-01-03,25.535,14045.454545454546,,,,,
2018-01-04,25.535,14068.181818181818,,,,,
2018-01-05,25.227,14090.90909090909,,,,,
2018-01-08,25.227,14113.636363636364,,,,,
2018-01-09,24.843,14136.363636363636,,,,,
2018-01-10,24.843,14159.09090909091,,,,,
2018-01-11,24.843,14181.818181818182,,,,,
2018-01-12,24.843,14204.545454545454,,,,,
2018-01-15,24.381,14227.272727272728,,,,,
2018-01-16,24.381,14250.0,,,,,
2018-01-17,24.381,14272.727272727272,,,,,
2018-01-18,24.381,14295.454545454546,,,,,
2018-01-19,24.074,14318.181818181818,,,,,
2018-01-22,24.074,14340.90909090909,,,,,
2018-01-23,24.074,14363.636363636364,,,,,
2018-01-24,23.766,14386.363636363636,,,,,
2018-01-25,23.766,14409.09090909091,,,,,
2018-01-26,23.766,14431.818181818182,,,,,
2018-01-29,23.766,14454.545454545454,,,,,
2018-01-30,23.766,14477.272727272728,,,,,
2018-01-31,23.766,14500.0,,,,,
2018-02-01,23.766,14500.0,,,,,
2018-02-02,23.766,14500.0,,,,,
2018-02-05,23.766,14500.0,,,,,
2018-02-06,23.766,14500.0,,,,,
2018-02-07,23.766,14500.0,,,,,
2018-02-08,23.766,14500.0,,,,,
2018-02-09,23.766,14500.0,,,,,
2018-02-22,23.766,14500.0,,,,,
2018-02-23,23.766,14500.0,,,,,
2018-02-26,23.766,14500.0,,,,,
2018-02-27,23.766,14500.0,,,,,
2018-02-28,23.766,14500.0,,,,,
2018-03-01,23.766,14510.869565217392,,,,,
2018-03-02,23.766,14521.739130434782,,,,,
2018-03-05,23.766,14532.608695652174,,,,,
2018-03-06,23.766,14543.478260869566,,,,,
2018-03-07,23.766,14554.347826086956,,,,,
2018-03-08,23.766,14565.217391304348,,,,,
2018-03-09,23.766,14576.08695652174,,,,,
2018-03-12,23.766,14586.95652173913,,,,,
2018-03-13,23.766,14597.826086956522,,,,,
2018-03-14,23.766,14608.695652173914,,,,,
2018-03-15,23.766,14619.565217391304,,,,,
2018-03-16,23.766,14630.434782608696,,,,,
2018-03-19,23.766,14641.304347826086,,,,,
2018-03-20,23.766,14652.173913043478,,,,,
2018-03-21,23.766,14663.04347826087,,,,,
2018-03-22,23.766,14673.91304347826,,,,,
2018-03-23,23.766,14684.782608695652,,,,,
2018-03-26,23.766,14695.652173913044,,,,,
2018-03-27,23.766,14706.521739130434,,,,,
2018-03-28,23.766,14717.391304347826,,,,,
2018-03-29,23.766,14728.260869565218,,,,,
2018-03-30,23.766,14739.130434782608,,,,,
2018-03-31,23.766,14750.0,,,,,
2018-04-02,23.766,14750.0,,,,,
2018-04-03,23.612,14750.0,,,,,
2018-04-04,23.612,14750.0,,,,,
2018-04-09,23.612,14750.0,,,,,
2018-04-10,23.612,14750.0,,,,,
2018-04-11,23.612,14750.0,,,,,
2018-04-12,23.305,14750.0,,,,,
2018-04-13,22.997,14750.0,,,,,
2018-04-16,22.536,14750.0,,,,,
2018-04-17,22.536,14750.0,,,,,
2018-04-18,22.536,14750.0,,,,,
2018-04-19,22.536,14750.0,,,,,
2018-04-20,22.536,14750.0,,,,,
2018-04-23,22.536,14750.0,,,,,
2018-04-24,22.382,14750.0,,,,,
2018-04-25,22.382,14750.0,,,,,
2018-04-26,22.074,14750.0,,,,,
2018-04-27,22.074,14750.0,,,,,
2018-04-30,21.9585,14750.0,,,,,
2018-05-02,21.843,14795.454545454546,,,,,
2018-05-03,21.689,14840.90909090909,,,,,
2018-05-04,21.689,14886.363636363636,,,,,
2018-05-07,21.689,14931.818181818182,,,,,
2018-05-08,21.689,14977.272727272728,,,,,
2018-05-09,21.689,15022.727272727272,,,,,
2018-05-10,21.689,15068.181818181818,,,,,
2018-05-11,21.689,15113.636363636364,,,,,
2018-05-14,21.689,15159.09090909091,,,,,
2018-05-15,21.689,15204.545454545454,,,,,
2018-05-16,21.689,15250.0,,,,,
2018-05-17,21.689,15295.454545454546,,,,,
2018-05-18,21.689,15340.90909090909,,,,,
2018-05-21,21.689,15386.363636363636,,,,,
2018-05-22,21.689,15431.818181818182,,,,,
2018-05-23,21.689,15477.272727272728,,,,,
2018-05-24,21.689,15522.727272727272,,,,,
2018-05-25,21.689,15568.181818181818,,,,,
2018-05-28,21.382,15613.636363636364,,,,,
2018-05-29,20.92,15659.09090909091,,,,,
2018-05-30,20.459,15704.545454545454,,,,,
2018-05-31,20.459,15750.0,,,,,
2018-06-01,20.459,15750.0,,,,,
2018-06-04,20.459,15750.0,,,,,
2018-06-05,19.997,15750.0,,,,,
2018-06-06,19.536,15750.0,,,,,
2018-06-07,19.536,15750.0,,,,,
2018-06-08,19.536,15750.0,,,,,
2018-06-11,19.536,15750.0,,,,,
2018-06-12,19.536,15750.0,,,,,
2018-06-13,19.536,15750.0,,,,,
2018-06-14,19.536,15750.0,,,,,
2018-06-15,19.228,15750.0,,,,,
2018-06-19,19.228,15750.0,,,,,
2018-06-20,19.228,15750.0,,,,,
2018-06-21,19.228,15750.0,,,,,
2018-06-22,19.228,15750.0,,,,,
2018-06-25,19.228,15750.0,,,,,
2018-06-26,19.228,15750.0,,,,,
2018-06-27,18.921,15750.0,,,,,
2018-06-28,18.921,15750.0,,,,,
2018-06-29,18.921,15750.0,,,,,
2018-06-30,18.921,15750.0,,,,,
2018-07-02,18.921,15715.90909090909,,,,,
2018-07-03,18.613,15681.818181818182,,,,,
2018-07-04,18.305,15647.727272727272,,,,,
2018-07-05,18.305,15613.636363636364,,,,,
2018-07-06,18.305,15579.545454545454,,,,,
2018-07-09,18.305,15545.454545454546,,,,,
2018-07-10,17.998,15511.363636363636,,,,,
2018-07-11,17.998,15477.272727272728,,,,,
2018-07-12,17.998,15443.181818181818,,,,,
2018-07-13,17.998,15409.09090909091,,,,,
2018-07-16,17.998,15375.0,,,,,
2018-07-17,17.998,15340.90909090909,,,,,
2018-07-18,17.998,15306.818181818182,,,,,
2018-07-19,17.998,15272.727272727272,,,,,
2018-07-20,17.998,15238.636363636364,,,,,
2018-07-23,17.536,15204.545454545454,,,,,
2018-07-24,17.075,15170.454545454546,,,,,
2018-07-25,16.613,15136.363636363636,,,,,
2018-07-26,16.306,15102.272727272728,,,,,
2018-07-27,16.306,15068.181818181818,,,,,
2018-07-30,15.844,15034.09090909091,,,,,
2018-07-31,15.844,15000.0,,,,,
2018-08-01,15.536,15000.0,,,,,
2018-08-02,15.383,15000.0,,,,,
2018-08-03,15.075,15000.0,,,,,
2018-08-06,14.921,15000.0,,,,,
2018-08-07,14.921,15000.0,,,,,
2018-08-08,14.921,15000.0,,,,,
2018-08-09,14.921,15000.0,,,,,
2018-08-10,14.921,15000.0,,,,,
2018-08-13,14.767,15000.0,,,,,
2018-08-14,14.613,15000.0,,,,,
2018-08-15,14.46,15000.0,,,,,
2018-08-16,14.46,15000.0,,,,,
2018-08-17,14.306,15000.0,,,,,
2018-08-20,14.306,15000.0,,,,,
2018-08-21,14.306,15000.0,,,,,
2018-08-22,13.998,15000.0,,,,,
2018-08-23,13.691,15000.0,,,,,
2018-08-24,13.537,15000.0,,,,,
2018-08-27,13.229,15000.0,,,,,
2018-08-28,12.921,15000.0,,,,,
2018-08-29,12.921,15000.0,,,,,
2018-08-30,12.921,15000.0,,,,,
2018-08-31,12.921,15000.0,,,,,
2018-09-03,12.921,14975.0,,,,,
2018-09-04,12.921,14950.0,,,,,
2018-09-05,12.921,14925.0,,,,,
2018-09-06,12.921,14900.0,,,,,
2018-09-07,12.921,14875.0,,,,,
2018-09-10,12.921,14850.0,,,,,
2018-09-11,12.921,14825.0,,,,,
2018-09-12,12.921,14800.0,,,,,
2018-09-13,12.921,14775.0,,,,,
2018-09-14,12.921,14750.0,,,,,
2018-09-17,12.768,14725.0,,,,,
2018-09-18,12.614,14700.0,,,,,
2018-09-19,12.614,14675.0,,,,,
2018-09-20,12.383,14650.0,,,,,
2018-09-21,12.383,14625.0,,,,,
2018-09-25,12.383,14600.0,,,,,
2018-09-26,12.383,14575.0,,,,,
2018-09-27,12.383,14550.0,,,,,
2018-09-28,12.383,14525.0,,,,,
2018-09-30,12.383,14500.0,,,,,
2018-10-08,12.383,14493.055555555555,,,,,
2018-10-09,12.152,14486.111111111111,,,,,
2018-10-10,11.998,14479.166666666666,,,,,
2018-10-11,11.998,14472.222222222223,,,,,
2018-10-12,11.998,14465.277777777777,,,,,
2018-10-15,11.998,14458.333333333334,,,,,
2018-10-16,11.998,14451.388888888889,,,,,
2018-10-17,11.998,14444.444444444445,,,,,
2018-10-18,11.998,14437.5,,,,,
2018-10-19,11.998,14430.555555555555,,,,,
2018-10-22,11.998,14423.611111111111,,,,,
2018-10-23,11.998,14416.666666666666,,,,,
2018-10-24,11.998,14409.722222222223,,,,,
2018-10-25,11.998,14402.777777777777,,,,,
2018-10-26,11.998,14395.833333333334,,,,,
2018-10-29,11.998,14388.888888888889,,,,,
2018-10-30,11.998,14381.944444444445,,,,,
2018-10-31,11.998,14375.0,,,,,
2018-11-01,12.306,14335.227272727272,,,,,
2018-11-02,12.306,14295.454545454546,,,,,
2018-11-05,12.306,14255.681818181818,,,,,
2018-11-06,12.306,14215.90909090909,,,,,
2018-11-07,12.306,14176.136363636364,,,,,
2018-11-08,12.306,14136.363636363636,,,,,
2018-11-09,12.306,14096.59090909091,,,,,
2018-11-12,12.306,14056.818181818182,,,,,
2018-11-13,12.306,14017.045454545454,,,,,
2018-11-14,12.306,13977.272727272728,,,,,
2018-11-15,12.306,13937.5,,,,,
2018-11-16,12.306,13897.727272727272,,,,,
2018-11-19,12.306,13857.954545454546,,,,,
2018-11-20,12.306,13818.181818181818,,,,,
2018-11-21,12.306,13778.40909090909,,,,,
2018-11-22,12.306,13738.636363636364,,,,,
2018-11-23,12.306,13698.863636363636,,,,,
2018-11-26,12.306,13659.09090909091,,,,,
2018-11-27,12.306,13619.318181818182,,,,,
2018-11-28,12.306,13579.545454545454,,,,,
2018-11-29,12.306,13539.772727272728,,,,,
2018-11-30,12.306,13500.0,,,,,
2018-12-03,12.306,13500.0,,,,,
2018-12-04,12.306,13500.0,,,,,
2018-12-05,12.306,13500.0,,,,,
2018-12-06,12.306,13500.0,,,,,
2018-12-07,12.306,13500.0,,,,,
2018-12-10,12.306,13500.0,,,,,
2018-12-11,12.306,13500.0,,,,,
2018-12-12,12.306,13500.0,,,,,
2018-12-13,12.306,13500.0,,,,,
2018-12-14,12.306,13500.0,,,,,
2018-12-17,12.306,13500.0,,,,,
2018-12-18,12.306,13500.0,,,,,
2018-12-19,12.229,13500.0,,,,,
2018-12-20,12.229,13500.0,,,,,
2018-12-21,12.229,13500.0,,,,,
2018-12-24,12.229,13500.0,,,,,
2018-12-25,12.229,13500.0,,,,,
2018-12-26,12.229,13500.0,,,,,
2018-12-27,12.229,13500.0,,,,,
2018-12-28,12.229,13500.0,,,,,
2018-12-31,12.229,13500.0,,,,,
2019-01-02,12.229,13488.095238095239,,,,,
2019-01-03,12.229,13476.190476190477,,,,,
2019-01-07,12.229,13464.285714285714,,,,,
2019-01-08,12.152,13452.380952380952,,,,,
2019-01-09,12.152,13440.47619047619,,,,,
2019-01-10,12.152,13428.57142857143,,,,,
2019-01-11,12.075,13416.666666666666,,,,,
2019-01-14,12.075,13404.761904761905,,,,,
2019-01-15,11.922,13392.857142857143,,,,,
2019-01-16,11.922,13380.952380952382,,,,,
2019-01-17,11.922,13369.047619047618,,,,,
2019-01-18,11.922,13357.142857142857,,,,,
2019-01-21,11.922,13345.238095238095,,,,,
2019-01-22,11.922,13333.333333333334,,,,,
2019-01-23,11.922,13321.42857142857,,,,,
2019-01-24,11.922,13309.52380952381,,,,,
2019-01-25,11.922,13297.619047619048,,,,,
2019-01-28,11.922,13285.714285714286,,,,,
2019-01-29,11.922,13273.809523809523,,,,,
2019-01-30,11.922,13261.904761904761,,,,,
2019-01-31,11.922,13250.0,,,,,
2019-02-01,11.922,13233.333333333334,,,,,
2019-02-11,11.922,13216.666666666666,,,,,
2019-02-12,11.922,13200.0,,,,,
2019-02-13,11.922,13183.333333333334,,,,,
2019-02-14,11.922,13166.666666666666,,,,,
2019-02-15,11.922,13150.0,,,,,
2019-02-18,11.922,13133.333333333334,,,,,
2019-02-19,12.075,13116.666666666666,,,,,
2019-02-20,12.075,13100.0,,,,,
2019-02-21,12.075,13083.333333333334,,,,,
2019-02-22,12.075,13066.666666666666,,,,,
2019-02-25,12.075,13050.0,,,,,
2019-02-26,12.075,13033.333333333334,,,,,
2019-02-27,12.075,13016.666666666666,,,,,
2019-02-28,12.075,13000.0,,,,,
2019-03-01,11.922,13000.0,,,,,
2019-03-04,11.922,13000.0,,,,,
2019-03-05,11.922,13000.0,,,,,
2019-03-06,11.922,13000.0,,,,,
2019-03-07,11.922,13000.0,,,,,
2019-03-08,11.614,13000.0,,,,,
2019-03-11,11.614,13000.0,,,,,
2019-03-12,11.614,13000.0,,,,,
2019-03-13,11.614,13000.0,,,,,
2019-03-14,11.614,13000.0,,,,,
2019-03-15,11.614,13000.0,,,,,
2019-03-18,11.614,13000.0,,,,,
2019-03-19,11.614,13000.0,,,,,
2019-03-20,11.614,13000.0,,,,,
2019-03-21,11.614,13000.0,,,,,
2019-03-22,11.614,13000.0,,,,,
2019-03-25,11.614,13000.0,,,,,
2019-03-26,11.614,13000.0,,,,,
2019-03-27,11.768,13000.0,,,,,
2019-03-28,11.768,13000.0,,,,,
2019-03-29,11.768,13000.0,,,,,
2019-03-31,11.768,13000.0,,,,,
2019-04-01,11.768,12988.095238095239,,,,,
2019-04-02,11.768,12976.190476190477,,,,,
2019-04-03,11.768,12964.285714285714,,,,,
2019-04-04,11.768,12952.380952380952,,,,,
2019-04-08,11.768,12940.47619047619,,,,,
2019-04-09,11.768,12928.57142857143,,,,,
2019-04-10,11.691,12916.666666666666,,,,,
2019-04-11,11.691,12904.761904761905,,,,,
2019-04-12,11.691,12892.857142857143,,,,,
2019-04-15,11.691,12880.952380952382,,,,,
2019-04-16,11.691,12869.047619047618,,,,,
2019-04-17,11.691,12857.142857142857,,,,,
2019-04-18,11.691,12845.238095238095,,,,,
2019-04-19,11.691,12833.333333333334,,,,,
2019-04-22,11.691,12821.42857142857,,,,,
2019-04-23,11.768,12809.52380952381,,,,,
2019-04-24,11.768,12797.619047619048,,,,,
2019-04-25,11.768,12785.714285714286,,,,,
2019-04-26,11.768,12773.809523809523,,,,,
2019-04-29,11.768,12761.904761904761,,,,,
2019-04-30,11.768,12750.0,,,,,
2019-05-06,11.768,12725.0,,,,,
2019-05-07,11.768,12700.0,,,,,
2019-05-08,11.768,12675.0,,,,,
2019-05-09,11.768,12650.0,,,,,
2019-05-10,11.768,12625.0,,,,,
2019-05-13,11.768,12600.0,,,,,
2019-05-14,11.768,12575.0,,,,,
2019-05-15,11.768,12550.0,,,,,
2019-05-16,11.768,12525.0,,,,,
2019-05-17,11.768,12500.0,,,,,
2019-05-20,11.768,12475.0,,,,,
2019-05-21,11.768,12450.0,,,,,
2019-05-22,11.768,12425.0,,,,,
2019-05-23,11.768,12400.0,,,,,
2019-05-24,11.768,12375.0,,,,,
2019-05-27,11.845,12350.0,,,,,
2019-05-28,11.845,12325.0,,,,,
2019-05-29,11.845,12300.0,,,,,
2019-05-30,11.845,12275.0,,,,,
2019-05-31,11.845,12250.0,,,,,
2019-06-03,11.845,12212.5,,,,,
2019-06-04,11.845,12175.0,,,,,
2019-06-05,11.845,12137.5,,,,,
2019-06-06,11.845,12100.0,,,,,
2019-06-10,11.845,12062.5,,,,,
2019-06-11,11.845,12025.0,,,,,
2019-06-12,11.845,11987.5,,,,,
2019-06-13,11.691,11950.0,,,,,
2019-06-14,11.614,11912.5,,,,,
2019-06-17,11.614,11875.0,,,,,
2019-06-18,11.614,11837.5,,,,,
2019-06-19,11.537,11800.0,,,,,
2019-06-20,11.537,11762.5,,,,,
2019-06-21,11.537,11725.0,,,,,
2019-06-24,11.46,11687.5,,,,,
2019-06-25,11.46,11650.0,,,,,
2019-06-26,11.46,11612.5,,,,,
2019-06-27,11.306,11575.0,,,,,
2019-06-28,11.306,11537.5,,,,,
2019-06-30,11.229,11500.0,,,,,
2019-07-01,11.152,11456.521739130434,,,,,
2019-07-02,11.152,11413.04347826087,,,,,
2019-07-03,11.152,11369.565217391304,,,,,
2019-07-04,11.152,11326.08695652174,,,,,
2019-07-05,11.152,11282.608695652174,,,,,
2019-07-08,11.075,11239.130434782608,,,,,
2019-07-09,10.999,11195.652173913044,,,,,
2019-07-10,10.999,11152.173913043478,,,,,
2019-07-11,10.845,11108.695652173914,,,,,
2019-07-12,10.845,11065.217391304348,,,,,
2019-07-15,10.845,11021.739130434782,,,,,
2019-07-16,10.845,10978.260869565218,,,,,
2019-07-17,10.845,10934.782608695652,,,,,
2019-07-18,10.845,10891.304347826086,,,,,
2019-07-19,10.768,10847.826086956522,,,,,
2019-07-22,10.768,10804.347826086956,,,,,
2019-07-23,10.537,10760.869565217392,,,,,
2019-07-24,10.537,10717.391304347826,,,,,
2019-07-25,10.537,10673.91304347826,,,,,
2019-07-26,10.383,10630.434782608696,,,,,
2019-07-29,10.306,10586.95652173913,,,,,
2019-07-30,10.306,10543.478260869566,,,,,
2019-07-31,10.306,10500.0,,,,,
2019-08-01,10.306,10494.565217391304,,,,,
2019-08-02,10.229,10489.130434782608,,,,,
2019-08-05,10.153,10483.695652173914,,,,,
2019-08-06,10.153,10478.260869565218,,,,,
2019-08-07,10.076,10472.826086956522,,,,,
2019-08-08,10.076,10467.391304347826,,,,,
2019-08-09,10.076,10461.95652173913,,,,,
2019-08-12,10.076,10456.521739130434,,,,,
2019-08-13,9.9987,10451.08695652174,,,,,
2019-08-14,9.9987,10445.652173913044,,,,,
2019-08-15,9.9218,10440.217391304348,,,,,
2019-08-16,9.8449,10434.782608695652,,,,,
2019-08-19,9.768,10429.347826086956,,,,,
2019-08-20,9.768,10423.91304347826,,,,,
2019-08-21,9.768,10418.478260869566,,,,,
2019-08-22,9.691,10413.04347826087,,,,,
2019-08-23,9.6141,10407.608695652174,,,,,
2019-08-26,9.6141,10402.173913043478,,,,,
2019-08-27,9.6141,10396.739130434782,,,,,
2019-08-28,9.6141,10391.304347826086,,,,,
2019-08-29,9.4603,10385.869565217392,,,,,
2019-08-30,9.4603,10380.434782608696,,,,,
2019-08-31,9.4603,10375.0,,,,,
2019-09-02,9.4603,10368.421052631578,,,,,
2019-09-03,9.4603,10361.842105263158,,,,,
2019-09-04,9.4603,10355.263157894737,,,,,
2019-09-05,9.4603,10348.684210526315,,,,,
2019-09-06,9.4603,10342.105263157895,,,,,
2019-09-09,9.4603,10335.526315789473,,,,,
2019-09-10,9.4603,10328.947368421053,,,,,
2019-09-11,9.4603,10322.368421052632,,,,,
2019-09-12,9.4603,10315.78947368421,,,,,
2019-09-16,9.4603,10309.21052631579,,,,,
2019-09-17,9.2296,10302.631578947368,,,,,
2019-09-18,9.2296,10296.052631578947,,,,,
2019-09-19,9.1527,10289.473684210527,,,,,
2019-09-20,9.1527,10282.894736842105,,,,,
2019-09-23,9.1527,10276.315789473685,,,,,
2019-09-24,9.0757,10269.736842105263,,,,,
2019-09-26,9.0757,10263.157894736842,,,,,
2019-09-27,9.0757,10256.578947368422,,,,,
2019-09-30,9.0757,10250.0,,,,,
2019-10-08,9.0757,10241.666666666666,,,,,
2019-10-09,9.0757,10233.333333333334,,,,,
2019-10-10,9.0757,10225.0,,,,,
2019-10-11,9.0757,10216.666666666666,,,,,
2019-10-14,9.0757,10208.333333333334,,,,,
2019-10-15,9.0757,10200.0,,,,,
2019-10-16,9.0757,10191.666666666666,,,,,
2019-10-17,9.0757,10183.333333333334,,,,,
2019-10-18,9.0757,10175.0,,,,,
2019-10-21,9.0757,10166.666666666666,,,,,
2019-10-22,8.9988,10158.333333333334,,,,,
2019-10-23,8.9988,10150.0,,,,,
2019-10-24,8.9988,10141.666666666666,,,,,
2019-10-25,8.9988,10133.333333333334,,,,,
2019-10-28,8.9988,10125.0,,,,,
2019-10-29,8.9988,10116.666666666666,,,,,
2019-10-30,8.9988,10108.333333333334,,,,,
2019-10-31,8.9988,10100.0,,,,,
2019-11-01,8.9988,10072.727272727272,,,,,
2019-11-04,8.9219,10045.454545454546,,,,,
2019-11-05,8.9219,10018.181818181818,,,,,
2019-11-06,8.9219,9990.90909090909,,,,,
2019-11-07,8.9219,9963.636363636364,,,,,
2019-11-08,8.9219,9936.363636363636,,,,,
2019-11-11,8.9219,9909.09090909091,,,,,
2019-11-12,8.9219,9881.818181818182,,,,,
2019-11-13,8.845,9854.545454545454,,,,,
2019-11-14,8.845,9827.272727272728,,,,,
2019-11-15,8.6912,9800.0,,,,,
2019-11-18,8.6912,9772.727272727272,,,,,
2019-11-19,8.6912,9745.454545454546,,,,,
2019-11-20,8.6912,9718.181818181818,,,,,
2019-11-21,8.6143,9690.90909090909,,,,,
2019-11-22,8.6143,9663.636363636364,,,,,
2019-11-25,8.3835,9636.363636363636,,,,,
2019-11-26,8.3835,9609.09090909091,,,,,
2019-11-27,8.3835,9581.818181818182,,,,,
2019-11-28,8.3835,9554.545454545454,,,,,
2019-11-29,8.3066,9527.272727272728,,,,,
2019-11-30,8.268149999999999,9500.0,,,,,
2019-12-02,8.2297,9488.636363636364,,,,,
2019-12-03,8.0759,9477.272727272728,,,,,
2019-12-04,8.0759,9465.90909090909,,,,,
2019-12-05,8.0759,9454.545454545454,,,,,
2019-12-06,8.0759,9443.181818181818,,,,,
2019-12-09,7.999,9431.818181818182,,,,,
2019-12-10,7.999,9420.454545454546,,,,,
2019-12-11,7.999,9409.09090909091,,,,,
2019-12-12,7.999,9397.727272727272,,,,,
2019-12-13,7.8451,9386.363636363636,,,,,
2019-12-16,7.8451,9375.0,,,,,
2019-12-17,7.8451,9363.636363636364,,,,,
2019-12-18,7.8451,9352.272727272728,,,,,
2019-12-19,7.8451,9340.90909090909,,,,,
2019-12-20,7.8451,9329.545454545454,,,,,
2019-12-23,7.8451,9318.181818181818,,,,,
2019-12-24,7.8451,9306.818181818182,,,,,
2019-12-25,7.7682,9295.454545454546,,,,,
2019-12-26,7.7682,9284.09090909091,,,,,
2019-12-27,7.6144,9272.727272727272,,,,,
2019-12-30,7.6144,9261.363636363636,,,,,
2019-12-31,7.6144,9250.0,,,,,
2020-01-02,7.6144,9192.307692307691,,,,,
2020-01-03,7.6144,9134.615384615385,,,,,
2020-01-06,7.6144,9076.923076923076,,,,,
2020-01-07,7.6144,9019.23076923077,,,,,
2020-01-08,7.6144,8961.538461538461,,,,,
2020-01-10,7.5375,8903.846153846154,,,,,
2020-01-13,7.5375,8846.153846153846,,,,,
2020-01-14,7.5375,8788.461538461539,,,,,
2020-01-15,7.5375,8730.76923076923,,,,,
2020-01-17,7.5375,8673.076923076924,,,,,
2020-01-20,7.5375,8615.384615384615,,,,,
2020-01-21,7.5375,8557.692307692309,,,,,
2020-01-31,7.5375,8500.0,,,,,
2020-02-03,7.5375,8500.0,,,,,
2020-02-04,7.5375,8500.0,,,,,
2020-02-05,7.5375,8500.0,,,,,
2020-02-06,7.5375,8500.0,,,,,
2020-02-07,7.5375,8500.0,,,,,
2020-02-10,7.5375,8500.0,,,,,
2020-02-11,7.5375,8500.0,,,,,
2020-02-12,7.5375,8500.0,,,,,
2020-02-13,7.5375,8500.0,,,,,
2020-02-14,7.5375,8500.0,,,,,
2020-02-17,7.5375,8500.0,,,,,
2020-02-18,7.5375,8500.0,,,,,
2020-02-19,7.5375,8500.0,,,,,
2020-02-20,7.5375,8500.0,,,,,
2020-02-21,7.5375,8500.0,,,,,
2020-02-24,7.5375,8500.0,,,,,
2020-02-25,7.5375,8500.0,,,,,
2020-02-26,7.5375,8500.0,,,,,
2020-02-27,7.5375,8500.0,,,,,
2020-02-28,7.3837,8500.0,,,,,
2020-02-29,7.3837,8500.0,,,,,
2020-03-02,7.3837,8471.59090909091,,,,,
2020-03-03,7.3837,8443.181818181818,,,,,
2020-03-04,7.3837,8414.772727272728,,,,,
2020-03-05,7.3837,8386.363636363636,,,,,
2020-03-06,7.3837,8357.954545454546,,,,,
2020-03-09,7.2298,8329.545454545454,,,,,
2020-03-10,7.2298,8301.136363636364,,,,,
2020-03-11,7.2298,8272.727272727272,,,,,
2020-03-12,7.2298,8244.318181818182,,,,,
2020-03-13,7.2298,8215.90909090909,,,,,
2020-03-16,7.2298,8187.5,,,,,
2020-03-17,7.2298,8159.090909090909,,,,,
2020-03-18,7.2298,8130.681818181818,,,,,
2020-03-19,7.2298,8102.272727272727,,,,,
2020-03-20,7.076,8073.863636363636,,,,,
2020-03-23,7.076,8045.454545454545,,,,,
2020-03-24,7.076,8017.045454545455,,,,,
2020-03-25,7.076,7988.636363636364,,,,,
2020-03-26,7.076,7960.227272727273,,,,,
2020-03-27,7.076,7931.818181818182,,,,,
2020-03-30,7.076,7903.409090909091,,,,,
2020-03-31,7.076,7875.0,,,,,
2020-04-01,7.076,7812.5,,,,,
2020-04-02,7.076,7750.0,,,,,
2020-04-03,7.076,7687.5,,,,,
2020-04-06,6.9991,7625.0,,,,,
2020-04-07,6.9991,7562.5,,,,,
2020-04-08,6.9991,7500.0,,,,,
2020-04-09,6.9991,7437.5,,,,,
2020-04-10,6.9991,7375.0,,,,,
2020-04-13,6.9991,7312.5,,,,,
2020-04-14,6.9991,7250.0,,,,,
2020-04-15,6.9991,7187.5,,,,,
2020-04-16,6.9991,7125.0,,,,,
2020-04-17,6.9991,7062.5,,,,,
2020-04-20,6.9991,7000.0,,,,,
2020-04-21,6.8068,6937.5,,,,,
2020-04-22,6.8068,6875.0,,,,,
2020-04-23,6.8068,6812.5,,,,,
2020-04-24,6.8068,6750.0,,,,,
2020-04-27,6.8068,6687.5,,,,,
2020-04-28,6.8068,6625.0,,,,,
2020-04-29,6.8068,6562.5,,,,,
2020-04-30,6.8068,6500.0,,,,,
2020-05-01,6.8068,6511.363636363636,,,,,
2020-05-04,6.8068,6522.727272727273,,,,,
2020-05-05,6.7299,6534.090909090909,,,,,
2020-05-06,6.7299,6545.454545454545,,,,,
2020-05-07,6.7299,6556.818181818182,,,,,
2020-05-08,6.7299,6568.181818181818,,,,,
2020-05-11,6.7299,6579.545454545455,,,,,
2020-05-12,6.7299,6590.909090909091,,,,,
2020-05-13,6.7299,6602.272727272727,,,,,
2020-05-14,6.7299,6613.636363636364,,,,,
2020-05-15,6.7299,6625.0,,,,,
2020-05-18,6.5376,6636.363636363636,,,,,
2020-05-19,6.5376,6647.727272727273,,,,,
2020-05-20,6.5376,6659.090909090909,,,,,
2020-05-21,6.5376,6670.454545454545,,,,,
2020-05-22,6.5376,6681.818181818182,,,,,
2020-05-25,6.5376,6693.181818181818,,,,,
2020-05-26,6.5376,6704.545454545455,,,,,
2020-05-27,6.5376,6715.909090909091,,,,,
2020-05-28,6.5376,6727.272727272727,,,,,
2020-05-29,6.5376,6738.636363636364,,,,,
2020-05-31,6.5376,6750.0,,,,,
2020-06-01,6.5376,6750.0,,,,,
2020-06-02,6.5376,6750.0,,,,,
2020-06-03,6.5376,6750.0,,,,,
2020-06-04,6.5376,6750.0,,,,,
2020-06-05,6.5376,6750.0,,,,,
2020-06-08,6.5376,6750.0,,,,,
2020-06-09,6.3838,6750.0,,,,,
2020-06-10,6.3838,6750.0,,,,,
2020-06-11,6.3838,6750.0,,,,,
2020-06-12,6.3838,6750.0,,,,,
2020-06-15,6.3838,6750.0,,,,,
2020-06-16,6.3838,6750.0,,,,,
2020-06-17,6.3838,6750.0,,,,,
2020-06-18,6.3838,6750.0,,,,,
2020-06-19,6.3838,6750.0,,,,,
2020-06-22,6.23,6750.0,,,,,
2020-06-23,6.23,6750.0,,,,,
2020-06-24,6.23,6750.0,,,,,
2020-06-25,6.23,6750.0,,,,,
2020-06-26,6.23,6750.0,,,,,
2020-06-29,6.23,6750.0,,,,,
2020-06-30,6.23,6750.0,,,,,
2020-07-01,6.23,6739.130434782609,,,,,
2020-07-02,6.23,6728.260869565217,,,,,
2020-07-03,6.23,6717.391304347826,,,,,
2020-07-06,6.23,6706.521739130435,,,,,
2020-07-07,6.23,6695.652173913043,,,,,
2020-07-08,6.23,6684.782608695652,,,,,
2020-07-09,6.23,6673.913043478261,,,,,
2020-07-10,6.23,6663.04347826087,,,,,
2020-07-13,6.23,6652.173913043478,,,,,
2020-07-14,5.9992,6641.304347826087,,,,,
2020-07-15,5.9992,6630.434782608696,,,,,
2020-07-16,5.9992,6619.565217391304,,,,,
2020-07-17,5.9992,6608.695652173913,,,,,
2020-07-20,5.9992,6597.826086956522,,,,,
2020-07-21,5.9992,6586.95652173913,,,,,
2020-07-22,5.9992,6576.086956521739,,,,,
2020-07-23,5.9992,6565.217391304348,,,,,
2020-07-24,5.9992,6554.347826086957,,,,,
2020-07-27,5.9992,6543.478260869565,,,,,
2020-07-28,5.9992,6532.608695652174,,,,,
2020-07-29,5.9992,6521.739130434783,,,,,
2020-07-30,5.9992,6510.869565217391,,,,,
2020-07-31,5.9992,6500.0,,,,,
2020-08-03,5.9992,6488.0952380952385,,,,,
2020-08-04,5.9992,6476.190476190476,,,,,
2020-08-05,5.9992,6464.285714285715,,,,,
2020-08-06,5.9992,6452.380952380952,,,,,
2020-08-07,5.9992,6440.476190476191,,,,,
2020-08-10,5.9992,6428.571428571428,,,,,
2020-08-11,5.9992,6416.666666666667,,,,,
2020-08-12,5.9992,6404.761904761905,,,,,
2020-08-13,5.9992,6392.857142857143,,,,,
2020-08-14,5.9992,6380.952380952381,,,,,
2020-08-17,5.9992,6369.047619047619,,,,,
2020-08-18,5.9992,6357.142857142857,,,,,
2020-08-19,5.9992,6345.238095238095,,,,,
2020-08-20,5.9992,6333.333333333333,,,,,
2020-08-21,5.9992,6321.428571428572,,,,,
2020-08-24,5.9992,6309.523809523809,,,,,
2020-08-25,5.9992,6297.619047619048,,,,,
2020-08-26,5.9992,6285.714285714285,,,,,
2020-08-27,5.9992,6273.809523809524,,,,,
2020-08-28,5.9992,6261.9047619047615,,,,,
2020-08-31,5.9992,6250.0,,,,,
2020-09-01,5.9992,6238.0952380952385,,,,,
2020-09-03,5.9992,6226.190476190476,,,,,
2020-09-04,5.9992,6214.285714285715,,,,,
2020-09-07,5.9992,6202.380952380952,,,,,
2020-09-08,5.9992,6190.476190476191,,,,,
2020-09-09,5.9992,6178.571428571428,,,,,
2020-09-10,5.9992,6166.666666666667,,,,,
2020-09-11,5.9992,6154.761904761905,,,,,
2020-09-14,5.9992,6142.857142857143,,,,,
2020-09-15,5.9992,6130.952380952381,,,,,
2020-09-16,5.9992,6119.047619047619,,,,,
2020-09-17,5.9992,6107.142857142857,,,,,
2020-09-18,5.9992,6095.238095238095,,,,,
2020-09-21,5.9992,6083.333333333333,,,,,
2020-09-22,5.9992,6071.428571428572,,,,,
2020-09-23,5.9992,6059.523809523809,,,,,
2020-09-24,5.9992,6047.619047619048,,,,,
2020-09-25,5.9992,6035.714285714285,,,,,
2020-09-28,5.9992,6023.809523809524,,,,,
2020-09-29,5.9992,6011.9047619047615,,,,,
2020-09-30,5.9992,6000.0,,,,,
2020-10-01,5.9992,5993.478260869565,,,,,
2020-10-02,5.9992,5986.95652173913,,,,,
2020-10-05,5.9992,5980.434782608696,,,,,
2020-10-06,5.9992,5973.913043478261,,,,,
2020-10-07,5.9992,5967.391304347826,,,,,
2020-10-08,5.9992,5960.869565217391,,,,,
2020-10-09,5.9992,5954.347826086957,,,,,
2020-10-12,5.9992,5947.826086956522,,,,,
2020-10-13,5.9992,5941.304347826087,,,,,
2020-10-14,5.9992,5934.782608695652,,,,,
2020-10-15,5.9992,5928.260869565217,,,,,
2020-10-16,5.9992,5921.739130434783,,,,,
2020-10-19,5.9992,5915.217391304348,,,,,
2020-10-20,5.9992,5908.695652173913,,,,,
2020-10-21,5.9992,5902.173913043478,,,,,
2020-10-22,5.9992,5895.652173913043,,,,,
2020-10-23,5.9992,5889.130434782609,,,,,
2020-10-26,5.9992,5882.608695652174,,,,,
2020-10-27,5.9992,5876.086956521739,,,,,
2020-10-28,5.9992,5869.565217391304,,,,,
2020-10-29,5.9992,5863.04347826087,,,,,
2020-10-30,5.9992,5856.521739130435,,,,,
2020-10-31,5.9992,5850.0,,,,,
2020-11-02,5.9992,5857.142857142857,,,,,
2020-11-03,5.9992,5864.285714285715,,,,,
2020-11-04,5.9992,5871.428571428572,,,,,
2020-11-05,5.9992,5878.571428571428,,,,,
2020-11-06,5.9992,5885.714285714285,,,,,
2020-11-09,5.9992,5892.857142857143,,,,,
2020-11-10,5.9992,5900.0,,,,,
2020-11-11,5.9992,5907.142857142857,,,,,
2020-11-12,5.9992,5914.285714285715,,,,,
2020-11-13,5.9992,5921.428571428572,,,,,
2020-11-16,5.9992,5928.571428571428,,,,,
2020-11-17,5.9992,5935.714285714285,,,,,
2020-11-18,5.9992,5942.857142857143,,,,,
2020-11-19,5.9992,5950.0,,,,,
2020-11-20,5.9992,5957.142857142857,,,,,
2020-11-23,5.9992,5964.285714285715,,,,,
2020-11-24,5.9992,5971.428571428572,,,,,
2020-11-25,5.9992,5978.571428571428,,,,,
2020-11-26,5.9992,5985.714285714285,,,,,
2020-11-27,5.9992,5992.857142857143,,,,,
2020-11-30,5.9992,6000.0,,,,,
2020-12-01,6.3069,6005.434782608696,,,,,
2020-12-02,6.3069,6010.869565217391,,,,,
2020-12-03,6.3069,6016.304347826087,,,,,
2020-12-04,6.3069,6021.739130434783,,,,,
2020-12-07,6.3069,6027.173913043478,,,,,
2020-12-08,6.3069,6032.608695652174,,,,,
2020-12-09,6.3069,6038.04347826087,,,,,
2020-12-10,6.3069,6043.478260869565,,,,,
2020-12-11,6.3069,6048.913043478261,,,,,
2020-12-14,6.3069,6054.347826086957,,,,,
2020-12-15,6.3069,6059.782608695652,,,,,
2020-12-16,6.3069,6065.217391304348,,,,,
2020-12-17,6.3069,6070.652173913043,,,,,
2020-12-18,6.3069,6076.086956521739,,,,,
2020-12-21,7.076,6081.521739130435,,,,,
2020-12-22,7.076,6086.95652173913,,,,,
2020-12-23,7.076,6092.391304347826,,,,,
2020-12-24,7.076,6097.826086956522,,,,,
2020-12-25,7.076,6103.260869565217,,,,,
2020-12-28,7.1529,6108.695652173913,,,,,
2020-12-29,7.1529,6114.130434782609,,,,,
2020-12-30,7.1529,6119.565217391304,,,,,
2020-12-31,7.1529,6125.0,,,,,
2021-01-01,7.1529,6153.409090909091,,,,,
2021-01-04,7.1529,6181.818181818182,,,,,
2021-01-05,7.1529,6210.227272727273,,,,,
2021-01-06,7.1529,6238.636363636364,,,,,
2021-01-07,7.1529,6267.045454545455,,,,,
2021-01-08,7.1529,6295.454545454545,,,,,
2021-01-11,7.1529,6323.863636363636,,,,,
2021-01-12,7.1529,6352.272727272727,,,,,
2021-01-13,7.1529,6380.681818181818,,,,,
2021-01-14,8.3066,6409.090909090909,,,,,
2021-01-15,8.3066,6437.5,,,,,
2021-01-18,8.3066,6465.909090909091,,,,,
2021-01-19,8.3066,6494.318181818182,,,,,
2021-01-20,8.3066,6522.727272727273,,,,,
2021-01-21,8.7681,6551.136363636364,,,,,
2021-01-22,8.7681,6579.545454545455,,,,,
2021-01-25,8.7681,6607.954545454545,,,,,
2021-01-26,8.7681,6636.363636363636,,,,,
2021-01-27,8.7681,6664.772727272727,,,,,
2021-01-28,9.6141,6693.181818181818,,,,,
2021-01-29,9.6141,6721.590909090909,,,,,
2021-01-31,9.6141,6750.0,,,,,
2021-02-01,9.6141,6803.571428571428,,,,,
2021-02-02,9.6141,6857.142857142857,,,,,
2021-02-03,10.076,6910.714285714285,,,,,
2021-02-04,10.076,6964.285714285715,,,,,
2021-02-05,10.076,7017.857142857143,,,,,
2021-02-08,10.076,7071.428571428572,,,,,
2021-02-09,10.076,7125.0,,,,,
2021-02-10,10.076,7178.571428571428,,,,,
2021-02-11,10.383,7232.142857142857,,,,,
2021-02-12,10.383,7285.714285714285,,,,,
2021-02-15,10.383,7339.285714285715,,,,,
2021-02-16,10.383,7392.857142857143,,,,,
2021-02-17,10.383,7446.428571428572,,,,,
2021-02-18,10.383,7500.0,,,,,
2021-02-19,10.383,7553.571428571428,,,,,
2021-02-22,10.383,7607.142857142857,,,,,
2021-02-23,10.383,7660.714285714285,,,,,
2021-02-24,10.383,7714.285714285715,,,,,
2021-02-25,10.845,7767.857142857143,,,,,
2021-02-26,10.845,7821.428571428572,,,,,
2021-02-28,10.845,7875.0,,,,,
2021-03-01,10.845,7880.434782608696,,,,,
2021-03-02,10.845,7885.869565217391,,,,,
2021-03-03,10.845,7891.304347826087,,,,,
2021-03-04,10.845,7896.739130434783,,,,,
2021-03-05,10.845,7902.173913043478,,,,,
2021-03-08,10.845,7907.608695652174,,,,,
2021-03-09,10.845,7913.04347826087,,,,,
2021-03-10,10.845,7918.478260869565,,,,,
2021-03-11,13.075,7923.913043478261,,,,,
2021-03-12,13.075,7929.347826086957,,,,,
2021-03-15,13.075,7934.782608695652,,,,,
2021-03-16,13.075,7940.217391304348,,,,,
2021-03-17,13.075,7945.652173913043,,,,,
2021-03-18,13.075,7951.086956521739,,,,,
2021-03-19,13.075,7956.521739130435,,,,,
2021-03-22,13.075,7961.95652173913,,,,,
2021-03-23,13.075,7967.391304347826,,,,,
2021-03-24,13.075,7972.826086956522,,,,,
2021-03-25,13.075,7978.260869565217,,,,,
2021-03-26,13.075,7983.695652173913,,,,,
2021-03-29,13.075,7989.130434782609,,,,,
2021-03-30,13.075,7994.565217391304,,,,,
2021-03-31,13.075,8000.0,,,,,
2021-04-01,13.075,8034.090909090909,,,,,
2021-04-02,13.075,8068.181818181818,,,,,
2021-04-05,13.075,8102.272727272727,,,,,
2021-04-06,13.844,8136.363636363636,,,,,
2021-04-07,13.844,8170.454545454545,,,,,
2021-04-08,13.844,8204.545454545454,,,,,
2021-04-09,13.844,8238.636363636364,,,,,
2021-04-12,13.844,8272.727272727272,,,,,
2021-04-13,13.844,8306.818181818182,,,,,
2021-04-14,13.844,8340.90909090909,,,,,
2021-04-15,13.844,8375.0,,,,,
2021-04-16,13.844,8409.09090909091,,,,,
2021-04-19,13.844,8443.181818181818,,,,,
2021-04-20,13.844,8477.272727272728,,,,,
2021-04-21,13.844,8511.363636363636,,,,,
2021-04-22,13.844,8545.454545454546,,,,,
2021-04-23,13.844,8579.545454545454,,,,,
2021-04-26,13.844,8613.636363636364,,,,,
2021-04-27,13.844,8647.727272727272,,,,,
2021-04-28,13.844,8681.818181818182,,,,,
2021-04-29,13.844,8715.90909090909,,,,,
2021-04-30,13.844,8750.0,,,,,
2021-05-03,13.844,8773.809523809523,14.0,,,,
2021-05-04,13.844,8797.619047619048,14.0,,,,
2021-05-05,13.844,8821.42857142857,14.0,,,,
2021-05-06,13.844,8845.238095238095,14.0,,,,
2021-05-07,13.844,8869.047619047618,14.0,,,,
2021-05-10,13.844,8892.857142857143,14.0,,,,
2021-05-11,13.691,8916.666666666666,14.0,,,,
2021-05-12,13.691,8940.47619047619,14.0,,,,
2021-05-13,13.691,8964.285714285714,13.0,,,,
2021-05-14,13.691,8988.095238095239,13.0,,,,
2021-05-17,13.691,9011.904761904761,13.0,,,,
2021-05-18,13.691,9035.714285714286,13.0,,,,
2021-05-19,13.691,9059.52380952381,13.0,,,,
2021-05-20,13.691,9083.333333333334,13.0,,,,
2021-05-21,13.691,9107.142857142857,13.0,,,,
2021-05-24,13.691,9130.952380952382,14.0,,,,
2021-05-25,13.691,9154.761904761905,14.0,,,,
2021-05-26,13.691,9178.57142857143,14.0,,,,
2021-05-27,13.691,9202.380952380952,13.0,,,,
2021-05-28,13.691,9226.190476190477,14.0,,,,
2021-05-31,13.691,9250.0,14.0,,,,
2021-06-01,13.691,9261.363636363636,14.0,,,,
2021-06-02,13.691,9272.727272727272,14.0,,,,
2021-06-03,13.691,9284.09090909091,14.0,,,,
2021-06-04,13.691,9295.454545454546,14.0,,,,
2021-06-07,13.691,9306.818181818182,14.0,,,,
2021-06-08,13.691,9318.181818181818,14.0,,,,
2021-06-09,13.691,9329.545454545454,14.0,,,,
2021-06-10,13.691,9340.90909090909,14.0,,,,
2021-06-11,13.691,9352.272727272728,14.0,,,,
2021-06-14,13.691,9363.636363636364,14.0,,,,
2021-06-15,13.691,9375.0,14.0,,,,
2021-06-16,13.691,9386.363636363636,14.0,,,,
2021-06-17,13.691,9397.727272727272,14.0,,,,
2021-06-18,13.691,9409.09090909091,15.0,,,,
2021-06-21,13.691,9420.454545454546,15.0,,,,
2021-06-22,13.691,9431.818181818182,15.0,,,,
2021-06-23,13.691,9443.181818181818,15.0,,,,
2021-06-24,13.691,9454.545454545454,14.0,,,,
2021-06-25,13.691,9465.90909090909,15.0,,,,
2021-06-28,13.691,9477.272727272728,15.0,,,,
2021-06-29,13.691,9488.636363636364,15.0,,,,
2021-06-30,13.691,9500.0,15.0,,,,
2021-07-01,13.691,9543.478260869566,15.0,,,,
2021-07-02,13.691,9586.95652173913,15.0,,,,
2021-07-05,13.691,9630.434782608696,15.0,,,,
2021-07-06,13.691,9673.91304347826,15.0,,,,
2021-07-07,13.691,9717.391304347826,15.0,,,,
2021-07-08,13.691,9760.869565217392,15.0,,,,
2021-07-09,13.691,9804.347826086956,15.0,,,,
2021-07-12,13.691,9847.826086956522,15.0,,,,
2021-07-13,13.691,9891.304347826086,15.0,,,,
2021-07-14,13.691,9934.782608695652,15.0,,,,
2021-07-15,13.691,9978.260869565218,15.0,,,,
2021-07-16,13.691,10021.739130434782,15.0,,,,
2021-07-19,13.691,10065.217391304348,15.0,,,,15450.0
2021-07-20,13.691,10108.695652173914,15.0,,,,15450.0
2021-07-21,13.691,10152.173913043478,15.0,,,,15450.0
2021-07-22,13.691,10195.652173913044,15.0,,,,15450.0
2021-07-23,13.691,10239.130434782608,15.0,,,,15450.0
2021-07-26,13.691,10282.608695652174,15.0,,,,15450.0
2021-07-27,13.691,10326.08695652174,15.0,,,,15450.0
2021-07-28,13.691,10369.565217391304,15.0,,,,15450.0
2021-07-29,13.779,10413.04347826087,16.0,,,,15450.0
2021-07-30,13.773,10456.521739130434,16.0,,,,15500.0
2021-07-31,13.773,10500.0,16.0,,,,15562.5
2021-08-02,13.773,10522.727272727272,16.0,,,,15625.0
2021-08-03,13.767,10545.454545454546,16.0,,,,15625.0
2021-08-04,14.319,10568.181818181818,16.0,,,,15625.0
2021-08-05,14.318,10590.90909090909,16.0,,,,15625.0
2021-08-06,14.3,10613.636363636364,16.0,,,,15750.0
2021-08-09,14.279,10636.363636363636,16.0,,,,15750.0
2021-08-10,14.271,10659.09090909091,16.0,,,,15750.0
2021-08-11,14.265,10681.818181818182,16.0,,,,15750.0
2021-08-12,14.281,10704.545454545454,16.0,,,,15750.0
2021-08-13,14.275,10727.272727272728,16.0,,,,15750.0
2021-08-16,14.282,10750.0,16.0,,,,15750.0
2021-08-17,14.274,10772.727272727272,16.0,,,,15750.0
2021-08-18,14.273,10795.454545454546,16.0,,,,15750.0
2021-08-19,14.232,10818.181818181818,16.0,,,,15750.0
2021-08-20,14.232,10840.90909090909,16.0,,,,16000.0
2021-08-23,14.232,10863.636363636364,16.0,,,,16000.0
2021-08-24,14.232,10886.363636363636,16.0,,,,16000.0
2021-08-25,14.278,10909.09090909091,16.0,,,,16000.0
2021-08-26,14.268,10931.818181818182,16.0,,,,16000.0
2021-08-27,14.278,10954.545454545454,16.0,,,,16062.5
2021-08-30,14.297,10977.272727272728,16.0,,,,16066.25
2021-08-31,14.316,11000.0,16.0,,,,16070.0
2021-09-01,14.305,11022.727272727272,16.0,,,,16375.0
2021-09-02,14.323,11045.454545454546,17.0,,,,16375.0
2021-09-03,14.3235,11068.181818181818,17.0,,,,17125.0
2021-09-06,14.324,11090.90909090909,17.5,,,,17750.0
2021-09-07,14.306,11113.636363636364,18.0,,,,17750.0
2021-09-08,14.324,11136.363636363636,18.0,,,,17750.0
2021-09-09,14.33,11159.09090909091,18.0,,,,17750.0
2021-09-10,14.37,11181.818181818182,19.0,,,,18500.0
2021-09-13,14.326,11204.545454545454,19.0,,,,18950.0
2021-09-14,14.347,11227.272727272728,19.0,,,,18950.0
2021-09-15,14.378,11250.0,19.0,,,,18950.0
2021-09-16,14.342,11272.727272727272,19.0,,,,18950.0
2021-09-17,23.662,11295.454545454546,20.0,,,,19700.0
2021-09-20,23.660666666666668,11318.181818181818,20.0,,,,19700.0
2021-09-21,23.659333333333333,11340.90909090909,20.0,,,,19700.0
2021-09-22,23.658,11363.636363636364,20.0,,,,19700.0
2021-09-23,23.692,11386.363636363636,20.0,,,,19700.0
2021-09-24,25.508,11409.09090909091,20.0,,,,20100.0
2021-09-27,25.527,11431.818181818182,20.0,,,,20100.0
2021-09-28,25.543,11454.545454545454,20.0,,,,20100.0
2021-09-29,25.525,11477.272727272728,20.0,,,,20100.0
2021-09-30,25.526,11500.0,20.0,,,,20100.0
2021-10-01,25.603,11613.636363636364,21.0,,,,21500.0
2021-10-04,25.603,11727.272727272728,21.0,,,,21500.0
2021-10-05,25.603,11840.90909090909,21.0,,,,21500.0
2021-10-06,25.603,11954.545454545454,21.0,,,,21500.0
2021-10-07,25.603,12068.181818181818,22.0,,,,21500.0
2021-10-08,25.591,12181.818181818182,22.0,,,,21500.0
2021-10-11,25.585,12295.454545454546,22.0,,,,21500.0
2021-10-12,25.58,12409.09090909091,22.0,,,,21500.0
2021-10-13,25.614,12522.727272727272,22.0,,,,21500.0
2021-10-14,25.614,12636.363636363636,22.0,,,,21500.0
2021-10-15,28.098,12750.0,22.0,,,,22438.0
2021-10-18,28.148,12863.636363636364,22.0,,,,23375.0
2021-10-19,28.336,12977.272727272728,22.0,,,,23375.0
2021-10-20,28.319,13090.90909090909,21.0,,,,23375.0
2021-10-21,28.287,13204.545454545454,21.0,,,,23375.0
2021-10-22,28.557,13318.181818181818,21.0,,,,24375.0
2021-10-25,28.559,13431.818181818182,22.0,,,,24375.0
2021-10-26,29.068,13545.454545454546,22.0,,,,24375.0
2021-10-27,29.805,13659.09090909091,22.0,,,,24375.0
2021-10-28,29.777,13772.727272727272,25.0,,,,24375.0
2021-10-29,29.939,13886.363636363636,22.0,,,,24630.0
2021-10-31,30.0125,14000.0,22.5,,,,25565.0
2021-11-01,30.086,14000.0,23.0,,,,26500.0
2021-11-02,30.083,14000.0,25.0,,,,26500.0
2021-11-03,30.394,14000.0,25.0,,,,26500.0
2021-11-04,30.417,14000.0,26.0,,,,26500.0
2021-11-05,30.382,14000.0,26.0,,,,28000.0
2021-11-08,30.42,14000.0,24.0,,,,29000.0
2021-11-09,30.433,14000.0,24.0,,,,29000.0
2021-11-10,30.434,14000.0,24.0,,,,29000.0
2021-11-11,30.418,14000.0,24.0,,,,29000.0
2021-11-12,30.639,14000.0,24.0,,,,29000.0
2021-11-15,30.633,14000.0,24.0,,,,29000.0
2021-11-16,30.6,14000.0,24.0,,,,29000.0
2021-11-17,30.965,14000.0,24.0,,,,29000.0
2021-11-18,30.927,14000.0,24.0,,,,29000.0
2021-11-19,30.909,14000.0,24.0,,,,29000.0
2021-11-22,30.947,14000.0,24.0,,,,29000.0
2021-11-23,30.906,14000.0,24.0,,,,29000.0
2021-11-24,30.91,14000.0,29.0,,,,29000.0
2021-11-25,30.925,14000.0,28.0,,,,29000.0
2021-11-26,30.906,14000.0,27.0,,,,29375.0
2021-11-29,31.086,14000.0,27.0,,,,29375.0
2021-11-30,31.156,14000.0,27.0,,,,29380.0
2021-12-01,31.164,14173.91304347826,27.0,,,,29750.0
2021-12-02,31.448,14347.826086956522,28.0,,,,29750.0
2021-12-03,31.787,14521.739130434782,28.0,,,,31000.0
2021-12-06,32.065,14695.652173913044,28.0,,,,31000.0
2021-12-07,32.116,14869.565217391304,32.0,,,,31000.0
2021-12-08,32.215,15043.478260869566,32.0,,,,31000.0
2021-12-09,33.018,15217.391304347826,32.0,,,,31000.0
2021-12-10,33.985,15391.304347826088,32.0,,,,31750.0
2021-12-13,34.957,15565.217391304348,32.0,,,,31750.0
2021-12-14,35.746,15739.130434782608,32.0,,,,31750.0
2021-12-15,35.739,15913.04347826087,32.0,,,,31750.0
2021-12-16,35.728,16086.95652173913,32.0,,,,31750.0
2021-12-17,36.154,16260.869565217392,32.0,,,,31250.0
2021-12-20,36.932,16434.782608695652,32.0,,,,31250.0
2021-12-21,38.06,16608.695652173912,32.0,,,,31250.0
2021-12-22,38.849,16782.608695652176,32.0,,,,31250.0
2021-12-23,38.847,16956.521739130436,32.0,,,,31250.0
2021-12-24,38.867,17130.434782608696,32.0,,,,31500.0
2021-12-27,41.066,17304.347826086956,32.0,,,,31500.0
2021-12-28,42.163,17478.260869565216,32.0,,,,31500.0
2021-12-29,42.154,17652.17391304348,32.0,,,,31500.0
2021-12-30,42.126,17826.08695652174,32.0,,,,31500.0
2021-12-31,42.754,18000.0,31.0,,,,31480.0
2022-01-03,43.538,18333.333333333332,36.0,,,,32040.0
2022-01-04,43.515,18666.666666666668,36.0,,,,32600.0
2022-01-05,43.572,19000.0,37.0,,,,33800.0
2022-01-06,44.281,19333.333333333332,37.0,,,,35000.0
2022-01-07,45.535,19666.666666666668,37.0,,,,35900.0
2022-01-10,46.843,20000.0,37.0,,,,35900.0
2022-01-11,48.086,20333.333333333332,37.0,,,,35900.0
2022-01-12,48.149,20666.666666666668,37.0,,,,36650.0
2022-01-13,50.698,21000.0,37.0,,,,36650.0
2022-01-14,51.549,21333.333333333332,37.0,,,,36650.0
2022-01-17,51.583,21666.666666666668,37.0,,,,36650.0
2022-01-18,51.559,22000.0,37.0,,,,36650.0
2022-01-19,52.389,22333.333333333332,38.0,,,,37650.0
2022-01-20,53.664,22666.666666666668,38.0,,,,38100.0
2022-01-21,54.969,23000.0,39.0,,,,38100.0
2022-01-24,56.662,23333.333333333332,39.0,,,,38450.0
2022-01-25,56.637,23666.666666666668,39.0,,,,38450.0
2022-01-26,56.702,24000.0,39.0,,,,38450.0
2022-01-27,57.713,24333.333333333332,39.0,,,,38450.0
2022-01-28,57.764,24666.666666666668,41.0,,,,38600.0
2022-01-31,57.771,25000.0,39.0,,,,38600.0
2022-02-01,59.342,25743.75,42.0,,,,41600.0
2022-02-02,59.343,26487.5,42.0,,,,42000.0
2022-02-03,59.342,27231.25,42.0,,,,42000.0
2022-02-04,59.342,27975.0,42.0,,,,42000.0
2022-02-07,59.36,28718.75,42.0,,,,43910.0
2022-02-08,59.292,29462.5,42.0,,,,43910.0
2022-02-09,59.322,30206.25,45.0,,,,45790.0
2022-02-10,60.164,30950.0,46.0,,,,45790.0
2022-02-11,60.171,31693.75,48.0,,,,45790.0
2022-02-14,61.738,32437.5,49.0,,,,48490.0
2022-02-15,62.663,33181.25,51.0,,,,48490.0
2022-02-16,63.472,33925.0,53.0,,,,49740.0
2022-02-17,63.507,34668.75,53.0,,,,49740.0
2022-02-18,67.406,35412.5,53.0,,,,50940.0
2022-02-21,70.629,36156.25,54.0,,,,50940.0
2022-02-22,70.721,36900.0,55.0,,,,51310.0
2022-02-23,70.831,37643.75,57.0,,,,51560.0
2022-02-24,74.946,38387.5,58.0,,,,51860.0
2022-02-25,75.42099999999999,39131.25,58.0,,,,51860.0
2022-02-28,75.896,39875.0,52.0,,,,51870.0
2022-03-01,78.112,39989.13043478261,62.0,,,,60200.0
2022-03-02,76.529,40103.260869565216,63.0,,,,63500.0
2022-03-03,78.112,40217.391304347824,64.0,,,,63500.0
2022-03-04,78.112,40331.52173913043,64.0,,,,63500.0
2022-03-07,78.112,40445.65217391304,67.0,,,,66090.0
2022-03-08,78.112,40559.782608695656,67.0,,,,66090.0
2022-03-09,78.112,40673.913043478264,67.0,,,,66090.0
2022-03-10,78.112,40788.04347826087,67.0,,,,67550.0
2022-03-11,78.112,40902.17391304348,67.0,,,,67550.0
2022-03-14,78.112,41016.30434782609,70.0,,,,67860.0
2022-03-15,78.112,41130.434782608696,70.0,,,,67860.0
2022-03-16,78.745,41244.565217391304,70.0,,,,67860.0
2022-03-17,78.745,41358.69565217391,70.0,,,,68240.0
2022-03-18,78.745,41472.82608695652,70.0,,,,68240.0
2022-03-21,78.745,41586.95652173913,71.0,,,,68240.0
2022-03-22,78.19,41701.086956521736,71.0,,,,68240.0
2022-03-23,78.099,41815.217391304344,71.0,,,,68240.0
2022-03-24,78.144,41929.34782608696,72.0,,,,68990.0
2022-03-25,78.189,42043.47826086957,72.0,,,,68990.0
2022-03-28,78.094,42157.608695652176,72.0,,,,68990.0
2022-03-29,78.156,42271.739130434784,72.0,,,,68990.0
2022-03-30,78.33,42385.86956521739,72.0,,,,68990.0
2022-03-31,78.435,42500.0,70.0,,,,69580.0
2022-04-01,78.044,42727.27272727273,78.0,,,,74500.0
2022-04-04,78.03,42954.545454545456,78.0,,,,80250.0
2022-04-05,78.03,43181.818181818184,79.0,,,,80250.0
2022-04-06,78.033,43409.09090909091,79.0,,,,80250.0
2022-04-07,78.042,43636.36363636364,79.0,,,,80250.0
2022-04-08,78.021,43863.63636363636,82.0,,,,80250.0
2022-04-11,77.96,44090.90909090909,81.0,,,,81171.0
2022-04-12,75.727,44318.181818181816,81.0,,,,81171.0
2022-04-13,75.77,44545.454545454544,81.0,,,,81171.0
2022-04-14,75.716,44772.72727272727,81.0,,,,81171.0
2022-04-15,75.513,45000.0,81.0,,,,81171.0
2022-04-18,75.802,45227.27272727273,81.0,,,,81171.0
2022-04-19,75.539,45454.545454545456,81.0,,,,81171.0
2022-04-20,75.241,45681.818181818184,83.0,,,,81171.0
2022-04-21,74.492,45909.09090909091,83.0,,,,81171.0
2022-04-22,73.902,46136.36363636364,82.0,,,,81171.0
2022-04-25,73.209,46363.63636363636,82.0,,,,81171.0
2022-04-26,72.524,46590.90909090909,82.0,,,,81171.0
2022-04-27,71.932,46818.181818181816,82.0,,,,81171.0
2022-04-28,70.655,47045.454545454544,82.0,,,,81171.0
2022-04-29,70.2,47272.72727272727,81.0,,,,81170.0
2022-04-30,70.093,47500.0,82.0,,,,81280.0
2022-05-02,69.986,47477.27272727273,83.0,,,,81390.0
2022-05-03,69.986,47454.545454545456,83.0,,,,81500.0
2022-05-04,69.986,47431.818181818184,83.0,,,,81500.0
2022-05-05,69.846,47409.09090909091,82.0,,,,81500.0
2022-05-06,69.329,47386.36363636364,82.0,,,,81500.0
2022-05-09,68.829,47363.63636363636,82.0,,,,81500.0
2022-05-10,68.778,47340.90909090909,82.0,,,,81500.0
2022-05-11,68.102,47318.181818181816,82.0,,,,81500.0
2022-05-12,67.319,47295.454545454544,81.0,,,,80850.0
2022-05-13,67.391,47272.72727272727,81.0,,,,80850.0
2022-05-16,67.364,47250.0,81.0,,,,80850.0
2022-05-17,68.033,47227.27272727273,81.0,,,,80850.0
2022-05-18,67.825,47204.545454545456,81.0,,,,80850.0
2022-05-19,67.766,47181.818181818184,81.0,,,,80950.0
2022-05-20,68.518,47159.09090909091,81.0,,,,80950.0
2022-05-23,68.825,47136.36363636364,81.0,,,,80950.0
2022-05-24,68.646,47113.63636363636,80.0,,,,79887.5
2022-05-25,68.341,47090.90909090909,80.0,,,,79887.5
2022-05-26,67.957,47068.181818181816,80.0,,,,79726.19
2022-05-27,68.408,47045.454545454544,80.0,,,,79726.19
2022-05-30,70.155,47022.72727272727,80.0,,,,79726.19
2022-05-31,70.3,47000.0,80.0,,,,79730.0
2022-06-01,70.068,46886.36363636364,75.0,,,,75000.0
2022-06-02,70.198,46772.72727272727,75.0,,,,74366.66666666667
2022-06-03,70.342,46659.09090909091,75.0,,,,73733.33333333333
2022-06-06,70.555,46545.454545454544,75.0,,,,73100.0
2022-06-07,70.828,46431.818181818184,75.0,,,,75000.0
2022-06-08,70.676,46318.181818181816,75.0,,,,75000.0
2022-06-09,71.095,46204.545454545456,75.0,,,,75000.0
2022-06-10,70.824,46090.90909090909,75.0,,,,75000.0
2022-06-13,70.44,45977.27272727273,75.0,,,,75000.0
2022-06-14,70.903,45863.63636363636,75.0,,,,75000.0
2022-06-15,71.213,45750.0,75.0,,,,75000.0
2022-06-16,71.097,45636.36363636364,75.0,,,,75000.0
2022-06-17,71.228,45522.72727272727,75.0,,,,75000.0
2022-06-20,71.391,45409.09090909091,75.0,,,,75000.0
2022-06-21,71.274,45295.454545454544,75.0,,,,75000.0
2022-06-22,71.151,45181.818181818184,75.0,,,,75000.0
2022-06-23,71.208,45068.181818181816,75.0,,,,75000.0
2022-06-24,71.295,44954.545454545456,75.0,,,,75000.0
2022-06-27,71.373,44840.90909090909,75.0,,,,75000.0
2022-06-28,71.295,44727.27272727273,75.0,,,,75000.0
2022-06-29,71.319,44613.63636363636,75.0,,,,75000.0
2022-06-30,71.238,44500.0,75.0,,,,75000.0
2022-07-01,70.947,44571.42857142857,75.0,,,,75000.0
2022-07-04,71.042,44642.857142857145,75.0,,,,75000.0
2022-07-05,70.912,44714.28571428572,75.0,,,,75000.0
2022-07-06,70.869,44785.71428571428,75.0,,,,75000.0
2022-07-07,70.947,44857.142857142855,75.0,,,,75000.0
2022-07-08,70.954,44928.57142857143,75.0,,,,75000.0
2022-07-11,70.845,45000.0,75.0,,,,75000.0
2022-07-12,70.731,45071.42857142857,75.0,,,,75000.0
2022-07-13,70.684,45142.857142857145,75.0,,,,75000.0
2022-07-14,70.404,45214.28571428572,75.0,,,,75000.0
2022-07-15,70.398,45285.71428571428,75.0,,,,75000.0
2022-07-18,70.591,45357.142857142855,75.0,,,,75000.0
2022-07-19,70.536,45428.57142857143,75.0,,,,75000.0
2022-07-20,70.393,45500.0,75.0,,,,75000.0
2022-07-21,70.238,45571.42857142857,75.0,,,,75000.0
2022-07-22,70.358,45642.857142857145,75.0,,,,75000.0
2022-07-25,70.454,45714.28571428572,75.0,,,,75000.0
2022-07-26,70.332,45785.71428571428,75.0,,,,75000.0
2022-07-27,70.586,45857.142857142855,75.0,,,,75000.0
2022-07-28,70.581,45928.57142857143,75.0,,,,75000.0
2022-07-29,70.749,46000.0,75.0,,,,75000.0
2022-08-01,70.529,46043.47826086957,75.0,,,,75000.0
2022-08-02,70.506,46086.95652173913,75.0,,,,75000.0
2022-08-03,70.556,46130.434782608696,75.0,,,,75000.0
2022-08-04,70.517,46173.913043478264,75.0,,,,75000.0
2022-08-05,70.597,46217.391304347824,75.0,,,,75000.0
2022-08-08,70.498,46260.86956521739,75.0,,,,75000.0
2022-08-09,70.551,46304.34782608696,75.0,,,,75000.0
2022-08-10,70.568,46347.82608695652,75.0,,,,75000.0
2022-08-11,70.706,46391.30434782609,76.0,,,,75636.36
2022-08-12,70.822,46434.782608695656,76.0,,,,75636.36
2022-08-15,70.662,46478.260869565216,76.0,,,,75636.36
2022-08-16,70.491,46521.739130434784,76.0,,,,75636.36
2022-08-17,70.719,46565.217391304344,76.0,,,,75636.36
2022-08-18,70.644,46608.69565217391,76.0,,,,75636.36
2022-08-19,70.476,46652.17391304348,76.0,,,,75636.36
2022-08-22,70.222,46695.65217391304,76.0,,,,75636.36
2022-08-23,71.207,46739.13043478261,76.0,,,,75636.36
2022-08-24,71.71,46782.608695652176,76.0,,,,75636.36
2022-08-25,71.874,46826.086956521736,76.0,,,,75636.36
2022-08-26,71.762,46869.565217391304,76.0,,,,75636.36
2022-08-29,71.217,46913.04347826087,76.0,,,,75636.36
2022-08-30,71.374,46956.52173913043,76.0,,,,75636.36
2022-08-31,71.429,47000.0,76.0,,,,75640.0
2022-09-01,71.386,47045.454545454544,77.0,,,,76000.0
2022-09-02,71.299,47090.90909090909,77.0,,,,76477.27
2022-09-05,71.333,47136.36363636364,77.0,,,,76477.27
2022-09-06,71.045,47181.818181818184,77.0,,,,76477.27
2022-09-07,71.005,47227.27272727273,77.0,,,,76886.36
2022-09-08,71.291,47272.72727272727,77.0,,,,76886.36
2022-09-09,71.558,47318.181818181816,77.0,,,,76886.36
2022-09-12,71.825,47363.63636363636,77.0,,,,76886.36
2022-09-13,71.833,47409.09090909091,77.0,,,,76886.36
2022-09-14,71.474,47454.545454545456,77.0,,,,76886.36
2022-09-15,71.167,47500.0,77.0,,,,76886.36
2022-09-16,70.972,47545.454545454544,77.0,,,,76886.36
2022-09-19,71.354,47590.90909090909,77.0,,,,76886.36
2022-09-20,71.37,47636.36363636364,77.0,,,,76880.95
2022-09-21,71.024,47681.818181818184,77.0,,,,76880.95
2022-09-22,70.961,47727.27272727273,77.0,,,,77214.29
2022-09-23,70.443,47772.72727272727,77.0,,,,77214.29
2022-09-26,70.032,47818.181818181816,77.0,,,,77214.29
2022-09-27,69.937,47863.63636363636,77.0,,,,77214.29
2022-09-28,70.564,47909.09090909091,77.0,,,,77357.14
2022-09-29,71.61,47954.545454545456,77.0,,,,77452.38
2022-09-30,71.738,48000.0,77.0,,,,77476.19
2022-10-03,71.755,48452.380952380954,80.0,,,,80000.0
2022-10-04,71.755,48904.76190476191,80.0,,,,80000.0
2022-10-05,71.755,49357.142857142855,80.0,,,,80000.0
2022-10-06,71.755,49809.52380952381,80.0,,,,80000.0
2022-10-07,71.755,50261.90476190476,80.0,,,,80000.0
2022-10-10,71.386,50714.28571428572,80.0,,,,80000.0
2022-10-11,72.214,51166.666666666664,80.0,,,,80000.0
2022-10-12,72.861,51619.04761904762,80.0,,,,80000.0
2022-10-13,72.751,52071.42857142857,80.0,,,,80000.0
2022-10-14,72.61,52523.80952380953,80.0,,,,80000.0
2022-10-17,74.643,52976.19047619047,80.0,,,,80000.0
2022-10-18,75.355,53428.57142857143,80.0,,,,80000.0
2022-10-19,75.057,53880.95238095238,80.0,,,,80000.0
2022-10-20,75.115,54333.333333333336,81.0,,,,80761.9
2022-10-21,74.865,54785.71428571428,81.0,,,,80761.9
2022-10-24,76.075,55238.09523809524,81.0,,,,80761.9
2022-10-25,75.594,55690.47619047619,81.0,,,,80761.9
2022-10-26,76.968,56142.857142857145,81.0,,,,80761.9
2022-10-27,77.81,56595.2380952381,81.0,,,,80761.9
2022-10-28,77.57,57047.619047619046,81.0,,,,80761.9
2022-10-31,77.321,57500.0,81.0,,,,80761.9
2022-11-01,77.807,57511.36363636364,83.0,,,,83000.0
2022-11-02,78.613,57522.72727272727,83.0,,,,83000.0
2022-11-03,78.238,57534.09090909091,83.0,,,,83000.0
2022-11-04,80.15,57545.454545454544,83.0,,,,83000.0
2022-11-07,81.275,57556.818181818184,83.0,,,,83000.0
2022-11-08,81.68,57568.181818181816,83.0,,,,83000.0
2022-11-09,81.689,57579.545454545456,83.0,,,,83000.0
2022-11-10,81.697,57590.90909090909,83.0,,,,83000.0
2022-11-11,83.361,57602.27272727273,84.0,,,,83636.36
2022-11-14,84.552,57613.63636363636,84.0,,,,83931.82
2022-11-15,84.802,57625.0,84.0,,,,83931.82
2022-11-16,84.388,57636.36363636364,84.0,,,,83931.82
2022-11-17,82.822,57647.72727272727,84.0,,,,83931.82
2022-11-18,83.246,57659.09090909091,84.0,,,,83931.82
2022-11-21,82.54,57670.454545454544,84.0,,,,83931.82
2022-11-22,82.857,57681.818181818184,84.0,,,,84090.91
2022-11-23,82.556,57693.181818181816,84.0,,,,84090.91
2022-11-24,82.601,57704.545454545456,84.0,,,,84090.91
2022-11-25,81.201,57715.90909090909,84.0,,,,84090.91
2022-11-28,80.225,57727.27272727273,84.0,,,,84090.91
2022-11-29,80.578,57738.63636363636,84.0,,,,84090.91
2022-11-30,81.602,57750.0,84.0,,,,84090.0
2022-12-01,81.625,57818.181818181816,85.0,,,,85000.0
2022-12-02,82.297,57886.36363636364,85.0,,,,85000.0
2022-12-05,83.119,57954.545454545456,85.0,,,,85000.0
2022-12-06,82.622,58022.72727272727,85.0,,,,85000.0
2022-12-07,82.04,58090.90909090909,85.0,,,,85000.0
2022-12-08,82.105,58159.09090909091,85.0,,,,85000.0
2022-12-09,82.135,58227.27272727273,85.0,,,,85000.0
2022-12-12,81.505,58295.454545454544,85.0,,,,85000.0
2022-12-13,81.278,58363.63636363636,85.0,,,,85000.0
2022-12-14,81.06,58431.818181818184,85.0,,,,85000.0
2022-12-15,80.881,58500.0,85.0,,,,85000.0
2022-12-16,80.679,58568.181818181816,85.0,,,,85000.0
2022-12-19,79.519,58636.36363636364,85.0,,,,85000.0
2022-12-20,79.42,58704.545454545456,85.0,,,,85000.0
2022-12-21,79.317,58772.72727272727,85.0,,,,85000.0
2022-12-22,78.424,58840.90909090909,85.0,,,,84681.82
2022-12-23,78.376,58909.09090909091,85.0,,,,84681.82
2022-12-26,76.978,58977.27272727273,85.0,,,,84704.54666666668
2022-12-27,77.032,59045.454545454544,85.0,,,,84727.27333333333
2022-12-28,76.341,59113.63636363636,85.0,,,,84750.0
2022-12-29,76.474,59181.818181818184,85.0,,,,84750.0
2022-12-30,77.189,59250.0,85.0,,,,84730.0
2023-01-02,74.591,59541.666666666664,84.5,,,,84115.0
2023-01-03,75.186,59833.333333333336,84.0,,,,83500.0
2023-01-04,75.459,60125.0,84.0,,,,83500.0
2023-01-05,75.584,60416.666666666664,84.0,,,,83500.0
2023-01-06,75.715,60708.333333333336,82.0,,,,81785.71
2023-01-09,74.082,61000.0,82.0,,,,81785.71
2023-01-10,74.086,61291.666666666664,82.0,,,,81785.71
2023-01-11,74.165,61583.333333333336,82.0,,,,81785.71
2023-01-12,74.442,61875.0,81.0,,,,81119.05
2023-01-13,71.742,62166.666666666664,81.0,,,,81119.05
2023-01-16,71.373,62458.333333333336,81.0,,,,81119.05
2023-01-17,71.373,62750.0,81.0,,,,81119.05
2023-01-18,70.706,63041.666666666664,81.0,,,,81119.05
2023-01-19,70.374,63333.333333333336,81.0,,,,81119.05
2023-01-20,70.407,63625.0,81.0,,,,80738.1
2023-01-23,70.296,63916.666666666664,81.0,,,,80738.1
2023-01-24,70.296,64208.333333333336,81.0,,,,80738.1
2023-01-25,70.296,64500.0,81.0,,,,80619.05
2023-01-26,70.296,64375.0,81.0,,,,80619.05
2023-01-27,70.296,64250.0,81.0,,,,80619.05
2023-01-30,70.735,64125.0,81.0,,,,80619.05
2023-01-31,70.678,64000.0,81.0,,,,80620.0
2023-02-01,70.384,63875.0,79.0,,,,79000.0
2023-02-02,70.27,63750.0,79.0,,,,79000.0
2023-02-03,70.131,63625.0,77.0,,,,76750.0
2023-02-06,69.683,63500.0,77.0,,,,76750.0
2023-02-07,69.623,63375.0,77.0,,,,76750.0
2023-02-08,69.628,63250.0,77.0,,,,76750.0
2023-02-09,69.723,63125.0,77.0,,,,76750.0
2023-02-10,69.349,63000.0,77.0,,,,76750.0
2023-02-13,69.239,62875.0,77.0,,,,76750.0
2023-02-14,69.349,62750.0,76.0,,,,76200.0
2023-02-15,69.052,62625.0,76.0,,,,76200.0
2023-02-16,68.927,62500.0,76.0,,,,76200.0
2023-02-17,68.691,62375.0,76.0,,,,76200.0
2023-02-20,62.327,62250.0,76.0,,,,76200.0
2023-02-21,61.41,62125.0,76.0,,,,76200.0
2023-02-22,60.573,62000.0,76.0,,,,76200.0
2023-02-23,58.783,62000.0,76.0,,,,76200.0
2023-02-24,56.67,62000.0,76.0,,,,76200.0
2023-02-27,55.015,62000.0,76.0,,,,76150.0
2023-02-28,55.133,62000.0,76.0,,,,76150.0
2023-03-01,55.713,62000.0,75.0,,,,74500.0
2023-03-02,52.894,62000.0,74.0,,,,73543.48
2023-03-03,52.476,62000.0,73.0,,,,72630.43
2023-03-06,51.539,62000.0,73.0,,,,72630.43
2023-03-07,51.545,62000.0,73.0,,,,72630.43
2023-03-08,51.387,62000.0,72.0,,,,72239.13
2023-03-09,51.323,61750.0,72.0,,,,72239.13
2023-03-10,48.561,61500.0,72.0,,,,71891.3
2023-03-13,48.474,61250.0,71.0,,,,71239.13
2023-03-14,48.411,61000.0,71.0,,,,71239.13
2023-03-15,47.45,60750.0,71.0,,,,70956.52
2023-03-16,47.498,60500.0,71.0,,,,70956.52
2023-03-17,46.412,60250.0,71.0,,,,70478.26
2023-03-20,44.694,60000.0,70.0,,,,70043.48
2023-03-21,43.569,59750.0,70.0,,,,69260.87
2023-03-22,42.493,59500.0,70.0,,,,69260.87
2023-03-23,42.829,59025.0,70.0,,,,68956.52
2023-03-24,40.237,58550.0,69.0,,,,68826.09
2023-03-27,39.018,58075.0,69.0,,,,68500.0
2023-03-28,37.877,57600.0,68.0,,,,68326.09
2023-03-29,37.84,57125.0,68.0,,,,68326.09
2023-03-30,35.386,56650.0,68.0,,,,68282.61
2023-03-31,34.401,56175.0,68.0,,,,68280.0
2023-04-03,33.332,55700.0,61.0,,,43.7,62000.0
2023-04-04,32.47,55225.0,59.0,,,42.94,58600.0
2023-04-05,31.616,54750.0,58.0,,,42.92,57700.0
2023-04-06,31.645,54750.0,53.0,,,40.36,53450.0
2023-04-07,31.596,54750.0,53.0,,,39.515,53225.926666666666
2023-04-10,31.625,54750.0,53.0,,,38.67,53001.85333333333
2023-04-11,30.864,54750.0,53.0,,,38.77,52777.78
2023-04-12,30.872,54750.0,52.0,,,37.4,52055.56
2023-04-13,29.441,54750.0,51.0,,,35.9,50722.22
2023-04-14,28.815,54750.0,47.0,,,36.43,47055.56
2023-04-17,28.019,54750.0,47.0,,,36.0,46500.0
2023-04-18,27.271,54750.0,47.0,,,35.08,46500.0
2023-04-19,26.462,54750.0,46.0,,,35.3,46055.56
2023-04-20,26.525,54012.5,46.0,,,35.83,46055.56
2023-04-21,25.769,53275.0,46.0,,,35.83,46055.56
2023-04-24,25.027,52537.5,46.0,,,35.83,46055.56
2023-04-25,24.922,51800.0,46.0,,,35.88,46055.56
2023-04-26,23.905,51062.5,46.0,,,35.88,46055.56
2023-04-27,23.902,50325.0,46.0,,,36.83,46055.56
2023-04-28,24.931,49587.5,46.0,,,36.83,46070.0
2023-05-01,24.934,48850.0,41.0,,,36.83,43410.0
2023-05-02,25.657,48112.5,41.0,,37.75,36.83,40750.0
2023-05-03,25.657,47375.0,41.0,,36.44,36.44,40750.0
2023-05-04,25.682,47375.0,41.0,,36.48,36.48,40750.0
2023-05-05,25.69,47375.0,41.0,,36.48,36.48,40750.0
2023-05-08,26.383,47375.0,41.0,,36.48,36.48,40851.19
2023-05-09,27.812,47375.0,41.0,,37.07,37.07,40952.38
2023-05-10,28.523,47375.0,41.0,,37.01,37.01,40952.38
2023-05-11,28.47,47375.0,41.0,,37.01,37.01,41309.52
2023-05-12,29.126,47375.0,42.0,,37.84,37.84,42042.86
2023-05-15,29.847,47375.0,42.0,,37.84,37.84,42042.86
2023-05-16,31.227,47375.0,42.0,,37.84,37.84,42042.86
2023-05-17,32.519,47375.0,42.0,,38.5,37.84,42042.86
2023-05-18,32.373,47625.0,43.0,,38.5,37.84,43185.71
2023-05-19,32.442,47875.0,44.0,,50.0,46.46,43614.29
2023-05-22,32.363,48125.0,44.0,,40.0,38.96,43614.29
2023-05-23,32.25,48375.0,43.0,,40.0,38.96,43324.29
2023-05-24,32.276,48625.0,43.0,,39.5,38.59,43324.29
2023-05-25,32.172,48875.0,43.0,,39.5,38.59,43293.33
2023-05-26,32.24,49125.0,43.0,,37.25,36.9,43293.33
2023-05-29,42.044,49375.0,43.0,,39.76,39.76,43250.665
2023-05-30,42.023,49625.0,43.0,,38.75,38.03,43208.0
2023-05-31,41.856,49875.0,43.0,,38.75,38.03,43210.0
2023-06-01,41.837,49512.5,47.0,,38.02,38.02,46500.0
2023-06-02,42.098,49150.0,46.0,,37.64,37.64,46022.73
2023-06-05,41.803,48787.5,46.0,,40.74,40.74,46022.73
2023-06-06,41.802,48425.0,46.0,,40.27,40.27,46022.73
2023-06-07,41.827,48062.5,47.0,,42.52,42.52,46922.73
2023-06-08,41.732,47700.0,47.0,,43.93,43.93,47309.09
2023-06-09,41.735,47337.5,47.0,,43.93,43.93,47309.09
2023-06-12,43.75,46975.0,47.0,,43.93,43.93,47309.09
2023-06-13,43.706,46612.5,47.0,,43.93,43.93,47309.09
2023-06-14,43.654,46250.0,47.0,,43.13,43.13,46718.18
2023-06-15,43.637,46362.5,47.0,,47.24,47.24,46718.18
2023-06-16,43.863,46475.0,46.0,,47.24,47.24,45918.18
2023-06-19,43.657,46587.5,46.5,,47.45,47.45,47054.55
2023-06-20,43.546,46700.0,47.0,,47.45,47.45,47054.55
2023-06-21,43.479,46812.5,47.0,,47.45,47.45,47054.55
2023-06-22,43.244,46925.0,47.0,,46.41,46.64,47054.55
2023-06-23,43.244,47037.5,47.0,,46.41,46.64,47054.55
2023-06-26,42.926,47150.0,47.0,,46.41,46.64,47054.55
2023-06-27,43.031,47262.5,47.0,,46.41,46.64,47054.55
2023-06-28,42.434,47375.0,47.0,,46.1,46.32,46986.36
2023-06-29,42.501,47375.0,47.0,,46.1,46.32,46895.45
2023-06-30,42.305,47375.0,47.0,,52.03,52.72,46900.0
2023-07-03,42.42,47375.0,46.0,,52.26,52.72,45500.0
2023-07-04,42.598,47375.0,46.0,,52.49,52.94,45500.0
2023-07-05,42.452,47375.0,46.0,,52.26,52.72,46042.86
2023-07-06,42.52,47375.0,46.0,,53.04,53.04,46042.86
2023-07-07,42.504,47375.0,45.0,,53.04,53.04,45152.38
2023-07-10,42.488,47375.0,45.0,,53.04,53.04,45152.38
2023-07-11,42.701,47375.0,44.0,,53.17,53.17,44771.43
2023-07-12,42.753,47375.0,44.0,,53.32,53.32,44057.14
2023-07-13,42.928,46612.5,44.0,,53.67,53.67,44423.81
2023-07-14,43.093,45850.0,44.0,,53.29,53.29,43909.52
2023-07-17,42.917,45087.5,44.0,,53.26,53.26,44040.48
2023-07-18,42.857,44325.0,44.0,,51.76,51.76,44040.48
2023-07-19,41.487,43562.5,44.0,,49.48,49.48,44040.48
2023-07-20,41.795,42800.0,44.0,,51.35,51.35,44097.62
2023-07-21,41.716,42037.5,43.0,,50.22,50.22,43380.95
2023-07-24,40.979,41275.0,43.0,,44.79,44.79,43380.95
2023-07-25,41.232,40512.5,43.0,,41.06,41.06,43083.33
2023-07-26,40.197,39750.0,43.0,,39.87,39.87,43083.33
2023-07-27,39.529,39750.0,43.0,,39.7,39.7,43083.33
2023-07-28,38.773,39750.0,43.0,,40.95,40.95,43083.33
2023-07-31,37.695,39750.0,43.0,,43.1,43.1,43080.0
2023-08-01,36.906,39750.0,39.0,,44.18,44.18,39250.0
2023-08-02,36.856,39750.0,39.0,,45.95,45.95,38532.61
2023-08-03,36.882,39750.0,39.0,,44.11,44.11,38532.61
2023-08-04,36.808,39750.0,38.0,,44.11,44.11,37663.04
2023-08-07,36.79,39750.0,38.0,,42.88,42.88,37663.04
2023-08-08,36.646,39750.0,37.0,,42.53,42.53,37467.39
2023-08-09,36.014,39750.0,37.0,,42.72,42.72,37467.39
2023-08-10,35.304,39750.0,37.0,,42.53,42.53,37467.39
2023-08-11,35.189,39750.0,37.0,,42.44,42.44,36652.17
2023-08-14,35.055,39750.0,36.0,,41.13,41.13,36043.48
2023-08-15,34.928,39750.0,36.0,,40.38,40.38,36043.48
2023-08-16,34.875,39750.0,36.0,,38.15,38.15,35521.74
2023-08-17,32.198,39750.0,36.0,,36.53,36.53,35521.74
2023-08-18,32.177,39750.0,35.0,,36.53,36.53,35195.65
2023-08-21,29.859,39750.0,35.0,,36.17,36.17,35195.65
2023-08-22,29.829,39750.0,35.0,,37.47,37.47,35195.65
2023-08-23,29.833,39750.0,35.0,,36.36,36.36,35119.57
2023-08-24,29.877,39400.0,35.0,,36.73,36.73,35119.57
2023-08-25,29.839,39050.0,35.0,,36.73,36.73,35119.57
2023-08-28,29.821,38700.0,35.0,,37.2,37.2,35065.465
2023-08-29,28.996,38350.0,35.0,,37.2,37.2,35011.36
2023-08-30,29.015,38000.0,35.0,,36.02,36.02,34965.91
2023-08-31,29.024,37650.0,35.0,,36.02,36.02,34920.0
2023-09-01,27.772,37300.0,30.0,,35.8,35.8,30000.0
2023-09-04,27.715,36950.0,30.0,,34.95,34.95,30000.0
2023-09-05,27.588,36600.0,30.0,,34.95,34.95,30000.0
2023-09-06,27.59,36250.0,30.0,,35.81,35.36,30000.0
2023-09-07,10.297,36100.0,29.0,,35.81,35.36,29190.48
2023-09-08,10.297,35950.0,29.0,,35.0,34.47,29190.48
2023-09-11,15.540666666666667,35800.0,29.0,,34.06,33.61,28833.33
2023-09-12,20.784333333333333,35650.0,29.0,,33.3,32.74,28500.0
2023-09-13,26.028,35500.0,29.0,,31.44,31.07,28809.52
2023-09-14,25.625,35350.0,29.0,,31.44,31.07,28523.81
2023-09-15,25.628,35200.0,29.0,,30.43,30.06,28523.81
2023-09-18,25.425,35050.0,29.0,,30.58,30.21,28523.81
2023-09-19,25.03,34900.0,29.0,,30.69,30.32,28523.81
2023-09-20,24.473,34750.0,28.0,,30.21,29.83,28333.33
2023-09-21,24.434,34550.0,28.0,,27.83,27.34,28166.67
2023-09-22,24.439,34350.0,28.0,,27.83,27.34,28166.67
2023-09-25,23.599,34150.0,28.0,,25.29,25.11,28047.62
2023-09-26,23.189,33950.0,28.0,,24.54,24.36,28047.62
2023-09-27,23.184,33750.0,28.0,,24.01,23.82,27904.76
2023-09-28,22.797,33550.0,28.0,,23.58,23.41,27809.52
2023-09-29,22.814,33350.0,28.0,,23.58,23.41,27810.0
2023-10-02,22.814,33150.0,25.0,10.13,22.81,22.7,24500.0
2023-10-03,22.813,32950.0,25.0,9.67,22.77,22.66,24500.0
2023-10-04,22.814,32750.0,25.0,11.72,22.77,22.66,24500.0
2023-10-05,22.813,32300.0,25.0,10.9,23.11,22.96,24500.0
2023-10-06,22.814,31850.0,25.0,11.49,23.22,23.07,24500.0
2023-10-09,22.836,31400.0,25.0,11.07,23.08,22.93,24500.0
2023-10-10,22.811,30950.0,28.0,10.7,23.08,22.93,24500.0
2023-10-11,22.801,30500.0,24.0,9.86,23.29,23.14,24159.09
2023-10-12,22.809,30050.0,24.0,9.58,23.29,23.14,24159.09
2023-10-13,22.786,29600.0,24.0,8.68,23.96,23.77,24159.09
2023-10-16,22.769,29150.0,24.0,9.33,24.6,24.45,23886.36
2023-10-17,23.589,28700.0,24.0,9.1,23.27,23.19,23886.36
2023-10-18,23.857,28250.0,24.0,8.16,23.32,23.25,23886.36
2023-10-19,23.855,28250.0,24.0,7.12,21.83,21.68,23886.36
2023-10-20,23.441,28250.0,24.0,6.96,20.96,20.81,23886.36
2023-10-23,23.441,28250.0,24.0,6.55,20.96,20.81,23886.36
2023-10-24,22.504,28250.0,24.0,6.74,21.04,20.89,23886.36
2023-10-25,22.482,28250.0,24.0,6.83,20.93,20.55,23715.91
2023-10-26,22.613,28250.0,24.0,6.76,20.93,20.36,23715.91
2023-10-27,22.477,28250.0,24.0,6.85,19.98,19.9,23613.64
2023-10-30,22.346,28250.0,24.0,6.71,19.98,19.9,23613.64
2023-10-31,22.349,28250.0,24.0,6.7,19.95,19.88,23610.0
2023-11-01,22.339,28250.0,22.0,6.6,18.23,18.15,22000.0
2023-11-02,22.345,28250.0,22.0,7.04,18.1,18.02,22000.0
2023-11-03,22.38,28250.0,22.0,7.36,17.96,17.89,22000.0
2023-11-06,22.351,28250.0,22.0,7.16,18.88,18.81,22000.0
2023-11-07,22.172,28250.0,22.0,7.25,18.88,18.81,22000.0
2023-11-08,21.63,28250.0,22.0,7.5,18.81,18.49,22000.0
2023-11-09,21.07,28250.0,22.0,7.1,18.62,18.41,21636.36
2023-11-10,20.783,28250.0,22.0,7.37,18.7,18.62,21636.36
2023-11-13,20.368,28250.0,22.0,7.18,18.85,18.77,21636.36
2023-11-14,20.372,28250.0,21.0,7.47,18.85,18.77,21488.64
2023-11-15,20.507,28250.0,21.0,7.54,19.87,18.88,21488.64
2023-11-16,19.93,27800.0,21.0,6.95,19.0,18.88,21238.64
2023-11-17,19.758,27350.0,21.0,7.21,18.92,18.81,21238.64
2023-11-20,19.868,26900.0,21.0,7.26,19.35,19.04,21238.64
2023-11-21,19.683,26450.0,21.0,7.06,19.16,18.85,20875.0
2023-11-22,19.23,26000.0,21.0,6.99,19.61,18.32,20875.0
2023-11-23,18.695,25550.0,21.0,7.035,18.71,17.69,20875.0
2023-11-24,18.242,25100.0,21.0,7.08,18.74,17.71,20875.0
2023-11-27,17.685,24650.0,21.0,6.65,18.41,17.61,20829.55
2023-11-28,17.684,24200.0,21.0,6.51,18.19,17.39,20693.18
2023-11-29,17.748,23750.0,21.0,6.6,17.85,16.94,20693.18
2023-11-30,16.605,23375.0,21.0,6.45,17.4,16.8,20690.0
2023-12-01,16.59,23000.0,18.0,6.52,19.22,17.93,18050.0
2023-12-04,15.759,22625.0,18.0,6.44,17.07,16.47,18050.0
2023-12-05,15.19,22250.0,18.0,6.21,17.16,16.56,17552.38
2023-12-06,14.459,21875.0,18.0,6.42,16.11,15.77,17552.38
2023-12-07,13.767,21500.0,18.0,6.41,15.99,15.28,17552.38
2023-12-08,13.754,21125.0,17.0,6.63,16.71,16.18,17171.43
2023-12-11,13.725,20750.0,17.0,6.08,17.31,16.78,16992.86
2023-12-12,13.742,20375.0,17.0,5.83,17.31,16.78,16992.86
2023-12-13,13.584,20000.0,17.0,6.44,17.12,16.63,16992.86
2023-12-14,13.672,19875.0,17.0,6.6,15.88,16.86,16850.0
2023-12-15,13.716,19750.0,17.0,6.73,17.44,16.91,16850.0
2023-12-18,13.665,19625.0,17.0,6.49,17.44,16.91,16850.0
2023-12-19,13.663,19500.0,16.0,6.7,17.59,17.06,16528.57
2023-12-20,13.659,19375.0,16.0,6.17,18.26,17.83,16528.57
2023-12-21,13.653,19250.0,16.0,6.48,18.26,17.83,16528.57
2023-12-22,13.527,19125.0,16.0,6.5,18.26,17.83,16528.57
2023-12-25,13.59,19000.0,16.5,6.6,18.26,17.83,16609.673333333332
2023-12-26,13.507,18875.0,17.0,6.7,18.26,17.83,16690.77666666667
2023-12-27,13.501,18750.0,17.0,6.78,18.26,17.83,16771.88
2023-12-28,13.589,18475.0,17.0,6.6,18.26,17.83,16584.21
2023-12-29,13.593,18200.0,17.0,6.4,18.34,18.0,16580.0
2024-01-01,13.625,17925.0,16.5,6.365,17.795,17.55,16040.0
2024-01-02,13.51,17650.0,16.0,6.33,17.25,17.1,15500.0
2024-01-03,13.501,17375.0,16.0,6.16,18.1,17.79,15500.0
2024-01-04,13.494,17100.0,16.0,6.1,17.89,17.63,15727.27
2024-01-05,13.489,16825.0,15.0,6.07,17.66,17.4,15079.55
2024-01-08,13.474,16550.0,15.0,6.11,17.55,17.29,15079.55
2024-01-09,13.329,16275.0,15.0,5.98,17.18,16.91,15079.55
2024-01-10,13.32,16000.0,15.0,5.87,16.91,16.65,14897.73
2024-01-11,13.342,16000.0,15.0,5.39,16.73,16.36,14897.73
2024-01-12,13.32,16000.0,15.0,5.52,16.77,16.4,14897.73
2024-01-15,13.31,16000.0,15.0,5.365,16.44,16.13,14897.73
2024-01-16,13.283,16000.0,15.0,5.21,16.44,16.13,14832.27
2024-01-17,13.273,16000.0,15.0,5.03,16.44,15.29,14832.27
2024-01-18,13.275,16000.0,16.0,4.87,16.41,16.09,14659.55
2024-01-19,13.28,16000.0,15.0,4.54,16.03,15.75,14659.55
2024-01-22,13.273,16000.0,15.0,4.61,16.03,15.75,14659.55
2024-01-23,13.317,16000.0,15.0,4.55,15.96,15.08,14627.73
2024-01-24,13.346,16000.0,15.0,4.73,16.05,15.91,14627.73
2024-01-25,13.321,15925.0,15.0,4.62,16.12,15.46,14502.73
2024-01-26,13.311,15850.0,14.0,4.61,15.7,15.3,14439.09
2024-01-29,13.302,15775.0,14.0,4.71,15.7,15.96,14439.09
2024-01-30,13.302,15700.0,14.0,4.52,15.54,15.45,14439.09
2024-01-31,13.304,15625.0,14.0,4.36,15.64,15.54,14440.0
2024-02-01,13.297,15550.0,13.0,4.35,15.64,15.62,13250.0
2024-02-02,13.306,15475.0,13.0,4.21,15.32,15.51,13250.0
2024-02-05,13.267,15400.0,13.0,3.83,14.91,15.54,13250.0
2024-02-06,13.562,15325.0,13.0,4.09,14.76,14.47,13250.0
2024-02-07,13.552,15250.0,13.0,4.07,15.21,15.55,13250.0
2024-02-08,13.548,15100.0,13.0,4.12,14.98,15.47,13250.0
2024-02-09,13.554,14950.0,13.0,4.23,14.98,15.47,13250.0
2024-02-12,13.554,14800.0,13.0,4.53,14.98,15.47,13250.0
2024-02-13,13.554,14650.0,13.0,4.17,14.87,14.91,13250.0
2024-02-14,13.554,14500.0,13.0,4.52,14.7,15.0,13250.0
2024-02-15,13.554,14350.0,13.0,4.55,14.7,15.0,13250.0
2024-02-16,13.554,14200.0,13.0,4.6,14.93,15.21,13250.0
2024-02-19,13.544,14050.0,13.0,4.449999999999999,14.93,15.21,13250.0
2024-02-20,13.55,13900.0,13.0,4.3,14.87,15.09,13250.0
2024-02-21,13.28,13750.0,13.0,4.33,14.66,14.63,13250.0
2024-02-22,13.279,13750.0,13.0,4.21,14.85,14.97,13250.0
2024-02-23,13.269,13750.0,13.0,4.3,14.82,15.09,13250.0
2024-02-26,13.27,13750.0,13.0,4.41,14.86,15.16,13250.0
2024-02-27,13.268,13750.0,13.0,4.61,14.86,15.16,13250.0
2024-02-28,13.404,13750.0,13.0,4.76,15.47,16.03,13250.0
2024-02-29,13.691,13750.0,13.0,5.48,15.97,16.35,13250.0
2024-03-01,14.1,13750.0,15.0,5.65,17.47,17.1,13250.0
2024-03-04,15.071,13750.0,14.0,5.43,17.54,17.12,13250.0
2024-03-05,15.071,13750.0,15.0,4.96,17.57,17.1,13250.0
2024-03-06,15.071,13750.0,14.0,5.36,17.23,16.92,13250.0
2024-03-07,15.074,13750.0,14.0,5.34,17.15,16.89,13250.0
2024-03-08,15.091,13750.0,14.0,5.32,17.14,16.78,13250.0
2024-03-11,15.11,13750.0,14.0,5.83,17.23,16.71,13425.0
2024-03-12,15.4,13750.0,14.0,5.63,17.34,17.0,13184.5
2024-03-13,15.641,13750.0,14.0,5.73,17.34,17.0,13184.5
2024-03-14,16.062,13750.0,14.0,5.99,17.57,17.3,13184.5
2024-03-15,16.189,13750.0,14.0,6.47,17.03,16.74,13184.5
2024-03-18,15.768,13750.0,14.0,5.73,16.93,16.64,13396.0
2024-03-19,16.044,13750.0,13.0,5.56,17.08,16.64,13396.0
2024-03-20,16.046,13750.0,13.0,5.99,16.86,16.56,13273.5
2024-03-21,16.044,13717.5,13.0,6.41,17.08,16.71,13273.5
2024-03-22,15.976,13685.0,13.0,6.93,17.23,16.64,13273.5
2024-03-25,15.879,13652.5,13.0,6.86,16.97,16.47,13273.5
2024-03-26,15.169,13620.0,13.0,6.62,16.37,15.68,13273.5
2024-03-27,15.15,13587.5,13.0,6.74,16.43,15.69,13273.5
2024-03-28,14.871,13555.0,13.0,6.72,16.41,15.66,13270.0
2024-03-29,15.152,13522.5,13.0,6.869999999999999,16.41,15.675,13230.0
2024-04-01,14.868,13490.0,13.0,7.02,16.41,15.69,13190.0
2024-04-02,14.856,13457.5,13.0,7.05,15.83,15.68,13150.0
2024-04-03,14.995,13425.0,14.0,7.09,15.84,15.69,13150.0
2024-04-04,15.135,13460.0,14.0,6.72,15.84,15.61,13150.0
2024-04-05,15.135,13495.0,13.0,6.82,15.84,15.62,13150.0
2024-04-08,15.14,13530.0,13.0,6.68,15.84,15.62,13230.95
2024-04-09,15.553,13565.0,13.0,6.96,15.84,15.62,13230.95
2024-04-10,15.554,13600.0,14.0,7.19,15.77,15.63,13695.24
2024-04-11,15.545,13635.0,14.0,7.34,15.84,15.69,13695.24
2024-04-12,15.406,13670.0,14.0,7.08,16.01,15.43,13695.24
2024-04-15,15.403,13705.0,14.0,6.81,16.01,15.72,13752.38
2024-04-16,15.404,13740.0,14.0,6.49,16.12,15.87,13752.38
2024-04-17,15.403,13775.0,14.0,6.63,16.09,15.6,13752.38
2024-04-18,15.405,13765.0,14.0,4.66,16.01,15.72,13752.38
2024-04-19,15.26,13755.0,14.0,4.73,16.01,15.54,13752.38
2024-04-22,15.255,13745.0,14.0,4.75,16.01,15.57,13752.38
2024-04-23,15.248,13735.0,14.0,4.68,16.01,15.57,13752.38
2024-04-24,15.25,13725.0,14.0,4.49,15.94,15.43,13752.38
2024-04-25,15.249,13715.0,14.0,4.42,15.88,15.5,13847.62
2024-04-26,15.249,13705.0,14.0,4.62,15.88,15.5,13847.62
2024-04-29,15.26,13695.0,14.0,4.57,16.25,15.97,13833.33
2024-04-30,15.26,13685.0,14.0,4.41,16.53,16.12,13830.0
2024-05-01,15.26,13675.0,14.0,4.35,16.25,16.03,14350.0
2024-05-02,15.26,13675.0,14.0,4.49,16.03,16.0,14350.0
2024-05-03,15.26,13675.0,14.0,4.49,16.06,16.03,14350.0
2024-05-06,15.333,13675.0,14.0,4.44,16.06,16.03,14350.0
2024-05-07,15.309,13675.0,14.0,4.54,16.06,16.03,14350.0
2024-05-08,15.288,13675.0,15.0,4.32,15.98,15.86,14350.0
2024-05-09,15.291,13675.0,14.0,4.45,15.92,15.79,14350.0
2024-05-10,15.136,13675.0,14.0,4.36,15.92,15.77,14350.0
2024-05-13,15.024,13675.0,14.0,4.4,15.84,15.7,14350.0
2024-05-14,14.811,13675.0,14.0,4.57,15.6,15.03,14350.0
2024-05-15,14.598,13675.0,14.0,4.39,15.53,15.03,14290.91
2024-05-16,14.58,13675.0,14.0,4.43,15.49,14.99,14290.91
2024-05-17,14.57775,13675.0,14.0,4.47,15.38,14.94,14290.91
2024-05-20,14.5755,13675.0,14.0,4.37,15.41,14.81,14290.91
2024-05-21,14.57325,13675.0,14.0,4.25,15.41,14.94,14188.64
2024-05-22,14.571,13675.0,14.0,4.05,15.4,15.22,14170.45
2024-05-23,14.564,13675.0,14.0,3.8,15.34,15.17,14170.45
2024-05-24,14.564,13675.0,14.0,3.91,15.3,15.11,14170.45
2024-05-27,14.561,13675.0,14.0,3.77,15.34,14.99,14175.7
2024-05-28,14.553,13675.0,14.0,3.63,15.34,14.99,14180.95
2024-05-29,14.5615,13675.0,14.0,3.35,15.26,15.01,14180.95
2024-05-30,14.57,13675.0,14.0,3.36,15.23,14.97,14180.95
2024-05-31,14.559,13675.0,14.0,3.39,15.21,14.82,14170.0
2024-06-03,14.299,13675.0,14.0,3.29,15.13,14.79,13800.0
2024-06-04,14.212,13675.0,14.0,3.18,14.98,14.74,13800.0
2024-06-05,14.01,13675.0,14.0,3.17,14.78,14.5,13800.0
2024-06-06,14.016,13675.0,14.0,3.1,15.21,14.97,13630.0
2024-06-07,14.004,13675.0,14.0,3.04,15.21,14.78,13630.0
2024-06-10,13.9295,13675.0,14.0,3.07,15.23,14.71,13592.5
2024-06-11,13.855,13675.0,14.0,2.98,15.06,14.67,13557.5
2024-06-12,13.444,13675.0,14.0,2.99,15.09,14.56,13557.5
2024-06-13,13.439,13557.5,14.0,2.93,15.0,14.47,13557.5
2024-06-14,13.437,13440.0,14.0,2.78,15.0,14.29,13557.5
2024-06-17,13.3675,13322.5,14.0,2.8,15.0,14.47,13557.5
2024-06-18,13.298,13205.0,14.0,2.81,14.79,14.06,13557.5
2024-06-19,13.153,13087.5,14.0,2.825,14.84,13.98,13557.5
2024-06-20,13.015,12970.0,14.0,2.84,14.84,13.98,13557.5
2024-06-21,12.88,12852.5,14.0,2.85,14.77,13.94,13557.5
2024-06-24,12.736,12735.0,14.0,2.76,14.33,14.03,13557.5
2024-06-25,12.592,12617.5,13.0,2.61,14.28,13.85,13517.5
2024-06-26,12.588,12500.0,13.0,2.71,14.17,13.59,13517.5
2024-06-27,12.599,12436.0,13.0,2.78,13.99,13.6,13487.5
2024-06-28,12.589,12372.0,13.0,2.68,13.94,13.6,13480.0
2024-07-01,12.584,12308.0,13.0,2.65,13.87,13.48,12250.0
2024-07-02,12.58,12244.0,12.0,2.53,14.28,13.88,12250.0
2024-07-03,12.586,12180.0,12.0,2.7,13.83,13.49,12250.0
2024-07-04,12.592,12116.0,12.0,2.675,13.83,13.46,12250.0
2024-07-05,12.576,12052.0,12.0,2.65,13.83,13.46,12002.17
2024-07-08,12.536333333333333,11988.0,13.0,2.64,13.87,13.45,12002.17
2024-07-09,12.496666666666668,11924.0,13.0,2.54,13.53,13.46,11928.26
2024-07-10,12.457,11860.0,12.0,2.58,13.86,13.64,11928.26
2024-07-11,12.478,11829.0,12.0,2.71,13.59,13.35,11928.26
2024-07-12,12.462,11798.0,12.0,2.76,13.71,13.35,11928.26
2024-07-15,12.179,11767.0,12.0,2.9,13.91,13.34,11928.26
2024-07-16,11.916,11736.0,12.0,3.21,13.55,13.06,11928.26
2024-07-17,11.918,11705.0,12.0,3.04,13.36,12.92,11928.26
2024-07-18,11.756,11674.0,12.0,2.86,13.32,12.82,12036.96
2024-07-19,11.7545,11643.0,12.0,2.84,13.25,12.66,11997.83
2024-07-22,11.753,11612.0,12.0,2.85,13.25,12.82,11997.83
2024-07-23,11.75,11581.0,12.0,2.83,13.66,13.39,11982.61
2024-07-24,11.844,11550.0,12.0,2.66,13.66,13.39,11982.61
2024-07-25,11.79,11550.0,12.0,2.73,13.66,13.39,11982.61
2024-07-26,11.779,11550.0,12.0,2.83,13.68,13.37,11982.61
2024-07-29,11.792,11550.0,12.0,2.71,13.89,13.39,11982.61
2024-07-30,11.563,11550.0,12.0,2.6,13.81,13.39,11978.26
2024-07-31,11.244,11550.0,12.0,2.71,13.75,13.39,11960.0
2024-08-01,11.307,11550.0,12.0,2.55,13.57,13.19,11530.0
2024-08-02,11.17,11550.0,12.0,2.4,13.18,13.19,11530.0
2024-08-05,11.115,11550.0,12.0,2.31,13.47,13.19,11530.0
2024-08-06,11.073,11550.0,12.0,2.29,13.37,13.19,11530.0
2024-08-07,11.084,11550.0,11.0,2.23,13.37,13.19,11300.91
2024-08-08,10.948,11432.5,11.0,2.28,13.4,13.14,11300.91
2024-08-09,10.794,11315.0,11.0,2.19,13.16,13.14,11300.91
2024-08-12,10.717,11197.5,11.0,2.13,13.13,13.14,11300.91
2024-08-13,10.698,11080.0,11.0,2.32,13.03,13.14,11237.27
2024-08-14,10.679,10962.5,11.0,2.21,13.03,13.14,11089.55
2024-08-15,10.4855,10845.0,11.0,2.39,12.68,12.64,11089.55
2024-08-16,10.292,10727.5,11.0,2.57,12.55,12.64,10989.55
2024-08-19,10.287,10610.0,11.0,2.63,12.4,12.64,10989.55
2024-08-20,10.302,10492.5,11.0,2.52,12.59,12.64,10948.64
2024-08-21,10.296,10375.0,11.0,2.8,12.62,12.64,10930.45
2024-08-22,10.439,10375.0,11.0,2.64,12.55,12.64,10930.45
2024-08-23,10.391,10375.0,11.0,2.72,12.51,12.26,10930.45
2024-08-26,10.384,10375.0,11.0,2.76,12.68,12.22,10939.51
2024-08-27,10.383,10375.0,11.0,2.64,12.71,12.36,10948.57
2024-08-28,10.432,10375.0,11.0,2.54,12.57,12.18,10948.57
2024-08-29,10.51,10375.0,11.0,2.59,12.61,12.29,10948.57
2024-08-30,10.542,10375.0,11.0,2.45,12.61,12.4,10950.0
2024-09-02,10.528,10375.0,11.0,2.3600000000000003,12.89,12.58,10550.0
2024-09-03,10.538,10375.0,11.0,2.27,12.89,12.58,10550.0
2024-09-04,10.587,10375.0,11.0,2.36,12.54,12.2,10550.0
2024-09-05,10.387,10375.0,10.0,2.31,12.37,11.98,10292.86
2024-09-06,10.187,10375.0,10.0,2.24,12.13,11.5,10150.0
2024-09-09,10.044,10375.0,10.0,2.18,11.77,11.35,10150.0
2024-09-10,10.054,10375.0,10.0,2.21,11.72,11.54,10150.0
2024-09-11,10.041,10375.0,10.0,2.34,12.33,11.88,10150.0
2024-09-12,10.217,10375.0,10.0,2.47,12.67,12.27,10013.81
2024-09-13,10.235,10375.0,10.0,2.39,12.64,12.11,10035.24
2024-09-16,10.243666666666666,10375.0,10.0,2.38,12.48,12.09,10035.24
2024-09-17,10.252333333333333,10375.0,10.0,2.42,12.39,12.02,10035.24
2024-09-18,10.261,10375.0,10.0,2.34,12.37,11.94,10035.24
2024-09-19,10.275,10375.0,10.0,2.4,12.36,12.11,10035.24
2024-09-20,10.277,10375.0,10.0,2.29,12.34,12.03,10035.24
2024-09-23,10.309,10375.0,10.0,2.31,12.39,11.94,10035.24
2024-09-24,10.313,10375.0,10.0,2.46,12.43,11.94,10011.43
2024-09-25,10.339,10375.0,10.0,2.41,12.47,12.13,10011.43
2024-09-26,10.483,10375.0,10.0,2.72,12.54,12.02,10011.43
2024-09-27,10.706,10375.0,10.0,2.66,12.58,12.06,10011.43
2024-09-30,10.722999999999999,10375.0,10.0,2.7,12.65,12.06,10010.0
2024-10-01,10.74,10375.0,10.0,2.57,12.55,12.36,9780.0
2024-10-02,10.757,10375.0,10.0,2.59,12.67,12.33,9780.0
2024-10-03,10.774,10237.5,10.0,2.52,12.67,12.32,9780.0
2024-10-04,10.790999999999999,10100.0,10.0,2.7,12.64,12.26,9780.0
2024-10-07,10.808,9962.5,10.0,2.94,12.62,12.26,9780.0
2024-10-08,10.825,9825.0,10.0,2.71,12.68,12.28,9560.87
2024-10-09,10.824,9687.5,10.0,2.69,12.6,12.14,9560.87
2024-10-10,10.705,9550.0,10.0,2.67,12.35,11.94,9560.87
2024-10-11,10.586,9412.5,10.0,2.9,12.24,11.76,9560.87
2024-10-14,10.469,9275.0,10.0,2.81,12.13,11.61,9560.87
2024-10-15,10.474,9137.5,10.0,2.67,12.16,11.59,9560.87
2024-10-16,10.321,9000.0,10.0,3.29,12.17,11.58,9560.87
2024-10-17,10.205,9000.0,10.0,3.24,12.09,11.48,9560.87
2024-10-18,10.052,9000.0,10.0,3.14,12.01,11.35,9560.87
2024-10-21,10.041,9000.0,10.0,3.01,12.04,11.53,9560.87
2024-10-22,10.03,9000.0,10.0,3.33,12.0,11.61,9560.87
2024-10-23,10.033,9000.0,10.0,3.18,11.89,11.67,9560.87
2024-10-24,10.075,9000.0,10.0,3.41,11.97,11.7,9560.87
2024-10-25,10.117,9000.0,10.0,3.68,11.97,11.52,9506.52
2024-10-28,10.159,9000.0,10.0,4.14,12.04,11.52,9506.52
2024-10-29,10.175,9000.0,10.0,4.51,12.04,11.48,9506.52
2024-10-30,10.189,9000.0,10.0,4.11,12.04,11.42,9497.83
2024-10-31,10.195,9000.0,9.0,4.08,12.04,11.42,9490.0
2024-11-01,10.008,9000.0,9.0,4.27,11.87,11.16,8900.0
2024-11-04,10.080499999999999,9000.0,9.0,4.2,11.61,11.22,8852.38
2024-11-05,10.152999999999999,9000.0,9.0,4.17,11.77,11.1,8852.38
2024-11-06,10.225499999999998,9000.0,9.0,3.95,11.77,11.13,8638.1
2024-11-07,10.298,9000.0,9.0,4.09,11.65,11.03,9123.81
2024-11-08,10.3705,9000.0,9.0,3.92,11.53,11.36,8666.67
2024-11-11,10.443,9000.0,9.0,4.23,11.47,10.92,8666.67
2024-11-12,10.5155,9000.0,9.0,4.09,11.56,11.1,8600.0
2024-11-13,10.588,9000.0,9.0,4.22,11.47,11.31,8600.0
2024-11-14,10.660499999999999,9060.0,9.0,3.87,11.94,11.37,8600.0
2024-11-15,10.733,9120.0,9.0,3.72,11.76,11.13,8730.95
2024-11-18,10.8055,9180.0,9.0,3.62,11.53,11.0,8730.95
2024-11-19,10.878,9240.0,9.0,3.74,11.61,11.05,8730.95
2024-11-20,10.91,9300.0,9.0,3.65,11.76,11.17,8730.95
2024-11-21,10.967,9360.0,9.0,3.88,11.64,11.19,8897.62
2024-11-22,10.915,9420.0,9.0,3.97,11.7,11.23,8897.62
2024-11-25,10.92,9480.0,9.0,4.04,11.62,11.43,8897.62
2024-11-26,10.886,9540.0,9.0,3.9,11.66,11.43,8897.62
2024-11-27,10.841,9600.0,9.0,3.95,11.62,11.41,8933.33
2024-11-28,10.788,9640.0,9.0,3.97,11.6,11.22,8909.52
2024-11-29,10.799,9680.0,9.0,3.99,11.6,11.22,8910.0
2024-12-02,10.779,9720.0,9.0,3.95,11.31,11.19,9250.0
2024-12-03,10.74,9760.0,10.0,3.88,11.11,11.11,9250.0
2024-12-04,10.739,9800.0,9.0,3.67,11.11,11.27,9477.27
2024-12-05,10.612,9840.0,9.0,3.53,11.42,11.55,9477.27
2024-12-06,10.587,9880.0,9.0,3.48,11.37,11.66,9477.27
2024-12-09,10.529,9920.0,9.0,3.62,11.38,11.46,9500.0
2024-12-10,10.566,9960.0,9.0,3.58,11.46,11.58,9400.0
2024-12-11,10.537,10000.0,9.0,3.37,11.46,11.46,9400.0
2024-12-12,10.531,,10.0,3.32,11.42,11.38,9559.09
2024-12-13,10.503,,10.0,3.25,11.55,11.35,9559.09
2024-12-16,10.435,,10.0,3.24,11.44,11.47,9559.09
2024-12-17,10.42,,10.0,3.13,11.44,11.47,9534.09
2024-12-18,10.412,,9.0,2.93,11.55,11.37,9488.64
2024-12-19,10.346,,9.0,2.94,11.6,11.56,9447.73
2024-12-20,10.351,,9.0,2.97,11.62,11.29,9447.73
2024-12-23,10.35,,9.0,3.17,11.59,11.26,9447.73
2024-12-24,10.361,,9.0,3.16,11.63,11.47,9475.0
2024-12-25,10.519,,9.0,3.16,11.555,11.47,9474.166666666666
2024-12-26,10.358,,9.0,3.16,11.48,11.47,9473.333333333334
2024-12-27,10.35,,9.0,3.09,11.48,11.47,9472.5
2024-12-30,10.282,,9.0,3.0,11.67,11.57,9472.5
2024-12-31,10.44,,9.0,2.97,11.67,11.57,9470.0
2025-01-02,,,10.0,3.06,11.95,11.45,9500.0
2025-01-03,,,10.0,3.17,11.9,11.45,9500.0
2025-01-06,,,10.0,3.41,11.66,11.11,9500.0
2025-01-07,,,10.0,3.43,11.65,11.14,9500.0
2025-01-08,,,10.0,3.29,11.54,11.13,9500.0
2025-01-09,,,9.0,3.215,11.51,11.14,9422.73
2025-01-10,,,9.0,3.14,11.41,11.01,9422.73
2025-01-13,,,9.0,3.2,11.41,11.06,9422.73
2025-01-14,,,9.0,3.28,11.5,11.05,9422.73
2025-01-15,,,9.0,3.39,11.45,10.99,9422.73
2025-01-16,,,9.0,3.44,11.6,11.14,9422.73
2025-01-17,,,9.0,3.49,11.53,11.1,9422.73
2025-01-20,,,9.0,3.345,11.55,11.05,9468.18
2025-01-21,,,9.0,3.2,11.6,11.13,9468.18
2025-01-22,,,9.0,3.11,11.63,11.07,9468.18
2025-01-23,,,9.0,3.18,11.5,11.0,9468.18
2025-01-24,,,9.0,3.15,11.47,10.99,9468.18
2025-01-27,,,9.0,3.07,11.45,10.99,9468.18
2025-01-28,,,9.0,3.05,11.45,10.99,9468.18
2025-01-29,,,9.0,2.97,11.38,10.97,9468.18
2025-01-30,,,9.0,3.02,11.35,10.94,9468.18
2025-01-31,,,9.0,3.0,11.34,10.95,9470.0
2025-02-03,,,10.0,2.87,11.26,10.92,9500.0
2025-02-04,,,10.0,3.06,11.34,10.93,9500.0
2025-02-05,,,10.0,3.1,11.23,10.82,9500.0
2025-02-06,,,9.0,3.07,10.96,10.74,9415.0
2025-02-07,,,9.0,3.03,10.96,10.6,9415.0
2025-02-10,,,9.0,2.97,10.95,10.6,9415.0
2025-02-11,,,9.0,2.9,10.95,10.49,9310.0
2025-02-12,,,9.0,3.03,10.62,10.34,9310.0
2025-02-13,,,9.0,3.13,10.74,10.26,9310.0
2025-02-14,,,9.0,3.0,10.7,10.42,9310.0
2025-02-17,,,9.0,3.035,10.71,10.35,9310.0
2025-02-18,,,9.0,3.07,10.71,10.35,9310.0
2025-02-19,,,9.0,3.08,10.71,10.34,9270.0
2025-02-20,,,9.0,3.05,10.71,10.34,9270.0
2025-02-21,,,9.0,2.96,10.68,10.44,9225.0
2025-02-24,,,9.0,2.87,10.49,10.39,9225.0
2025-02-25,,,9.0,2.76,10.56,10.34,9225.0
2025-02-26,,,9.0,2.81,10.53,10.36,9225.0
2025-02-27,,,9.0,2.74,10.51,10.37,9225.0
2025-02-28,,,9.0,2.65,10.45,10.4,9230.0
2025-03-03,,,9.0,2.52,10.34,10.01,9884.0
2025-03-04,,,9.0,2.56,10.35,9.83,9440.0
2025-03-05,,,9.0,2.84,10.26,9.77,9000.0
2025-03-06,,,9.0,3.05,10.2,9.72,9214.29
2025-03-07,,,9.0,3.09,10.33,9.7,9092.86
2025-03-10,,,9.0,2.87,10.46,9.68,9092.86
2025-03-11,,,9.0,2.94,10.43,9.68,9092.86
2025-03-12,,,9.0,2.89,10.6,9.67,9092.86
2025-03-13,,,9.0,2.79,10.45,9.66,9185.71
2025-03-14,,,9.0,2.9,10.5,9.66,9185.71
2025-03-17,,,9.0,3.02,10.48,9.65,9185.71
2025-03-18,,,9.0,3.03,10.24,9.65,9185.71
2025-03-19,,,9.0,3.03,10.24,9.64,9185.71
2025-03-20,,,9.0,2.96,10.18,9.63,9223.81
2025-03-21,,,9.0,3.01,10.05,9.63,9223.81
2025-03-24,,,9.0,2.97,9.74,9.62,9223.81
2025-03-25,,,9.0,2.94,9.75,9.62,9223.81
2025-03-26,,,9.0,2.85,9.77,9.62,9252.38
2025-03-27,,,9.0,2.87,9.77,9.62,9252.38
2025-03-28,,,9.0,2.7,9.95,9.46,9252.38
2025-03-31,,,9.0,2.71,,,
2025-04-01,,,10.0,2.76,,,
2025-04-02,,,9.0,2.76,,,
2025-04-03,,,9.0,2.7,,,
2025-04-04,,,9.0,2.56,,,
2025-04-07,,,9.0,2.62,,,
2025-04-08,,,9.0,2.34,,,
2025-04-09,,,9.0,2.72,,,
2025-04-10,,,9.0,2.53,,,
2025-04-11,,,9.0,2.7,,,
2025-04-14,,,9.0,2.72,,,
2025-04-15,,,9.0,2.63,,,
2025-04-16,,,9.0,2.7,,,
2025-04-17,,,9.0,2.68,,,
2025-04-21,,,9.0,2.68,,,
2025-04-22,,,9.0,2.7,,,
2025-04-23,,,9.0,2.76,,,
2025-04-24,,,9.0,2.96,,,
2025-04-25,,,9.0,2.9,,,
2025-04-28,,,9.0,2.82,,,
2025-04-29,,,9.0,2.91,,,
2025-04-30,,,9.0,2.87,,,
2025-05-01,,,9.0,2.91,,,
2025-05-02,,,9.0,2.93,,,
2025-05-05,,,9.0,2.94,,,
2025-05-06,,,9.0,3.02,,,
2025-05-07,,,9.0,3.07,,,
2025-05-08,,,9.0,3.14,,,
2025-05-09,,,8.0,3.16,,,
2025-05-12,,,9.0,3.15,,,
2025-05-13,,,9.0,3.04,,,
