Date,Price_Cobalt,Price_LME
2016-12-30,,32734.0
2017-01-02,14.855,
2017-01-03,14.742,32735.0
2017-01-04,14.742,32736.0
2017-01-05,14.742,32739.5
2017-01-06,14.742,32740.5
2017-01-09,14.742,32742.0
2017-01-10,14.855,32993.0
2017-01-11,15.059,33244.0
2017-01-12,15.15,33499.0
2017-01-13,15.513,34449.0
2017-01-16,15.649,34750.0
2017-01-17,15.762,35000.0
2017-01-18,15.876,35250.0
2017-01-19,15.876,35250.0
2017-01-20,16.103,35750.0
2017-01-23,16.216,35750.0
2017-01-24,16.216,36000.0
2017-01-25,16.329,36000.0
2017-01-26,16.443,36500.0
2017-01-27,16.67,37000.0
2017-01-30,16.67,37000.0
2017-01-31,16.67,37000.0
2017-02-01,16.896,37500.0
2017-02-02,16.896,37500.0
2017-02-03,16.896,37500.0
2017-02-06,17.01,37750.0
2017-02-07,17.237,38250.0
2017-02-08,17.463,38750.0
2017-02-09,17.804,39500.0
2017-02-10,18.053,39850.0
2017-02-13,19.051,42250.0
2017-02-14,19.164,42500.0
2017-02-15,19.504,43000.0
2017-02-16,19.504,43250.0
2017-02-17,19.958,44250.0
2017-02-20,21.546,47750.0
2017-02-21,21.546,47750.0
2017-02-22,21.546,47750.0
2017-02-23,21.546,47750.0
2017-02-24,21.546,47750.0
2017-02-27,22.226,49250.0
2017-02-28,22.566,50250.0
2017-03-01,23.02,51250.0
2017-03-02,23.02,51250.0
2017-03-03,23.088,51000.0
2017-03-06,22.952,50850.0
2017-03-07,22.906,50750.0
2017-03-08,23.088,50750.0
2017-03-09,23.587,52250.0
2017-03-10,23.587,52250.0
2017-03-13,23.587,52250.0
2017-03-14,23.927,53000.0
2017-03-15,24.04,53250.0
2017-03-16,24.04,53250.0
2017-03-17,23.814,52750.0
2017-03-20,23.814,52750.0
2017-03-21,23.814,52750.0
2017-03-22,24.381,54000.0
2017-03-23,24.381,54000.0
2017-03-24,24.313,53750.0
2017-03-27,24.267,53750.0
2017-03-28,24.267,53750.0
2017-03-29,24.834,54750.0
2017-03-30,24.834,54750.0
2017-03-31,24.675,54500.0
2017-04-03,25.174,55750.0
2017-04-04,25.288,55750.0
2017-04-05,25.515,56250.0
2017-04-06,25.288,55750.0
2017-04-07,25.174,55500.0
2017-04-10,25.061,55250.0
2017-04-11,25.288,55750.0
2017-04-12,24.948,55250.0
2017-04-13,24.948,55250.0
2017-04-14,25.061,
2017-04-17,25.061,
2017-04-18,24.948,55250.0
2017-04-19,24.834,55000.0
2017-04-20,24.721,54750.0
2017-04-21,24.948,54750.0
2017-04-24,24.834,55000.0
2017-04-25,24.834,55000.0
2017-04-26,24.834,55000.0
2017-04-27,24.948,55250.0
2017-04-28,24.834,55000.0
2017-05-01,24.948,
2017-05-02,24.721,54750.0
2017-05-03,24.721,54750.0
2017-05-04,23.36,55050.0
2017-05-05,24.721,55050.0
2017-05-08,24.721,54450.0
2017-05-09,24.494,54550.0
2017-05-10,24.494,54550.0
2017-05-11,24.494,54550.0
2017-05-12,24.494,54550.0
2017-05-15,24.494,54550.0
2017-05-16,24.948,55543.75
2017-05-17,24.948,55537.0
2017-05-18,24.721,54500.0
2017-05-19,24.494,54250.0
2017-05-22,24.721,54500.0
2017-05-23,24.607,54500.0
2017-05-24,24.607,54500.0
2017-05-25,25.061,55350.0
2017-05-26,25.288,55850.0
2017-05-29,25.288,
2017-05-30,25.288,56100.0
2017-05-31,25.401,56350.0
2017-06-01,25.447,55850.0
2017-06-02,25.401,56350.0
2017-06-05,25.401,56350.0
2017-06-06,25.288,56100.0
2017-06-07,25.401,56225.0
2017-06-08,25.401,56350.0
2017-06-09,25.401,56000.0
2017-06-12,25.401,56350.0
2017-06-13,25.628,56600.0
2017-06-14,25.515,56600.0
2017-06-15,25.515,56600.0
2017-06-16,26.082,57750.0
2017-06-19,26.082,57500.0
2017-06-20,26.308,58250.0
2017-06-21,26.308,58250.0
2017-06-22,26.308,58125.0
2017-06-23,26.308,58250.0
2017-06-26,26.535,58750.0
2017-06-27,26.762,58750.0
2017-06-28,26.762,59300.0
2017-06-29,26.989,59796.0
2017-06-30,26.989,59792.0
2017-07-03,26.762,59460.0
2017-07-04,26.535,58709.0
2017-07-05,26.535,58708.0
2017-07-06,27.669,61000.0
2017-07-07,26.989,60000.0
2017-07-10,26.989,59750.0
2017-07-11,26.989,59720.0
2017-07-12,26.762,59190.0
2017-07-13,26.762,59160.0
2017-07-14,26.762,59130.0
2017-07-17,26.535,58700.0
2017-07-18,26.308,58500.0
2017-07-19,26.535,58500.0
2017-07-20,26.535,58600.0
2017-07-21,26.308,58010.0
2017-07-24,26.308,57700.0
2017-07-25,25.855,56940.0
2017-07-26,25.855,56940.0
2017-07-27,25.855,56940.0
2017-07-28,25.855,56930.0
2017-07-31,25.855,56940.0
2017-08-01,25.855,56940.0
2017-08-02,22.68,55750.0
2017-08-03,26.308,58000.0
2017-08-04,26.535,59000.0
2017-08-07,25.605,57500.0
2017-08-08,25.855,57150.0
2017-08-09,25.855,57200.0
2017-08-10,25.855,57200.0
2017-08-11,25.061,56750.0
2017-08-14,25.628,56770.0
2017-08-15,25.628,56780.0
2017-08-16,25.628,56788.0
2017-08-17,25.174,56796.0
2017-08-18,26.308,60296.0
2017-08-21,26.989,59813.0
2017-08-22,26.989,60000.0
2017-08-23,26.989,60000.0
2017-08-24,26.989,60000.0
2017-08-25,27.442,60750.0
2017-08-28,27.556,
2017-08-29,27.669,61250.0
2017-08-30,27.442,60750.0
2017-08-31,27.442,60750.0
2017-09-01,27.556,60750.0
2017-09-04,27.442,60750.0
2017-09-05,27.442,60750.0
2017-09-06,27.442,60850.0
2017-09-07,27.442,60850.0
2017-09-08,27.442,60850.0
2017-09-11,27.442,60850.0
2017-09-12,27.352,60650.0
2017-09-13,27.352,60650.0
2017-09-14,27.352,60650.0
2017-09-15,28.123,61850.0
2017-09-18,26.989,59850.0
2017-09-19,26.989,59844.5
2017-09-20,26.762,59339.0
2017-09-21,26.762,59340.0
2017-09-22,26.762,59341.0
2017-09-25,26.762,59342.0
2017-09-26,26.762,59369.0
2017-09-27,26.535,58864.0
2017-09-28,26.535,58865.0
2017-09-29,26.535,59094.0
2017-10-02,26.762,59589.0
2017-10-03,26.762,59651.0
2017-10-04,26.535,58927.0
2017-10-05,26.535,58952.0
2017-10-06,26.762,58533.0
2017-10-09,26.762,59290.5
2017-10-10,26.762,59292.0
2017-10-11,26.308,59542.5
2017-10-12,26.875,59543.5
2017-10-13,26.875,59538.0
2017-10-16,26.875,60039.0
2017-10-17,27.102,60040.0
2017-10-18,28.123,60286.0
2017-10-19,27.216,60282.0
2017-10-20,27.556,61028.0
2017-10-23,26.762,60024.0
2017-10-24,26.989,60520.0
2017-10-25,27.216,60516.5
2017-10-26,26.649,60125.0
2017-10-27,27.216,60550.0
2017-10-30,27.216,61160.0
2017-10-31,27.669,60500.0
2017-11-01,27.216,61992.0
2017-11-02,27.783,61370.0
2017-11-03,27.669,60860.0
2017-11-06,27.442,60860.0
2017-11-07,27.442,60855.0
2017-11-08,27.442,60040.0
2017-11-09,27.669,61250.0
2017-11-10,27.442,60750.0
2017-11-13,27.442,60000.0
2017-11-14,27.102,60000.0
2017-11-15,27.556,61000.0
2017-11-16,27.556,61000.0
2017-11-17,27.669,61500.0
2017-11-20,27.669,60750.0
2017-11-21,27.442,61250.0
2017-11-22,27.669,61000.0
2017-11-23,28.123,61750.0
2017-11-24,28.803,63250.0
2017-11-27,29.03,64250.0
2017-11-28,30.844,68800.0
2017-11-29,29.484,66790.0
2017-11-30,29.937,67280.0
2017-12-01,30.164,66775.0
2017-12-04,30.617,68776.0
2017-12-05,29.937,69944.0
2017-12-06,31.525,70099.0
2017-12-07,31.525,69900.0
2017-12-08,34.019,74500.0
2017-12-11,33.906,74750.0
2017-12-12,32.885,72750.0
2017-12-13,32.432,70965.0
2017-12-14,32.659,72205.0
2017-12-15,32.659,72205.0
2017-12-18,32.659,72205.0
2017-12-19,33.339,74205.0
2017-12-20,33.793,74705.0
2017-12-21,33.793,75205.0
2017-12-22,34.019,75205.0
2017-12-25,34.133,
2017-12-26,34.133,
2017-12-27,34.019,75205.0
2017-12-28,34.019,75205.0
2017-12-29,34.019,75205.0
2018-01-01,34.133,
2018-01-02,34.019,75205.0
2018-01-03,34.019,75205.0
2018-01-04,34.019,75170.0
2018-01-05,34.019,75170.0
2018-01-08,34.019,75160.0
2018-01-09,34.019,75160.0
2018-01-10,34.019,75098.0
2018-01-11,34.019,75092.0
2018-01-12,34.019,74947.0
2018-01-15,35.38,77861.0
2018-01-16,34.7,76860.0
2018-01-17,34.7,76860.0
2018-01-18,34.7,76869.0
2018-01-19,36.287,79369.5
2018-01-22,36.061,79358.0
2018-01-23,36.061,79362.0
2018-01-24,36.061,79363.0
2018-01-25,36.061,79372.5
2018-01-26,36.174,79623.0
2018-01-29,36.174,79613.0
2018-01-30,36.174,79867.5
2018-01-31,36.174,79872.0
2018-02-01,36.174,79881.5
2018-02-02,36.401,80382.0
2018-02-05,36.401,80379.0
2018-02-06,36.514,80800.0
2018-02-07,36.514,80799.0
2018-02-08,36.741,81298.0
2018-02-09,36.741,81292.0
2018-02-12,36.741,81280.5
2018-02-13,36.741,81264.0
2018-02-14,36.741,81013.0
2018-02-15,36.968,81511.5
2018-02-16,36.968,81326.5
2018-02-19,36.287,81000.0
2018-02-20,35.834,79253.0
2018-02-21,36.061,79503.0
2018-02-22,36.968,80854.0
2018-02-23,36.741,80725.0
2018-02-26,36.741,81390.0
2018-02-27,36.514,80900.0
2018-02-28,36.628,81000.0
2018-03-01,36.628,81000.0
2018-03-02,35.834,79250.0
2018-03-05,36.401,80500.0
2018-03-06,37.535,83020.0
2018-03-07,37.648,83020.0
2018-03-08,38.102,84020.0
2018-03-09,38.102,84020.0
2018-03-12,38.102,84020.0
2018-03-13,38.329,84500.0
2018-03-14,38.555,85500.0
2018-03-15,39.349,87125.0
2018-03-16,39.916,88375.0
2018-03-19,39.916,88605.0
2018-03-20,40.823,89608.0
2018-03-21,43.091,94800.0
2018-03-22,42.864,94300.0
2018-03-23,42.751,94050.0
2018-03-26,42.524,94050.0
2018-03-27,42.524,93300.0
2018-03-28,42.184,93300.0
2018-03-29,42.297,93550.0
2018-03-30,42.524,
2018-04-02,42.524,
2018-04-03,42.071,93050.0
2018-04-04,39.689,89050.0
2018-04-05,41.05,91050.0
2018-04-06,41.277,91250.0
2018-04-09,41.277,91250.0
2018-04-10,41.277,91250.0
2018-04-11,41.277,91250.0
2018-04-12,41.277,92000.0
2018-04-13,41.617,92000.0
2018-04-16,41.277,91250.0
2018-04-17,41.277,92000.0
2018-04-18,41.277,91250.0
2018-04-19,41.277,91250.0
2018-04-20,41.277,91250.0
2018-04-23,41.277,91250.0
2018-04-24,41.277,91250.0
2018-04-25,39.916,88500.0
2018-04-26,40.03,88500.0
2018-04-27,40.03,88500.0
2018-04-30,40.03,88500.0
2018-05-01,40.03,88500.0
2018-05-02,40.937,90000.0
2018-05-03,40.823,88500.0
2018-05-04,40.143,88500.0
2018-05-07,40.256,
2018-05-08,40.143,88500.0
2018-05-09,40.143,88500.0
2018-05-10,40.37,89000.0
2018-05-11,40.71,90500.0
2018-05-14,41.277,91000.0
2018-05-15,41.05,90750.0
2018-05-16,41.05,90750.0
2018-05-17,41.164,90750.0
2018-05-18,41.05,90750.0
2018-05-21,41.05,92000.0
2018-05-22,41.957,92500.0
2018-05-23,41.277,92250.0
2018-05-24,41.05,90750.0
2018-05-25,41.05,90750.0
2018-05-28,41.164,
2018-05-29,41.05,90500.0
2018-05-30,40.937,90500.0
2018-05-31,40.143,90000.0
2018-06-01,40.597,88000.0
2018-06-04,39.689,87750.0
2018-06-05,39.349,86750.0
2018-06-06,38.329,83750.0
2018-06-07,37.875,82000.0
2018-06-08,37.648,82750.0
2018-06-11,37.195,82250.0
2018-06-12,36.628,80750.0
2018-06-13,36.628,81000.0
2018-06-14,36.741,81250.0
2018-06-15,36.514,79750.0
2018-06-18,36.287,80000.0
2018-06-19,36.174,80000.0
2018-06-20,36.628,80250.0
2018-06-21,36.287,80000.0
2018-06-22,35.834,79150.0
2018-06-25,35.607,78750.0
2018-06-26,35.04,77250.0
2018-06-27,35.607,78750.0
2018-06-28,35.38,77250.0
2018-06-29,35.063,77550.0
2018-07-02,33.793,74750.0
2018-07-03,34.246,74750.0
2018-07-04,32.432,71750.0
2018-07-05,32.659,72250.0
2018-07-06,32.659,73000.0
2018-07-09,32.999,73000.0
2018-07-10,31.525,69750.0
2018-07-11,31.751,70250.0
2018-07-12,31.751,70250.0
2018-07-13,31.751,70250.0
2018-07-16,30.617,67750.0
2018-07-17,31.525,69750.0
2018-07-18,31.525,69750.0
2018-07-19,31.525,69750.0
2018-07-20,31.525,69750.0
2018-07-23,31.638,69750.0
2018-07-24,31.525,69750.0
2018-07-25,31.525,69750.0
2018-07-26,31.525,69750.0
2018-07-27,31.525,69750.0
2018-07-30,31.525,69750.0
2018-07-31,31.525,69000.0
2018-08-01,30.277,67000.0
2018-08-02,29.937,66025.0
2018-08-03,28.803,64284.0
2018-08-06,26.535,58743.0
2018-08-07,24.721,55151.5
2018-08-08,25.401,61500.0
2018-08-09,27.669,61750.0
2018-08-10,27.896,61650.0
2018-08-13,28.917,63872.0
2018-08-14,29.143,63864.0
2018-08-15,28.917,63855.0
2018-08-16,29.03,63847.0
2018-08-17,29.03,63847.0
2018-08-20,29.03,63814.0
2018-08-21,29.03,63806.0
2018-08-22,29.03,63806.0
2018-08-23,29.143,63806.0
2018-08-24,29.03,63806.0
2018-08-27,29.143,
2018-08-28,29.03,63806.0
2018-08-29,29.37,65056.0
2018-08-30,29.37,65056.0
2018-08-31,29.03,64306.0
2018-09-03,29.03,64306.0
2018-09-04,29.03,64306.0
2018-09-05,29.03,62306.0
2018-09-06,28.123,62306.0
2018-09-07,28.123,61556.0
2018-09-10,27.783,61556.0
2018-09-11,27.783,61556.0
2018-09-12,28.236,62806.0
2018-09-13,28.236,62556.0
2018-09-14,28.236,62556.0
2018-09-17,28.236,62556.0
2018-09-18,28.236,62561.5
2018-09-19,28.576,62567.0
2018-09-20,26.989,59583.0
2018-09-21,27.896,61839.0
2018-09-24,27.896,61844.0
2018-09-25,27.896,61849.0
2018-09-26,27.896,61854.0
2018-09-27,28.236,61869.0
2018-09-28,27.896,61874.0
2018-10-01,26.082,57880.0
2018-10-02,26.082,62635.5
2018-10-03,25.061,54890.5
2018-10-04,24.948,61660.5
2018-10-05,25.628,56750.0
2018-10-08,24.948,62492.0
2018-10-09,28.009,62234.0
2018-10-10,26.082,62225.5
2018-10-11,26.308,62217.0
2018-10-12,28.123,62208.5
2018-10-15,28.123,62200.0
2018-10-16,28.123,62192.0
2018-10-17,28.123,62184.0
2018-10-18,27.556,61176.0
2018-10-19,27.329,60418.0
2018-10-22,27.329,60410.0
2018-10-23,27.329,60402.0
2018-10-24,27.216,60394.0
2018-10-25,27.329,60386.0
2018-10-26,27.329,60377.5
2018-10-29,26.989,59619.0
2018-10-30,26.989,59611.0
2018-10-31,26.989,59853.0
2018-11-01,23.7,58094.0
2018-11-02,20.185,58085.0
2018-11-05,20.979,52500.0
2018-11-06,22.68,54505.5
2018-11-07,23.587,55000.0
2018-11-08,24.948,55000.0
2018-11-09,22.906,51000.0
2018-11-12,22.566,55000.0
2018-11-13,22.906,55000.0
2018-11-14,24.948,55000.0
2018-11-15,24.721,55000.0
2018-11-16,24.721,55000.0
2018-11-19,24.834,55000.0
2018-11-20,24.834,55000.0
2018-11-21,24.834,55000.0
2018-11-22,24.948,55000.0
2018-11-23,24.834,55000.0
2018-11-26,24.834,55000.0
2018-11-27,24.834,55000.0
2018-11-28,24.834,55000.0
2018-11-29,24.948,55000.0
2018-11-30,24.834,55000.0
2018-12-03,24.834,55000.0
2018-12-04,24.834,55000.0
2018-12-05,24.834,55000.0
2018-12-06,24.834,55000.0
2018-12-07,24.834,55000.0
2018-12-10,24.834,55000.0
2018-12-11,24.834,55000.0
2018-12-12,24.834,55000.0
2018-12-13,24.834,55000.0
2018-12-14,24.834,55000.0
2018-12-17,22.68,58000.0
2018-12-18,25.855,57000.0
2018-12-19,24.948,55000.0
2018-12-20,24.494,55000.0
2018-12-21,24.494,55000.0
2018-12-24,24.721,55000.0
2018-12-25,24.948,
2018-12-26,24.948,
2018-12-27,24.721,55000.0
2018-12-28,24.721,55000.0
2018-12-31,24.721,55000.0
2019-01-01,24.948,
2019-01-02,21.319,47000.0
2019-01-03,20.412,47000.0
2019-01-04,19.504,45000.0
2019-01-07,19.504,44000.0
2019-01-08,19.051,44000.0
2019-01-09,18.144,44000.0
2019-01-10,18.144,45000.0
2019-01-11,18.144,42000.0
2019-01-14,17.237,40000.0
2019-01-15,16.783,45000.0
2019-01-16,16.329,40000.0
2019-01-17,16.329,40000.0
2019-01-18,16.329,38000.0
2019-01-21,16.329,38000.0
2019-01-22,15.422,38000.0
2019-01-23,15.422,38000.0
2019-01-24,15.876,38000.0
2019-01-25,15.422,38000.0
2019-01-28,15.422,38000.0
2019-01-29,15.422,36500.0
2019-01-30,15.422,36000.0
2019-01-31,14.969,34000.0
2019-02-01,14.515,34000.0
2019-02-04,14.515,34000.0
2019-02-05,14.969,33000.0
2019-02-06,14.061,33000.0
2019-02-07,14.061,33000.0
2019-02-08,14.061,33000.0
2019-02-11,13.608,32000.0
2019-02-12,13.608,32000.0
2019-02-13,13.608,32000.0
2019-02-14,14.061,31000.0
2019-02-15,13.154,31000.0
2019-02-18,14.061,31000.0
2019-02-19,13.154,31000.0
2019-02-20,13.154,31000.0
2019-02-21,14.061,31000.0
2019-02-22,14.061,31000.0
2019-02-25,14.515,32000.0
2019-02-26,14.515,32000.0
2019-02-27,14.515,32000.0
2019-02-28,14.969,33000.0
2019-03-01,14.515,33000.0
2019-03-04,14.515,33000.0
2019-03-05,14.515,33000.0
2019-03-06,14.969,33000.0
2019-03-07,15.876,35000.0
2019-03-08,14.969,33000.0
2019-03-11,14.515,32000.0
2019-03-12,14.515,32000.0
2019-03-13,14.515,32000.0
2019-03-14,14.061,31000.0
2019-03-15,13.608,30000.0
2019-03-18,13.608,30000.0
2019-03-19,14.061,31000.0
2019-03-20,13.608,30000.0
2019-03-21,13.608,30000.0
2019-03-22,13.608,30000.0
2019-03-25,13.608,30000.0
2019-03-26,13.608,30000.0
2019-03-27,13.608,30000.0
2019-03-28,13.608,30000.0
2019-03-29,13.608,30000.0
2019-04-01,13.608,30000.0
2019-04-02,14.288,31500.0
2019-04-03,14.288,31500.0
2019-04-04,14.288,31500.0
2019-04-05,14.515,32000.0
2019-04-08,14.515,32000.0
2019-04-09,14.969,33000.0
2019-04-10,14.969,33000.0
2019-04-11,15.649,34500.0
2019-04-12,15.649,34500.0
2019-04-15,15.876,35000.0
2019-04-16,15.649,34500.0
2019-04-17,15.876,35000.0
2019-04-18,15.876,35000.0
2019-04-19,15.876,
2019-04-22,15.876,
2019-04-23,15.649,34500.0
2019-04-24,15.649,34500.0
2019-04-25,15.649,34500.0
2019-04-26,15.649,34500.0
2019-04-29,15.649,34500.0
2019-04-30,15.649,34500.0
2019-05-01,15.649,34500.0
2019-05-02,15.649,34500.0
2019-05-03,15.649,34500.0
2019-05-06,15.649,
2019-05-07,15.649,34500.0
2019-05-08,15.649,34500.0
2019-05-09,15.649,34500.0
2019-05-10,15.649,34500.0
2019-05-13,15.649,34500.0
2019-05-14,15.649,34500.0
2019-05-15,15.649,34500.0
2019-05-16,15.649,34500.0
2019-05-17,15.649,34500.0
2019-05-20,15.649,34500.0
2019-05-21,15.649,34500.0
2019-05-22,15.536,34250.0
2019-05-23,15.536,34250.0
2019-05-24,15.195,33500.0
2019-05-27,15.195,
2019-05-28,15.195,33500.0
2019-05-29,15.195,33500.0
2019-05-30,15.195,33500.0
2019-05-31,14.515,32000.0
2019-06-03,14.515,32000.0
2019-06-04,14.515,32000.0
2019-06-05,14.515,32000.0
2019-06-06,14.061,31000.0
2019-06-07,12.701,28000.0
2019-06-10,12.701,28000.0
2019-06-11,12.701,28000.0
2019-06-12,12.701,28000.0
2019-06-13,12.701,28000.0
2019-06-14,12.701,28000.0
2019-06-17,12.701,28000.0
2019-06-18,12.701,28000.0
2019-06-19,12.701,28000.0
2019-06-20,12.701,28000.0
2019-06-21,12.701,28000.0
2019-06-24,12.701,28000.0
2019-06-25,12.701,28000.0
2019-06-26,12.648,27860.0
2019-06-27,13.05,28720.0
2019-06-28,12.995,28600.0
2019-07-01,12.993,28600.0
2019-07-02,12.991,28600.0
2019-07-03,12.991,28600.0
2019-07-04,12.986,28600.0
2019-07-05,12.984,28600.0
2019-07-08,12.982,28600.0
2019-07-09,12.095,26647.0
2019-07-10,12.095,26650.0
2019-07-11,12.092,26650.0
2019-07-12,12.09,26650.0
2019-07-15,12.512,27584.0
2019-07-16,12.578,27583.0
2019-07-17,12.576,27583.0
2019-07-18,12.574,27592.0
2019-07-19,12.574,27596.0
2019-07-22,12.566,27583.0
2019-07-23,12.564,27583.5
2019-07-24,12.562,27584.0
2019-07-25,12.56,27593.0
2019-07-26,11.653,25597.0
2019-07-29,11.646,25584.0
2019-07-30,11.644,25584.0
2019-07-31,11.642,25584.0
2019-08-01,11.64,25593.0
2019-08-02,11.64,25597.5
2019-08-05,11.632,25584.5
2019-08-06,12.644,27800.0
2019-08-07,12.642,27800.0
2019-08-08,12.73,28013.0
2019-08-09,12.73,28019.0
2019-08-12,14.083,31008.0
2019-08-13,13.628,30010.0
2019-08-14,13.626,30012.0
2019-08-15,14.576,32124.5
2019-08-16,14.576,32130.0
2019-08-19,14.568,32117.5
2019-08-20,14.643,32119.0
2019-08-21,14.641,32120.0
2019-08-22,14.639,32139.0
2019-08-23,14.639,32145.0
2019-08-26,14.787,
2019-08-27,14.627,32124.0
2019-08-28,14.622,32119.0
2019-08-29,14.622,32143.0
2019-08-30,14.622,32150.0
2019-09-02,15.236,33500.0
2019-09-03,15.233,33500.0
2019-09-04,15.684,34500.0
2019-09-05,15.908,35013.0
2019-09-06,15.906,35014.5
2019-09-09,15.899,35005.0
2019-09-10,15.876,34960.0
2019-09-11,16.327,35961.0
2019-09-12,16.324,35975.5
2019-09-13,16.322,35977.0
2019-09-16,16.315,35968.0
2019-09-17,16.385,35968.5
2019-09-18,16.382,35969.0
2019-09-19,16.607,36481.0
2019-09-20,16.604,36481.0
2019-09-23,16.824,36971.0
2019-09-24,16.821,36971.5
2019-09-25,,36977.0
2019-09-26,16.814,36978.0
2019-09-27,16.587,36484.0
2019-09-30,16.126,35474.0
2019-10-01,16.119,35464.0
2019-10-02,16.119,35470.0
2019-10-03,16.117,35481.0
2019-10-04,15.441,34000.0
2019-10-07,15.431,33983.5
2019-10-08,15.429,33984.0
2019-10-09,15.767,34734.0
2019-10-10,16.105,35500.0
2019-10-11,16.105,35500.0
2019-10-14,16.095,35483.0
2019-10-15,16.186,35484.0
2019-10-16,16.184,35486.0
2019-10-17,16.182,35500.0
2019-10-18,16.182,35506.0
2019-10-21,16.174,35495.0
2019-10-22,16.172,35497.0
2019-10-23,16.171,35499.0
2019-10-24,16.169,35512.0
2019-10-25,16.161,35500.0
2019-10-28,16.153,35488.0
2019-10-29,16.151,35489.5
2019-10-30,16.149,35491.0
2019-10-31,16.147,35504.0
2019-11-01,16.147,35510.0
2019-11-04,16.139,35498.0
2019-11-05,16.137,35500.0
2019-11-06,16.135,35502.0
2019-11-07,16.133,35521.0
2019-11-08,16.133,35521.0
2019-11-11,16.125,35510.0
2019-11-12,16.123,35512.0
2019-11-13,16.122,35514.0
2019-11-14,16.12,35527.0
2019-11-15,16.12,35532.5
2019-11-18,16.112,35520.5
2019-11-19,16.185,35522.0
2019-11-20,16.182,35522.5
2019-11-21,16.18,35535.0
2019-11-22,16.18,35541.0
2019-11-25,16.17,35526.0
2019-11-26,16.168,35533.0
2019-11-27,16.166,35528.0
2019-11-28,16.163,35541.0
2019-11-29,16.05,35297.0
2019-12-02,16.043,35287.0
2019-12-03,16.04,35288.0
2019-12-04,16.038,35288.5
2019-12-05,15.582,34300.0
2019-12-06,15.58,34301.0
2019-12-09,15.572,34290.25
2019-12-10,15.57,34290.0
2019-12-11,15.567,34290.5
2019-12-12,15.565,34302.5
2019-12-13,15.562,34302.0
2019-12-16,15.555,34292.0
2019-12-17,14.715,32292.0
2019-12-18,14.713,32292.5
2019-12-19,14.71,32304.0
2019-12-20,14.708,32304.0
2019-12-23,14.701,32304.5
2019-12-24,14.698,32315.5
2019-12-25,14.855,
2019-12-26,14.855,
2019-12-27,14.691,32305.0
2019-12-30,14.684,32300.0
2019-12-31,14.681,32300.0
2020-01-01,14.855,
2020-01-02,14.676,32305.0
2020-01-03,14.447,31806.0
2020-01-06,14.44,31795.5
2020-01-07,14.324,31545.5
2020-01-08,14.208,31295.5
2020-01-09,,32557.0
2020-01-10,14.659,32312.5
2020-01-13,14.647,32291.0
2020-01-14,14.721,32296.0
2020-01-15,14.719,32295.5
2020-01-16,,32310.5
2020-01-17,14.488,31806.5
2020-01-20,14.483,31798.5
2020-01-21,14.481,31799.5
2020-01-22,14.592,32050.5
2020-01-23,14.59,32060.5
2020-01-24,14.589,32061.5
2020-01-27,14.583,32053.5
2020-01-28,14.808,32554.5
2020-01-29,14.806,32555.5
2020-01-30,14.804,32565.5
2020-01-31,15.711,34570.5
2020-02-03,15.701,34553.5
2020-02-04,15.475,34058.5
2020-02-05,15.475,34063.5
2020-02-06,15.473,34072.5
2020-02-07,15.471,34073.5
2020-02-10,15.349,33810.5
2020-02-11,15.349,33815.5
2020-02-12,15.121,33315.5
2020-02-13,15.119,33327.5
2020-02-14,15.117,33322.5
2020-02-17,15.108,33308.5
2020-02-18,15.177,33313.5
2020-02-19,15.174,33315.0
2020-02-20,15.172,33326.5
2020-02-21,15.17,33327.5
2020-02-24,15.158,33306.0
2020-02-25,15.158,33311.5
2020-02-26,15.045,33066.5
2020-02-27,15.042,33077.0
2020-02-28,15.04,33076.5
2020-03-02,15.027,33055.0
2020-03-03,15.025,33055.0
2020-03-04,15.022,33055.0
2020-03-05,15.02,33065.5
2020-03-06,15.02,33071.0
2020-03-09,15.01,33054.5
2020-03-10,15.008,33054.0
2020-03-11,15.005,33054.0
2020-03-12,14.368,31665.0
2020-03-13,14.368,31671.0
2020-03-16,14.358,31655.0
2020-03-17,13.472,29555.0
2020-03-18,13.469,29555.0
2020-03-19,13.467,29566.0
2020-03-20,13.467,29571.0
2020-03-23,13.457,29555.0
2020-03-24,13.455,29555.0
2020-03-25,13.452,29555.0
2020-03-26,13.45,29565.5
2020-03-27,13.45,29571.0
2020-03-30,13.44,29555.0
2020-03-31,13.44,29560.5
2020-04-01,13.438,29560.0
2020-04-02,13.435,29570.5
2020-04-03,13.433,29570.5
2020-04-06,13.425,29560.0
2020-04-07,13.423,29560.0
2020-04-08,13.421,29582.0
2020-04-09,13.418,29582.0
2020-04-10,13.608,
2020-04-13,13.608,
2020-04-14,13.474,29559.5
2020-04-15,13.472,29558.5
2020-04-16,13.47,29567.5
2020-04-17,13.468,29567.5
2020-04-20,13.462,29559.0
2020-04-21,13.46,29559.0
2020-04-22,13.458,29559.0
2020-04-23,13.456,29568.0
2020-04-24,13.454,29568.0
2020-04-27,13.449,29559.0
2020-04-28,13.447,29559.0
2020-04-29,13.445,29559.0
2020-04-30,13.443,29572.0
2020-05-01,13.441,29568.0
2020-05-04,13.434,29555.0
2020-05-05,13.432,29555.5
2020-05-06,13.43,29568.0
2020-05-07,13.428,29568.0
2020-05-08,13.608,
2020-05-11,13.42,29555.0
2020-05-12,13.418,29555.0
2020-05-13,13.416,29555.0
2020-05-14,13.414,29564.0
2020-05-15,13.414,29568.5
2020-05-18,13.406,29555.0
2020-05-19,13.472,29557.0
2020-05-20,13.47,29557.0
2020-05-21,13.467,29573.0
2020-05-22,13.467,29579.0
2020-05-25,13.608,
2020-05-26,13.455,29558.0
2020-05-27,13.452,29557.0
2020-05-28,13.45,29568.0
2020-05-29,13.45,29573.25
2020-06-01,13.44,29557.5
2020-06-02,13.438,29557.5
2020-06-03,13.436,29557.5
2020-06-04,13.433,29568.0
2020-06-05,13.433,29573.25
2020-06-08,13.424,29557.5
2020-06-09,13.421,29557.5
2020-06-10,13.419,29558.0
2020-06-11,13.417,29568.25
2020-06-12,13.154,29000.0
2020-06-15,13.154,29000.0
2020-06-16,13.154,29000.0
2020-06-17,13.041,28750.0
2020-06-18,13.086,28850.0
2020-06-19,13.086,28850.0
2020-06-22,13.08,28837.5
2020-06-23,13.079,28834.0
2020-06-24,12.927,28500.0
2020-06-25,12.926,28497.0
2020-06-26,12.926,28497.0
2020-06-29,12.92,28484.0
2020-06-30,12.919,28481.0
2020-07-01,12.917,28478.0
2020-07-02,12.916,28475.0
2020-07-03,12.916,28475.0
2020-07-06,12.91,28462.5
2020-07-07,12.909,28459.0
2020-07-08,12.907,28456.0
2020-07-09,12.906,28453.0
2020-07-10,12.906,28453.0
2020-07-13,12.9,28440.5
2020-07-14,12.899,28437.5
2020-07-15,12.897,28434.0
2020-07-16,12.896,28431.0
2020-07-17,12.896,28431.0
2020-07-20,12.89,28418.0
2020-07-21,12.889,28415.0
2020-07-22,12.887,28411.0
2020-07-23,12.885,28406.5
2020-07-24,12.885,28406.5
2020-07-27,12.877,28389.0
2020-07-28,12.875,28385.0
2020-07-29,13.154,29000.0
2020-07-30,13.234,29175.0
2020-07-31,13.154,29000.0
2020-08-03,13.698,30200.0
2020-08-04,14.969,33000.0
2020-08-05,15.014,33100.0
2020-08-06,15.012,33096.0
2020-08-07,15.012,33096.0
2020-08-10,15.004,33079.0
2020-08-11,15.001,33070.5
2020-08-12,15.001,33070.5
2020-08-13,14.998,33066.0
2020-08-14,14.998,33066.0
2020-08-17,14.991,33049.0
2020-08-18,15.005,33045.5
2020-08-19,15.003,33043.0
2020-08-20,15.001,33043.0
2020-08-21,15.001,33044.5
2020-08-24,14.994,33028.5
2020-08-25,14.992,33025.5
2020-08-26,14.988,33017.5
2020-08-27,14.988,33023.0
2020-08-28,14.97,33024.5
2020-08-31,15.059,
2020-09-01,15.25,33008.5
2020-09-02,14.742,33005.5
2020-09-03,14.742,33006.5
2020-09-04,14.742,33002.0
2020-09-07,14.742,32990.0
2020-09-08,14.742,32987.0
2020-09-09,15.25,33000.0
2020-09-10,15.284,33000.0
2020-09-11,15.284,33000.0
2020-09-14,15.314,33000.0
2020-09-15,15.341,33002.0
2020-09-16,15.341,33984.0
2020-09-17,15.341,33983.5
2020-09-18,15.341,33980.5
2020-09-21,15.341,33969.0
2020-09-22,15.513,33966.0
2020-09-23,15.357,33963.0
2020-09-24,15.357,33962.5
2020-09-25,15.357,33963.75
2020-09-28,15.357,33944.5
2020-09-29,15.357,33945.5
2020-09-30,15.513,33942.5
2020-10-01,15.5,33924.5
2020-10-02,15.5,33926.0
2020-10-05,15.5,33923.0
2020-10-06,15.5,33500.0
2020-10-07,15.5,33497.0
2020-10-08,15.322,33498.0
2020-10-09,15.5,33498.0
2020-10-12,15.5,33482.0
2020-10-13,15.5,33478.75
2020-10-14,15.559,33000.0
2020-10-15,15.559,33000.0
2020-10-16,15.559,33000.0
2020-10-19,15.559,32985.75
2020-10-20,15.559,32984.25
2020-10-21,15.559,32981.75
2020-10-22,15.559,32984.5
2020-10-23,15.559,32987.25
2020-10-26,15.582,32968.5
2020-10-27,15.582,32966.0
2020-10-28,15.107,32963.5
2020-10-29,15.555,32966.0
2020-10-30,15.55,32498.5
2020-11-02,15.5,32479.75
2020-11-03,15.5,32477.0
2020-11-04,15.5,32474.25
2020-11-05,15.5,32477.0
2020-11-06,15.5,32479.5
2020-11-09,15.5,32463.25
2020-11-10,15.5,32458.0
2020-11-11,15.422,32455.0
2020-11-12,14.894,32457.5
2020-11-13,15.422,32460.25
2020-11-16,15.422,32441.5
2020-11-17,14.694,31999.5
2020-11-18,15.5,31997.5
2020-11-19,15.5,32000.0
2020-11-20,15.5,31998.5
2020-11-23,15.5,31980.5
2020-11-24,15.5,31982.5
2020-11-25,14.969,31977.0
2020-11-26,15.5,31982.5
2020-11-27,15.5,31986.0
2020-11-30,14.692,31989.5
2020-12-01,15.5,31977.0
2020-12-02,15.5,31975.0
2020-12-03,14.692,31980.5
2020-12-04,15.5,31978.5
2020-12-07,15.5,31961.0
2020-12-08,15.5,31575.0
2020-12-09,15.5,31573.0
2020-12-10,15.5,31579.0
2020-12-11,15.5,31700.0
2020-12-14,15.53,31686.5
2020-12-15,15.53,31775.0
2020-12-16,15.555,31780.0
2020-12-17,15.486,32000.0
2020-12-18,15.486,32000.0
2020-12-21,15.486,32000.0
2020-12-22,15.486,32000.0
2020-12-23,15.486,32000.0
2020-12-24,15.486,32000.0
2020-12-25,14.601,
2020-12-28,14.601,
2020-12-29,14.601,31991.5
2020-12-30,15.446,31998.0
2020-12-31,15.45,31998.0
2021-01-01,14.601,
2021-01-04,15.35,33000.0
2021-01-05,15.35,34000.0
2021-01-06,15.95,35500.0
2021-01-07,16.205,36500.0
2021-01-08,16.525,36500.0
2021-01-11,16.675,37000.0
2021-01-12,16.745,37000.0
2021-01-13,17.241,38000.0
2021-01-14,17.098,37995.0
2021-01-15,17.125,37500.0
2021-01-18,17.2,37491.0
2021-01-19,17.2,37500.0
2021-01-20,17.019,37500.0
2021-01-21,17.235,38500.0
2021-01-22,17.28,39600.0
2021-01-25,17.305,40000.0
2021-01-26,18.321,40350.0
2021-01-27,17.37,41250.0
2021-01-28,17.385,41246.5
2021-01-29,17.31,41243.0
2021-02-01,19.4,41239.5
2021-02-02,19.97,42976.0
2021-02-03,20.42,44476.0
2021-02-04,20.514,45200.0
2021-02-05,21.445,45700.0
2021-02-08,21.445,45700.0
2021-02-09,20.729,45700.0
2021-02-10,21.62,45700.0
2021-02-11,21.77,45700.0
2021-02-12,21.907,47000.0
2021-02-15,22.033,47000.0
2021-02-16,22.033,47000.0
2021-02-17,22.093,48000.0
2021-02-18,22.11,49000.0
2021-02-19,22.125,51000.0
2021-02-22,22.25,50983.0
2021-02-23,22.28,51965.0
2021-02-24,23.496,52000.0
2021-02-25,22.365,51996.5
2021-02-26,22.38,51993.0
2021-03-01,24.65,52800.0
2021-03-02,24.65,52796.0
2021-03-03,23.863,52792.0
2021-03-04,24.741,52788.0
2021-03-05,24.948,52784.0
2021-03-08,25.143,52780.0
2021-03-09,25.18,52777.0
2021-03-10,25.18,52774.0
2021-03-11,24.724,52770.5
2021-03-12,24.724,52767.0
2021-03-15,24.809,52763.0
2021-03-16,24.809,52759.0
2021-03-17,23.863,52755.0
2021-03-18,24.657,52751.5
2021-03-19,24.657,52748.0
2021-03-22,24.517,52744.0
2021-03-23,24.365,52740.0
2021-03-24,24.3,52376.0
2021-03-25,24.3,52372.0
2021-03-26,24.17,51868.0
2021-03-29,24.17,51114.0
2021-03-30,24.17,50611.0
2021-03-31,24.17,50107.5
2021-04-01,22.5,50104.0
2021-04-02,22.68,
2021-04-05,22.68,
2021-04-06,22.5,50100.0
2021-04-07,22.5,49847.0
2021-04-08,22.307,49844.0
2021-04-09,22.125,49840.0
2021-04-12,21.92,49836.0
2021-04-13,21.92,49833.0
2021-04-14,21.802,49830.0
2021-04-15,21.802,49826.0
2021-04-16,21.752,49822.0
2021-04-19,21.752,49819.0
2021-04-20,21.752,49815.0
2021-04-21,21.68,49811.0
2021-04-22,21.68,49807.0
2021-04-23,21.489,49803.0
2021-04-26,21.489,46500.0
2021-04-27,21.069,46496.0
2021-04-28,21.489,47142.0
2021-04-29,21.489,47139.0
2021-04-30,21.48,45200.0
2021-05-03,20.486,
2021-05-04,20.4,45196.5
2021-05-05,20.4,45193.0
2021-05-06,20.4,45189.0
2021-05-07,20.08,45185.5
2021-05-10,20.08,45182.0
2021-05-11,20.08,44649.0
2021-05-12,20.246,44645.0
2021-05-13,20.08,44642.0
2021-05-14,20.08,44100.0
2021-05-17,19.98,44095.0
2021-05-18,19.98,43650.0
2021-05-19,19.98,43650.0
2021-05-20,19.98,43615.0
2021-05-21,19.98,43615.0
2021-05-24,20.03,43615.0
2021-05-25,20.03,43615.0
2021-05-26,20.03,43615.0
2021-05-27,20.03,43615.0
2021-05-28,20.03,43615.0
2021-05-31,19.799,
2021-06-01,20.0,43615.0
2021-06-02,19.905,43615.0
2021-06-03,19.814,42500.0
2021-06-04,19.814,42500.0
2021-06-07,19.814,42500.0
2021-06-08,19.814,42500.0
2021-06-09,19.814,42500.0
2021-06-10,19.814,42500.0
2021-06-11,19.814,42500.0
2021-06-14,19.932,42500.0
2021-06-15,19.932,42501.0
2021-06-16,19.982,42498.0
2021-06-17,20.027,44502.0
2021-06-18,20.109,44503.0
2021-06-21,20.218,44487.0
2021-06-22,20.25,45499.0
2021-06-23,20.305,45496.0
2021-06-24,20.35,45495.0
2021-06-25,20.423,45495.0
2021-06-28,20.459,45479.0
2021-06-29,20.468,48501.0
2021-06-30,20.5,49600.0
2021-07-01,22.9,50500.0
2021-07-02,23.282,50500.0
2021-07-05,23.555,50483.0
2021-07-06,23.684,50479.0
2021-07-07,23.766,50475.0
2021-07-08,23.882,50471.0
2021-07-09,24.027,50471.0
2021-07-12,24.027,50454.0
2021-07-13,24.027,50450.0
2021-07-14,24.145,52500.0
2021-07-15,24.145,52495.5
2021-07-16,24.195,52495.5
2021-07-19,24.195,52477.5
2021-07-20,24.195,52473.0
2021-07-21,24.195,52468.0
2021-07-22,24.195,52463.0
2021-07-23,24.195,52463.0
2021-07-26,24.195,52441.0
2021-07-27,24.195,52436.0
2021-07-28,24.195,52431.0
2021-07-29,24.195,52426.0
2021-07-30,24.195,52426.0
2021-08-02,24.5,52404.0
2021-08-03,24.5,52399.0
2021-08-04,24.36,52394.0
2021-08-05,24.36,52389.0
2021-08-06,24.36,52389.0
2021-08-09,24.36,52367.0
2021-08-10,24.29,52361.5
2021-08-11,24.29,52350.5
2021-08-12,23.814,52350.5
2021-08-13,24.29,52350.5
2021-08-16,24.14,52328.5
2021-08-17,24.14,52000.0
2021-08-18,24.05,51197.0
2021-08-19,24.05,51198.0
2021-08-20,24.05,51200.0
2021-08-23,24.04,51181.0
2021-08-24,24.01,51178.0
2021-08-25,24.01,50100.0
2021-08-26,24.0,50109.0
2021-08-27,24.05,50111.5
2021-08-30,22.875,
2021-08-31,23.97,50092.5
2021-09-01,23.4,50500.0
2021-09-02,,50504.0
2021-09-03,23.49,50499.0
2021-09-06,23.49,50485.0
2021-09-07,23.61,50482.0
2021-09-08,23.061,50479.0
2021-09-09,23.36,51140.0
2021-09-10,23.36,51137.0
2021-09-13,23.36,51123.0
2021-09-14,23.36,51120.0
2021-09-15,23.36,51117.0
2021-09-16,23.36,51120.0
2021-09-17,24.213,53000.0
2021-09-20,24.213,52990.0
2021-09-21,24.213,52988.0
2021-09-22,24.213,52987.0
2021-09-23,24.213,52991.0
2021-09-24,24.213,52990.0
2021-09-27,24.213,52972.0
2021-09-28,24.213,52974.0
2021-09-29,24.213,52976.0
2021-09-30,24.213,52980.0
2021-10-01,24.213,52978.0
2021-10-04,24.213,52963.0
2021-10-05,24.213,52961.0
2021-10-06,24.213,52960.0
2021-10-07,24.213,52966.0
2021-10-08,24.213,52966.0
2021-10-11,24.213,52950.0
2021-10-12,24.213,52948.0
2021-10-13,24.213,52946.0
2021-10-14,25.537,55869.0
2021-10-15,25.628,56071.0
2021-10-18,25.648,56100.0
2021-10-19,25.648,56100.0
2021-10-20,25.648,56100.0
2021-10-21,25.648,56111.0
2021-10-22,25.648,56218.0
2021-10-25,25.648,56201.0
2021-10-26,25.648,56201.0
2021-10-27,25.648,56243.0
2021-10-28,25.648,56254.0
2021-10-29,25.648,56259.0
2021-11-01,25.648,56243.0
2021-11-02,25.648,56242.0
2021-11-03,26.444,58000.0
2021-11-04,26.535,58210.0
2021-11-05,26.989,59215.0
2021-11-08,26.989,59199.0
2021-11-09,26.989,59204.0
2021-11-10,26.989,59199.0
2021-11-11,26.989,59211.0
2021-11-12,26.989,59216.0
2021-11-15,26.989,59200.0
2021-11-16,27.896,61199.0
2021-11-17,27.919,61250.0
2021-11-18,27.919,61255.0
2021-11-19,27.919,61258.0
2021-11-22,27.919,61240.0
2021-11-23,28.647,62850.0
2021-11-24,28.647,62844.0
2021-11-25,28.647,62848.0
2021-11-26,28.647,62852.0
2021-11-29,28.647,62840.0
2021-11-30,29.846,65500.0
2021-12-01,30.005,65850.0
2021-12-02,30.413,66750.0
2021-12-03,30.413,66746.0
2021-12-06,31.443,69000.0
2021-12-07,31.668,69500.0
2021-12-08,31.668,69525.0
2021-12-09,31.668,69528.0
2021-12-10,31.668,69527.0
2021-12-13,31.668,69516.0
2021-12-14,31.668,69519.0
2021-12-15,31.668,69519.0
2021-12-16,31.668,69525.0
2021-12-17,31.978,70209.0
2021-12-20,31.978,70195.0
2021-12-21,31.978,70198.0
2021-12-22,31.978,70197.0
2021-12-23,31.978,70207.0
2021-12-24,31.978,70206.0
2021-12-27,31.978,
2021-12-28,31.978,
2021-12-29,31.978,70187.0
2021-12-30,31.978,70194.0
2021-12-31,31.978,70193.0
2022-01-03,31.978,
2022-01-04,31.978,70178.0
2022-01-05,31.978,70176.0
2022-01-06,31.978,70180.0
2022-01-07,31.978,70178.0
2022-01-10,31.978,70164.0
2022-01-11,31.978,70167.0
2022-01-12,31.978,70165.0
2022-01-13,31.978,70171.0
2022-01-14,31.978,70167.0
2022-01-17,31.978,70149.0
2022-01-18,31.978,70150.0
2022-01-19,31.978,70151.0
2022-01-20,32.659,71649.0
2022-01-21,32.659,71644.0
2022-01-24,32.659,71700.0
2022-01-25,32.205,70704.0
2022-01-26,32.205,70706.0
2022-01-27,32.205,70714.0
2022-01-28,32.205,70714.0
2022-01-31,32.205,70714.0
2022-02-01,32.205,70705.0
2022-02-02,32.205,70709.0
2022-02-03,32.205,70719.0
2022-02-04,32.205,70720.0
2022-02-07,32.205,70716.0
2022-02-08,32.205,70710.0
2022-02-09,32.205,70714.0
2022-02-10,32.205,70721.0
2022-02-11,32.205,70721.0
2022-02-14,32.205,70717.0
2022-02-15,32.205,70711.0
2022-02-16,32.205,70715.0
2022-02-17,32.205,70725.0
2022-02-18,33.012,72502.0
2022-02-21,33.012,72499.0
2022-02-22,33.244,73002.0
2022-02-23,33.244,73005.0
2022-02-24,33.566,73722.0
2022-02-25,33.566,73721.0
2022-02-28,33.566,73718.0
2022-03-01,33.566,73704.0
2022-03-02,33.566,73690.0
2022-03-03,34.382,75500.0
2022-03-04,34.382,75503.0
2022-03-07,35.968,78999.0
2022-03-08,37.102,81499.0
2022-03-09,37.195,81750.0
2022-03-10,37.195,81900.0
2022-03-11,37.195,81900.0
2022-03-14,37.195,81886.0
2022-03-15,37.195,81884.0
2022-03-16,37.195,81881.0
2022-03-17,37.195,81880.0
2022-03-18,37.195,81881.0
2022-03-21,37.195,81865.0
2022-03-22,37.195,81862.0
2022-03-23,37.195,81859.0
2022-03-24,37.195,81858.0
2022-03-25,37.195,81859.0
2022-03-28,37.195,81843.0
2022-03-29,37.195,81840.0
2022-03-30,37.195,81837.0
2022-03-31,37.195,81841.0
2022-04-01,37.195,81838.0
2022-04-04,37.195,81822.0
2022-04-05,37.195,81823.0
2022-04-06,37.195,81820.0
2022-04-07,37.195,81820.0
2022-04-08,37.195,81817.0
2022-04-11,37.195,81804.0
2022-04-12,37.195,81801.0
2022-04-13,37.195,81803.0
2022-04-14,37.195,81800.0
2022-04-15,37.195,
2022-04-18,37.195,
2022-04-19,37.195,81779.0
2022-04-20,37.195,81775.0
2022-04-21,37.195,81774.0
2022-04-22,37.195,81770.0
2022-04-25,37.195,81755.0
2022-04-26,37.195,81752.0
2022-04-27,37.195,81749.0
2022-04-28,37.195,81750.0
2022-04-29,37.195,81746.0
2022-05-02,37.195,
2022-05-03,37.195,81720.0
2022-05-04,37.195,81716.0
2022-05-05,37.195,81715.0
2022-05-06,37.195,81717.0
2022-05-09,37.195,81696.0
2022-05-10,37.195,81692.0
2022-05-11,37.195,81688.0
2022-05-12,37.195,81687.0
2022-05-13,37.195,81688.0
2022-05-16,34.019,74668.0
2022-05-17,34.019,74665.0
2022-05-18,34.019,74662.0
2022-05-19,34.019,74661.0
2022-05-20,34.019,74665.0
2022-05-23,34.019,74649.0
2022-05-24,34.019,74646.0
2022-05-25,34.019,74643.0
2022-05-26,34.019,74644.0
2022-05-27,33.566,73644.0
2022-05-30,33.566,73628.0
2022-05-31,33.566,73630.0
2022-06-01,33.566,73627.0
2022-06-02,33.566,
2022-06-03,33.566,
2022-06-06,33.518,73500.0
2022-06-07,33.067,72500.0
2022-06-08,33.067,72498.0
2022-06-09,33.067,72499.0
2022-06-10,33.067,72500.0
2022-06-13,32.847,72000.0
2022-06-14,32.847,72000.0
2022-06-15,32.847,72000.0
2022-06-16,32.847,72013.0
2022-06-17,32.84,72000.0
2022-06-20,32.84,71986.0
2022-06-21,32.84,71986.0
2022-06-22,32.84,71985.0
2022-06-23,32.84,71950.0
2022-06-24,32.84,71955.0
2022-06-27,32.414,71000.0
2022-06-28,31.96,70000.0
2022-06-29,31.96,70000.0
2022-06-30,31.96,70017.0
2022-07-01,29.685,65000.0
2022-07-04,29.685,64984.0
2022-07-05,29.685,64984.0
2022-07-06,27.424,60000.0
2022-07-07,27.42,60000.0
2022-07-08,27.417,60000.0
2022-07-11,27.417,59984.0
2022-07-12,27.417,59984.0
2022-07-13,27.417,59985.0
2022-07-14,27.417,59996.0
2022-07-15,25.149,55000.0
2022-07-18,22.888,50000.0
2022-07-19,22.888,50000.0
2022-07-20,22.888,50000.0
2022-07-21,22.888,50011.0
2022-07-22,22.888,50017.0
2022-07-25,22.888,50001.0
2022-07-26,22.888,50001.0
2022-07-27,22.888,50001.0
2022-07-28,22.888,50012.0
2022-07-29,22.888,50018.0
2022-08-01,22.888,50003.0
2022-08-02,22.888,50003.0
2022-08-03,22.888,50003.0
2022-08-04,22.428,49000.0
2022-08-05,22.428,49006.0
2022-08-08,22.428,48990.0
2022-08-09,22.428,48990.0
2022-08-10,21.525,47000.0
2022-08-11,21.525,46995.0
2022-08-12,21.525,47000.0
2022-08-15,21.298,46500.0
2022-08-16,21.298,46500.0
2022-08-17,22.432,49001.0
2022-08-18,22.432,49011.0
2022-08-19,22.432,49016.0
2022-08-22,22.432,49004.0
2022-08-23,22.432,49004.0
2022-08-24,23.566,51500.0
2022-08-25,23.566,51518.0
2022-08-26,23.566,51522.0
2022-08-29,23.566,
2022-08-30,23.566,51505.0
2022-08-31,23.566,51510.0
2022-09-01,23.566,51524.0
2022-09-02,23.566,51520.0
2022-09-05,23.566,51511.0
2022-09-06,23.566,51511.0
2022-09-07,23.566,51512.0
2022-09-08,23.566,51521.0
2022-09-09,23.566,51522.0
2022-09-12,23.566,51514.0
2022-09-13,23.566,51515.0
2022-09-14,23.566,51515.0
2022-09-15,23.566,51523.0
2022-09-16,23.566,51522.0
2022-09-19,23.566,51510.0
2022-09-20,23.566,51510.0
2022-09-21,23.566,51510.0
2022-09-22,23.566,51521.0
2022-09-23,23.566,51521.0
2022-09-26,23.566,51500.0
2022-09-27,23.566,51505.0
2022-09-28,23.566,51510.0
2022-09-29,23.566,51521.0
2022-09-30,23.566,51521.0
2022-10-03,23.566,51505.0
2022-10-04,23.566,51505.0
2022-10-05,23.566,51505.0
2022-10-06,23.566,51521.0
2022-10-07,23.566,51521.0
2022-10-10,23.566,51505.0
2022-10-11,23.566,51505.0
2022-10-12,23.566,51505.0
2022-10-13,23.566,51515.0
2022-10-14,23.566,51520.0
2022-10-17,23.566,51503.0
2022-10-18,23.566,51503.0
2022-10-19,23.566,51503.0
2022-10-20,23.566,51514.0
2022-10-21,23.566,51519.0
2022-10-24,23.566,51503.0
2022-10-25,23.566,51503.0
2022-10-26,23.566,51503.0
2022-10-27,23.566,51514.0
2022-10-28,23.566,51519.0
2022-10-31,23.566,51503.0
2022-11-01,23.566,51503.0
2022-11-02,23.566,51503.0
2022-11-03,23.566,51513.0
2022-11-04,23.566,51518.0
2022-11-07,23.566,51503.0
2022-11-08,23.566,51503.0
2022-11-09,23.566,51519.0
2022-11-10,23.566,51514.0
2022-11-11,23.566,51519.0
2022-11-14,23.566,51503.0
2022-11-15,23.566,51502.0
2022-11-16,23.566,51501.0
2022-11-17,23.566,51509.0
2022-11-18,23.566,51513.0
2022-11-21,23.566,51495.0
2022-11-22,23.566,51499.0
2022-11-23,23.566,51494.0
2022-11-24,23.566,51502.0
2022-11-25,23.566,51507.0
2022-11-28,23.566,51489.0
2022-11-29,23.566,51494.0
2022-11-30,23.566,51498.0
2022-12-01,23.566,51507.0
2022-12-02,23.566,51506.0
2022-12-05,23.566,51489.0
2022-12-06,23.566,51493.0
2022-12-07,23.566,51493.0
2022-12-08,23.566,51501.0
2022-12-09,23.566,51500.0
2022-12-12,23.566,51482.0
2022-12-13,23.566,51487.0
2022-12-14,23.566,51486.0
2022-12-15,23.566,51494.0
2022-12-16,23.566,51494.0
2022-12-19,23.566,51481.0
2022-12-20,23.566,51486.0
2022-12-21,23.566,51487.0
2022-12-22,23.566,51510.0
2022-12-23,23.566,51511.0
2022-12-26,23.566,
2022-12-27,23.566,
2022-12-28,23.566,51495.0
2022-12-29,23.566,51513.0
2022-12-30,23.566,51514.0
2023-01-02,23.566,
2023-01-03,22.886,50000.0
2023-01-04,22.886,50001.0
2023-01-05,22.68,49558.0
2023-01-06,22.226,48560.0
2023-01-09,,48544.0
2023-01-10,22.226,48549.5
2023-01-11,,48555.0
2023-01-12,22.226,48572.5
2023-01-13,22.226,48568.0
2023-01-16,,48556.0
2023-01-17,,48561.0
2023-01-18,22.226,48562.0
2023-01-19,22.226,48574.0
2023-01-20,22.226,48574.0
2023-01-23,22.226,48558.0
2023-01-24,22.226,48563.0
2023-01-25,22.226,48563.0
2023-01-26,22.226,48574.0
2023-01-27,22.226,48574.0
2023-01-30,22.226,48575.0
2023-01-31,22.226,48580.0
2023-02-01,18.908,41250.0
2023-02-02,18.908,41266.25
2023-02-03,17.654,38500.0
2023-02-06,17.654,38495.0
2023-02-07,17.654,38478.0
2023-02-08,17.654,38483.0
2023-02-09,17.654,38499.0
2023-02-10,17.654,38499.0
2023-02-13,17.654,38493.0
2023-02-14,16.189,35250.0
2023-02-15,16.189,35255.0
2023-02-16,16.189,35271.0
2023-02-17,16.189,35266.0
2023-02-20,16.189,35263.0
2023-02-21,16.189,35256.0
2023-02-22,15.504,33750.0
2023-02-23,,33761.0
2023-02-24,15.504,33761.0
2023-02-27,15.504,33758.0
2023-02-28,15.504,33746.0
2023-03-01,15.504,33743.0
2023-03-02,15.504,33754.5
2023-03-03,15.504,33760.0
2023-03-06,15.504,33748.0
2023-03-07,15.504,33749.0
2023-03-08,15.504,33750.0
2023-03-09,15.504,33761.5
2023-03-10,15.504,33767.0
2023-03-13,15.504,33755.0
2023-03-14,15.504,33755.0
2023-03-15,15.504,33755.0
2023-03-16,15.504,33764.0
2023-03-17,15.504,33768.0
2023-03-20,15.504,33755.5
2023-03-21,15.504,33756.0
2023-03-22,15.504,33755.0
2023-03-23,15.504,33763.0
2023-03-24,15.504,33767.5
2023-03-27,15.504,33751.0
2023-03-28,15.617,34000.0
2023-03-29,15.844,34500.0
2023-03-30,15.844,34508.0
2023-03-31,15.844,34512.0
2023-04-03,15.844,34500.0
2023-04-04,15.844,34494.0
2023-04-05,15.844,34516.0
2023-04-06,15.844,34515.0
2023-04-07,15.844,
2023-04-10,15.844,
2023-04-11,15.844,34493.0
2023-04-12,15.844,34492.0
2023-04-13,15.844,34500.0
2023-04-14,15.844,34499.0
2023-04-17,15.844,34488.0
2023-04-18,15.844,34488.0
2023-04-19,15.844,34488.0
2023-04-20,15.844,34499.0
2023-04-21,15.844,34499.0
2023-04-24,15.844,34488.0
2023-04-25,15.844,34488.0
2023-04-26,15.844,34488.0
2023-04-27,15.844,34505.0
2023-04-28,15.844,34505.0
2023-05-01,15.844,
2023-05-02,15.844,34483.0
2023-05-03,15.844,34483.0
2023-05-04,15.844,34499.0
2023-05-05,15.844,34504.5
2023-05-08,15.844,
2023-05-09,15.844,34483.0
2023-05-10,15.844,34483.0
2023-05-11,15.844,34494.0
2023-05-12,15.844,34500.0
2023-05-15,15.844,34484.0
2023-05-16,15.844,34483.0
2023-05-17,15.844,34483.0
2023-05-18,15.844,34492.0
2023-05-19,15.844,34496.5
2023-05-22,15.844,34484.0
2023-05-23,15.844,34484.0
2023-05-24,13.696,29750.0
2023-05-25,13.689,29750.0
2023-05-26,13.392,29100.0
2023-05-29,13.392,
2023-05-30,13.392,29083.0
2023-05-31,13.392,29083.0
2023-06-01,13.392,29092.0
2023-06-02,13.392,29096.0
2023-06-05,13.392,29083.0
2023-06-06,13.392,29083.0
2023-06-07,13.392,29083.0
2023-06-08,13.392,29092.0
2023-06-09,13.392,29096.0
2023-06-12,13.392,29083.0
2023-06-13,13.392,29083.0
2023-06-14,13.392,29083.0
2023-06-15,13.392,29096.0
2023-06-16,13.392,29096.0
2023-06-19,13.392,29083.0
2023-06-20,13.392,29084.0
2023-06-21,13.392,29084.0
2023-06-22,13.392,29095.0
2023-06-23,13.392,29100.0
2023-06-26,13.392,29084.0
2023-06-27,13.392,29084.0
2023-06-28,13.392,29084.0
2023-06-29,14.234,30950.0
2023-06-30,15.159,33000.0
2023-07-03,15.159,32978.5
2023-07-04,15.159,32978.5
2023-07-05,15.159,32978.5
2023-07-06,15.159,32988.5
2023-07-07,15.159,32994.0
2023-07-10,15.159,32978.0
2023-07-11,15.159,32978.5
2023-07-12,15.159,32978.0
2023-07-13,15.159,32988.5
2023-07-14,15.159,32994.0
2023-07-17,15.159,32977.0
2023-07-18,15.159,32977.0
2023-07-19,15.159,32977.0
2023-07-20,15.159,32987.0
2023-07-21,15.159,32992.5
2023-07-24,15.159,32976.25
2023-07-25,15.159,32976.0
2023-07-26,15.159,32976.0
2023-07-27,15.159,32986.5
2023-07-28,15.159,32992.0
2023-07-31,15.159,32976.0
2023-08-01,15.159,32976.0
2023-08-02,15.159,32976.0
2023-08-03,15.159,32986.5
2023-08-04,15.159,32991.5
2023-08-07,15.159,32975.5
2023-08-08,15.159,32975.0
2023-08-09,15.159,32975.0
2023-08-10,15.159,32985.5
2023-08-11,15.159,32991.0
2023-08-14,15.159,32975.0
2023-08-15,15.159,32974.5
2023-08-16,15.159,32974.5
2023-08-17,15.159,32983.0
2023-08-18,15.159,32987.5
2023-08-21,15.159,32975.0
2023-08-22,15.159,32975.0
2023-08-23,15.159,32970.5
2023-08-24,15.159,32987.0
2023-08-25,15.159,32991.0
2023-08-28,15.159,
2023-08-29,15.159,32974.0
2023-08-30,15.159,32974.0
2023-08-31,15.159,32991.0
2023-09-01,15.159,32986.5
2023-09-04,15.159,32978.0
2023-09-05,15.159,32978.0
2023-09-06,,32978.0
2023-09-07,,32986.5
2023-09-08,,32987.0
2023-09-11,,32978.5
2023-09-12,15.159,32978.5
2023-09-13,15.159,32978.0
2023-09-14,15.159,32986.0
2023-09-15,15.159,32986.0
2023-09-18,15.159,32977.0
2023-09-19,15.159,32978.0
2023-09-20,15.159,32979.0
2023-09-21,15.159,32990.0
2023-09-22,15.159,32990.0
2023-09-25,15.159,32969.0
2023-09-26,15.159,32974.5
2023-09-27,15.159,32980.0
2023-09-28,15.159,32990.5
2023-09-29,15.159,32990.5
2023-10-02,15.159,32975.0
2023-10-03,15.159,32975.0
2023-10-04,15.159,32975.0
2023-10-05,15.159,32991.0
2023-10-06,15.159,32991.0
2023-10-09,15.159,32975.0
2023-10-10,15.159,32975.0
2023-10-11,15.159,32975.0
2023-10-12,15.159,32985.0
2023-10-13,,32990.5
2023-10-16,15.159,32974.0
2023-10-17,15.159,32974.0
2023-10-18,15.159,32975.0
2023-10-19,15.159,32986.5
2023-10-20,15.159,32992.0
2023-10-23,15.159,32980.0
2023-10-24,15.159,32981.0
2023-10-25,15.159,32982.0
2023-10-26,15.159,32994.0
2023-10-27,15.159,32999.0
2023-10-30,15.159,32987.0
2023-10-31,15.159,32988.5
2023-11-01,15.159,32990.0
2023-11-02,15.159,33002.0
2023-11-03,15.159,33007.0
2023-11-06,15.159,32995.5
2023-11-07,15.159,32996.5
2023-11-08,15.159,32997.5
2023-11-09,15.159,33009.5
2023-11-10,15.159,33015.0
2023-11-13,15.159,33003.0
2023-11-14,15.159,33003.0
2023-11-15,15.159,33003.0
2023-11-16,15.159,33012.0
2023-11-17,15.159,33016.0
2023-11-20,15.159,33003.0
2023-11-21,15.159,33007.0
2023-11-22,15.159,33002.0
2023-11-23,15.159,33010.0
2023-11-24,15.159,33014.0
2023-11-27,15.159,32997.0
2023-11-28,15.159,32996.0
2023-11-29,15.159,32995.0
2023-11-30,15.159,33008.0
2023-12-01,15.159,33007.0
2023-12-04,15.159,32995.0
2023-12-05,15.159,32994.0
2023-12-06,15.159,32993.0
2023-12-07,14.832,32280.0
2023-12-08,14.504,31555.0
2023-12-11,14.182,30830.0
2023-12-12,13.855,30105.0
2023-12-13,13.526,29380.0
2023-12-14,13.215,28700.0
2023-12-15,13.215,28699.0
2023-12-18,13.215,28687.5
2023-12-19,13.215,28687.0
2023-12-20,13.215,28687.0
2023-12-21,13.215,28709.0
2023-12-22,13.215,28709.0
2023-12-25,13.215,
2023-12-26,13.215,
2023-12-27,13.215,28688.0
2023-12-28,13.215,28705.0
2023-12-29,13.215,28710.5
2024-01-01,13.215,
2024-01-02,13.215,28689.0
2024-01-03,13.215,28689.0
2024-01-04,13.215,28700.0
2024-01-05,13.215,28700.0
2024-01-08,13.215,28689.5
2024-01-09,,28690.0
2024-01-10,13.215,28690.25
2024-01-11,,28707.0
2024-01-12,13.215,28701.75
2024-01-15,13.215,28691.5
2024-01-16,13.215,28690.75
2024-01-17,13.215,28690.0
2024-01-18,13.215,28697.5
2024-01-19,13.215,28696.5
2024-01-22,13.215,28685.0
2024-01-23,13.215,28684.0
2024-01-24,13.215,28683.0
2024-01-25,13.215,28691.0
2024-01-26,13.215,28690.0
2024-01-29,13.215,28678.0
2024-01-30,13.215,28677.0
2024-01-31,13.215,28681.5
2024-02-01,13.215,28689.0
2024-02-02,13.215,28688.0
2024-02-05,13.215,28666.0
2024-02-06,13.215,28670.5
2024-02-07,13.215,28675.0
2024-02-08,12.95,28098.0
2024-02-09,12.95,28102.5
2024-02-12,12.95,28107.0
2024-02-13,12.95,28111.0
2024-02-14,12.95,28115.5
2024-02-15,12.95,28132.5
2024-02-16,12.95,28132.5
2024-02-19,12.95,28137.0
2024-02-20,12.95,28142.5
2024-02-21,12.95,28148.0
2024-02-22,12.95,28164.0
2024-02-23,12.95,28169.5
2024-02-26,12.95,28175.0
2024-02-27,12.95,28180.5
2024-02-28,12.95,28186.0
2024-02-29,12.95,28202.0
2024-03-01,12.95,28207.5
2024-03-04,12.95,28213.0
2024-03-05,12.95,28218.0
2024-03-06,12.95,28223.0
2024-03-07,12.95,28239.0
2024-03-08,12.95,28244.5
2024-03-11,12.95,28250.0
2024-03-12,12.95,28255.5
2024-03-13,12.95,28261.0
2024-03-14,12.95,28277.0
2024-03-15,12.95,28282.5
2024-03-18,12.95,28288.0
2024-03-19,12.95,28293.5
2024-03-20,12.95,28299.0
2024-03-21,12.95,28315.0
2024-03-22,12.95,28320.5
2024-03-25,12.95,28326.0
2024-03-26,12.95,28331.5
2024-03-27,12.95,28358.0
2024-03-28,12.95,28363.5
2024-03-29,12.95,
2024-04-01,12.95,
2024-04-02,12.95,28369.0
2024-04-03,12.95,28374.0
2024-04-04,12.95,28390.0
2024-04-05,12.95,28395.0
2024-04-08,12.95,28400.0
2024-04-09,12.95,28405.5
2024-04-10,12.95,28411.0
2024-04-11,12.95,28426.5
2024-04-12,12.623,27710.0
2024-04-15,12.623,27715.0
2024-04-16,12.623,27719.0
2024-04-17,12.623,27723.0
2024-04-18,12.623,27731.0
2024-04-19,12.623,27731.0
2024-04-22,12.623,27722.0
2024-04-23,12.623,27722.0
2024-04-24,12.623,27722.0
2024-04-25,12.623,27730.0
2024-04-26,,27730.0
2024-04-29,12.623,27721.0
2024-04-30,12.623,27721.0
2024-05-01,12.623,27717.0
2024-05-02,12.623,27729.0
2024-05-03,,27733.0
2024-05-07,12.623,27715.5
2024-05-08,12.623,27715.5
2024-05-09,12.623,27724.0
2024-05-10,12.623,27728.0
2024-05-13,12.623,27714.5
2024-05-14,12.623,27710.0
2024-05-15,12.623,27706.0
2024-05-16,12.623,27702.0
2024-05-17,12.623,27702.0
2024-05-20,12.623,27684.0
2024-05-21,12.623,27680.0
2024-05-22,12.623,26950.0
2024-05-23,12.315,26945.0
2024-05-24,12.315,26945.0
2024-05-28,12.315,26918.0
2024-05-29,12.315,26913.0
2024-05-30,12.315,26908.0
2024-05-31,12.315,26908.0
2024-06-03,12.315,26886.0
2024-06-04,12.315,26881.0
2024-06-05,12.315,26875.0
2024-06-06,12.315,26870.0
2024-06-07,12.315,26870.0
2024-06-10,12.315,26848.5
2024-06-11,12.315,26843.0
2024-06-12,12.315,26838.0
2024-06-13,12.315,26832.0
2024-06-14,12.315,26832.0
2024-06-17,12.315,26810.0
2024-06-18,12.315,26807.0
2024-06-19,12.315,26804.0
2024-06-20,12.315,26804.0
2024-06-21,12.315,26806.0
2024-06-24,12.315,26786.0
2024-06-25,12.315,26782.0
2024-06-26,12.315,26778.0
2024-06-27,12.315,26777.0
2024-06-28,12.315,26778.5
2024-07-01,12.315,26759.0
2024-07-02,12.315,26757.0
2024-07-03,12.315,26752.0
2024-07-04,12.315,26751.5
2024-07-05,12.315,26753.0
2024-07-08,,26733.0
2024-07-09,,26729.0
2024-07-10,12.315,26725.0
2024-07-11,,26724.0
2024-07-12,,26198.5
2024-07-15,12.077,26178.0
2024-07-16,12.077,26177.0
2024-07-17,12.077,26177.0
2024-07-18,12.077,26186.0
2024-07-19,12.077,26190.0
2024-07-22,12.077,26177.0
2024-07-23,12.077,26177.0
2024-07-24,12.077,26177.0
2024-07-25,12.077,26186.0
2024-07-26,12.077,26190.0
2024-07-29,12.077,26177.0
2024-07-30,12.077,26177.0
2024-07-31,12.077,26177.0
2024-08-01,12.077,26061.0
2024-08-02,12.02,26065.0
2024-08-05,12.02,26069.0
2024-08-06,12.02,26073.0
2024-08-07,12.02,26077.0
2024-08-08,12.02,26090.0
2024-08-09,12.02,26095.0
2024-08-12,12.02,26099.0
2024-08-13,12.02,26104.0
2024-08-14,12.02,26108.0
2024-08-15,12.02,25622.0
2024-08-16,11.793,24526.0
2024-08-19,11.294,24531.0
2024-08-20,11.294,24536.0
2024-08-21,11.294,24541.0
2024-08-22,11.294,23963.0
2024-08-23,11.022,23968.0
2024-08-27,11.022,23973.5
2024-08-28,11.022,23979.0
2024-08-29,11.022,24000.5
2024-08-30,11.022,24000.5
2024-09-02,11.022,24006.0
2024-09-03,11.022,24011.0
2024-09-04,11.022,24016.0
2024-09-05,11.022,24032.0
2024-09-06,11.022,24037.0
2024-09-09,11.022,24042.0
2024-09-10,11.022,24048.0
2024-09-11,11.022,24053.0
2024-09-12,11.022,24070.0
2024-09-13,11.022,24075.5
2024-09-16,11.022,24081.0
2024-09-17,11.022,24086.0
2024-09-18,11.022,24091.0
2024-09-19,11.022,24107.0
2024-09-20,11.022,24112.0
2024-09-23,11.022,24117.0
2024-09-24,11.022,24123.0
2024-09-25,11.022,24128.5
2024-09-26,11.022,24145.0
2024-09-27,11.022,24150.5
2024-09-30,11.022,24156.0
2024-10-01,11.022,24161.5
2024-10-02,11.022,24167.0
2024-10-03,11.022,24183.5
2024-10-04,11.022,24189.0
2024-10-07,11.022,24194.5
2024-10-08,11.022,24200.0
2024-10-09,11.022,24205.5
2024-10-10,11.022,24227.5
2024-10-11,11.022,24227.5
2024-10-14,11.022,24233.0
2024-10-15,11.022,24235.0
2024-10-16,11.022,24237.0
2024-10-17,11.022,24243.0
2024-10-18,11.022,24245.0
2024-10-21,11.022,24247.0
2024-10-22,11.022,24249.0
2024-10-23,11.022,24251.0
2024-10-24,11.022,24257.0
2024-10-25,11.022,24259.0
2024-10-28,11.022,24261.0
2024-10-29,11.022,24263.0
2024-10-30,11.022,24265.0
2024-10-31,11.022,24271.0
2024-11-01,11.022,24273.0
2024-11-04,11.022,24275.0
2024-11-05,11.022,24277.0
2024-11-06,11.022,24279.0
2024-11-07,11.022,24286.0
2024-11-08,11.022,24286.0
2024-11-11,11.022,24287.75
2024-11-12,11.022,24289.5
2024-11-13,11.022,24291.25
2024-11-14,11.022,24296.5
2024-11-15,11.022,24298.25
2024-11-18,11.022,24300.0
2024-11-19,11.022,24300.0
2024-11-20,11.022,24300.0
2024-11-21,11.022,24300.0
2024-11-22,11.022,24300.0
2024-11-25,11.022,24300.0
2024-11-26,11.022,24300.0
2024-11-27,11.022,24300.0
2024-11-28,11.022,24300.0
2024-11-29,11.022,24300.0
2024-12-02,11.022,24300.0
2024-12-03,11.022,24300.0
2024-12-04,11.022,24300.0
2024-12-05,11.022,24300.0
2024-12-06,11.022,24300.0
2024-12-09,11.022,24300.0
2024-12-10,11.022,24300.0
2024-12-11,11.022,24300.0
2024-12-12,11.022,24300.0
2024-12-13,11.022,24300.0
2024-12-16,11.022,24300.0
2024-12-17,11.022,24300.0
2024-12-18,11.022,24300.0
2024-12-19,11.022,24300.0
2024-12-20,11.022,24300.0
2024-12-23,11.022,24300.0
2024-12-24,11.022,24300.0
2024-12-27,11.022,
2024-12-30,11.022,
2024-12-31,11.022,
