Date;PX_LAST;Change;% Change;PX_OPEN;Change;% Change;PX_HIGH;Change;% Change;PX_LOW;Change;% Change
;24300;0;0;;;;;;;;;
24.12.2024;24300;0;0;53000;28700;118,106995884774;53000;28700;118,106995884774;53000;28700;118,106995884774
23.12.2024;24300;0;0;50500;26200;107,818930041152;50500;26200;107,818930041152;50500;26200;107,818930041152
20.12.2024;24300;0;0;52500;28200;116,049382716049;52500;28200;116,049382716049;52500;28200;116,049382716049
19.12.2024;24300;0;0;42500;18200;74,8971193415638;42500;18200;74,8971193415638;42500;18200;74,8971193415638
18.12.2024;24300;0;0;44100;19800;81,4814814814815;44100;19800;81,4814814814815;44100;19800;81,4814814814815
17.12.2024;24300;0;0;50000;25700;105,761316872428;50000;25700;105,761316872428;50000;25700;105,761316872428
16.12.2024;24300;0;0;46500;22200;91,358024691358;46500;22200;91,358024691358;46500;22200;91,358024691358
13.12.2024;24300;0;0;45200;20900;86,0082304526749;45200;20900;86,0082304526749;45200;20900;86,0082304526749
12.12.2024;24300;0;0;41000;16700;68,7242798353909;41000;16700;68,7242798353909;41000;16700;68,7242798353909
11.12.2024;24300;0;0;37750;13450;55,3497942386831;37995;13695;56,358024691358;37750;13450;55,3497942386831
10.12.2024;24300;0;0;37500;13200;54,320987654321;37500;13200;54,320987654321;37500;13200;54,320987654321
09.12.2024;24300;0;0;37500;13200;54,320987654321;37500;13200;54,320987654321;37500;13200;54,320987654321
06.12.2024;24300;0;0;37600;13300;54,7325102880658;38000;13700;56,3786008230453;37600;13300;54,7325102880658
05.12.2024;24300;0;0;37000;12700;52,2633744855967;37000;12700;52,2633744855967;37000;12700;52,2633744855967
04.12.2024;24300;0;0;37000;12700;52,2633744855967;37000;12700;52,2633744855967;37000;12700;52,2633744855967
03.12.2024;24300;0;0;36000;11700;48,1481481481481;36000;11700;48,1481481481481;36000;11700;48,1481481481481
02.12.2024;24300;0;0;35000;10700;44,0329218106996;35000;10700;44,0329218106996;35000;10700;44,0329218106996
29.11.2024;24300;0;0;34000;9700;39,917695473251;34000;9700;39,917695473251;34000;9700;39,917695473251
28.11.2024;24300;0;0;33000;8700;35,8024691358025;33000;8700;35,8024691358025;33000;8700;35,8024691358025
27.11.2024;24300;0;0;32000;7700;31,6872427983539;32000;7700;31,6872427983539;32000;7700;31,6872427983539
26.11.2024;24300;0;0;34000;9700;39,917695473251;34000;9700;39,917695473251;34000;9700;39,917695473251
25.11.2024;24300;0;0;33500;9200;37,8600823045267;33500;9200;37,8600823045267;33500;9200;37,8600823045267
22.11.2024;24300;0;0;32500;8200;33,7448559670782;33000;8700;35,8024691358025;32500;8200;33,7448559670782
21.11.2024;24300;0;0;31000;6700;27,5720164609053;32000;7700;31,6872427983539;31000;6700;27,5720164609053
20.11.2024;24300;0;0;30000;5700;23,4567901234568;30000;5700;23,4567901234568;30000;5700;23,4567901234568
19.11.2024;24300;0;0;29000;4700;19,3415637860082;29500;5200;21,3991769547325;29000;4700;19,3415637860082
18.11.2024;24300;1,75;0,00720216476495221;28750;4451,75;18,3212782813577;28750;4451,75;18,3212782813577;28750;4451,75;18,3212782813577
15.11.2024;24298,25;1,75;0,00720268351408639;28500;4203,5;17,3008458008355;28500;4203,5;17,3008458008355;28500;4203,5;17,3008458008355
14.11.2024;24296,5;5,25;0,0216127206298564;30000;5708,75;23,5012607420367;30000;5708,75;23,5012607420367;30000;5708,75;23,5012607420367
13.11.2024;24291,25;1,75;0,00720475925811565;31000;6710,5;27,6271640009057;31000;6710,5;27,6271640009057;31000;6710,5;27,6271640009057
12.11.2024;24289,5;1,75;0,00720527838107688;33000;8712,25;35,8709637574497;33000;8712,25;35,8709637574497;33000;8712,25;35,8709637574497
11.11.2024;24287,75;1,75;0,00720579757885201;32000;7714;31,7631557275797;32000;7714;31,7631557275797;32000;7714;31,7631557275797
08.11.2024;24286;0;0;31500;7214;29,7043564193362;31500;7214;29,7043564193362;31500;7214;29,7043564193362
07.11.2024;24286;7;0,0288315004736604;35000;10721;44,1575023683018;35000;10721;44,1575023683018;35000;10721;44,1575023683018
06.11.2024;24279;2;0,00823825019565844;35000;10723;44,1693784240227;35000;10723;44,1693784240227;35000;10723;44,1693784240227
05.11.2024;24277;2;0,0082389289392379;33500;9225;38,0020597322348;35000;10725;44,1812564366632;33500;9225;38,0020597322348
04.11.2024;24275;2;0,00823960779466897;27300;3027;12,4706463972315;27300;3027;12,4706463972315;27300;3027;12,4706463972315
01.11.2024;24273;2;0,00824028676197932;25000;729;3,00358452474146;25000;729;3,00358452474146;25000;729;3,00358452474146
31.10.2024;24271;6;0,0247269730063878;26000;1735;7,15021636101381;26000;1735;7,15021636101381;26000;1735;7,15021636101381
30.10.2024;24265;2;0,00824300375056671;34500;10237;42,1918146972757;34500;10237;42,1918146972757;34500;10237;42,1918146972757
29.10.2024;24263;2;0,00824368327768847;35000;10739;44,2644573595482;35000;10739;44,2644573595482;34500;10239;42,2035365401261
28.10.2024;24261;2;0,0082443629168556;33750;9491;39,1236242219382;33750;9491;39,1236242219382;33750;9491;39,1236242219382
25.10.2024;24259;2;0,00824504266809581;35000;10743;44,2882466916766;35000;10743;44,2882466916766;35000;10743;44,2882466916766
24.10.2024;24257;6;0,0247412477835966;35000;10749;44,3239454043132;35000;10749;44,3239454043132;35000;10749;44,3239454043132
23.10.2024;24251;2;0,00824776279434203;35000;10751;44,3358489009856;35000;10751;44,3358489009856;35000;10751;44,3358489009856
22.10.2024;24249;2;0,00824844310636367;32000;7753;31,9750897018188;32000;7753;31,9750897018188;31500;7253;29,9129789252279
21.10.2024;24247;2;0,00824912353062487;41000;16755;69,1070323778099;41020;16775;69,1895236131161;41000;16755;69,1070323778099
18.10.2024;24245;2;0,00824980406715341;55000;30757;126,869611846719;55000;30757;126,869611846719;55000;30757;126,869611846719
17.10.2024;24243;6;0,0247555390518629;50000;25763;106,296158765524;50000;25763;106,296158765524;50000;25763;106,296158765524
16.10.2024;24237;2;0,0082525273364968;49500;25265;104,250051578296;52000;27765;114,565710748917;49500;25265;104,250051578296
15.10.2024;24235;2;0,00825320843477902;47000;22767;93,950398217307;59000;34767;143,469648825981;46500;22267;91,8870961086122
14.10.2024;24233;5,5;0,0227014755959137;52500;28272,5;116,69590341554;52520;28292,5;116,778454235889;52500;28272,5;116,69590341554
11.10.2024;24227,5;0;0;58000;33772,5;139,397379011454;58005;33777,5;139,418016716541;58000;33772,5;139,397379011454
10.10.2024;24227,5;22;0,0908884344467167;65000;40794,5;168,534010865299;65000;40794,5;168,534010865299;65000;40794,5;168,534010865299
09.10.2024;24205,5;5,5;0,0227272727272727;64000;39800;164,462809917355;66000;41800;172,727272727273;64000;39800;164,462809917355
08.10.2024;24200;5,5;0,0227324391907252;67000;42805,5;176,922441050652;69000;44805,5;185,188782574552;67000;42805,5;176,922441050652
07.10.2024;24194,5;5,5;0,022737608003638;72000;47811;197,655959320352;72000;47811;197,655959320352;70000;45811;189,38773822812
04.10.2024;24189;5,5;0,0227427791676143;72000;47816,5;197,72365455786;72000;47816,5;197,72365455786;72000;47816,5;197,72365455786
03.10.2024;24183,5;16,5;0,0682749203459263;73000;48833;202,064799106219;73000;48833;202,064799106219;73000;48833;202,064799106219
02.10.2024;24167;5,5;0,0227634873662645;74000;49838,5;206,272375473377;76000;51838,5;214,550007242928;74000;49838,5;206,272375473377
01.10.2024;24161,5;5,5;0,0227686703096539;79000;54844;227,040900811393;79300;55144;228,282828282828;79000;54844;227,040900811393
30.09.2024;24156;5,5;0,0227738556137554;79500;55349,5;229,185731144283;80000;55849,5;231,256081654624;79500;55349,5;229,185731144283
27.09.2024;24150,5;5,5;0,0227790432801822;79000;54855;227,189894388072;81000;56855;235,473182853593;79000;54855;227,189894388072
26.09.2024;24145;16,5;0,0683838614087075;80500;56371,5;233,630354145513;80500;56371,5;233,630354145513;80500;56371,5;233,630354145513
25.09.2024;24128,5;5,5;0,0227998176014592;81000;56877;235,779131948763;81000;56877;235,779131948763;81000;56877;235,779131948763
24.09.2024;24123;6;0,0248787162582411;83000;58883;244,155574905668;83000;58883;244,155574905668;83000;58883;244,155574905668
23.09.2024;24117;5;0,0207365627073656;95000;70888;293,994691439947;95000;70888;293,994691439947;91000;66888;277,405441274054
20.09.2024;24112;5;0,0207408636495624;91000;66893;277,483718422035;91000;66893;277,483718422035;91000;66893;277,483718422035
19.09.2024;24107;16;0,0664148437175709;91000;66909;277,734423643684;91000;66909;277,734423643684;91000;66909;277,734423643684
18.09.2024;24091;5;0,0207589471062028;91000;66914;277,81283733289;91000;66914;277,81283733289;91000;66914;277,81283733289
17.09.2024;24086;5;0,0207632573398115;91000;66919;277,891283584569;91000;66919;277,891283584569;91000;66919;277,891283584569
16.09.2024;24081;5,5;0,0228448007310336;92500;68424,5;284,208012294656;92500;68424,5;284,208012294656;92500;68424,5;284,208012294656
13.09.2024;24075,5;5,5;0,0228500207727462;91000;66930;278,063980058164;91000;66930;278,063980058164;91000;66930;278,063980058164
12.09.2024;24070;17;0,070677254396541;90000;65947;274,173699746393;90000;65947;274,173699746393;88000;63947;265,858728640918
11.09.2024;24053;5;0,020791749833666;93000;68952;286,726546906188;93000;68952;286,726546906188;93000;68952;286,726546906188
10.09.2024;24048;6;0,0249563264287497;94500;70458;293,062141252808;94500;70458;293,062141252808;94500;70458;293,062141252808
09.09.2024;24042;5;0,0208012647168948;95000;70963;295,224029621001;95000;70963;295,224029621001;95000;70963;295,224029621001
06.09.2024;24037;5;0,0208055925432756;89000;64968;270,339547270306;89000;64968;270,339547270306;88500;64468;268,258988015979
05.09.2024;24032;16;0,0666222518321119;83000;58984;245,602931379081;83000;58984;245,602931379081;83000;58984;245,602931379081
04.09.2024;24016;5;0,020823789096664;81000;56989;237,345383365957;81000;56989;237,345383365957;81000;56989;237,345383365957
03.09.2024;24011;5;0,0208281263017579;80000;55994;233,250020828126;80000;55994;233,250020828126;80000;55994;233,250020828126
02.09.2024;24006;5,5;0,0229161892460574;82000;57999,5;241,659548759401;82000;57999,5;241,659548759401;82000;57999,5;241,659548759401
30.08.2024;24000,5;0;0;81000;56999,5;237,492968896481;81000;56999,5;237,492968896481;81000;56999,5;237,492968896481
29.08.2024;24000,5;21,5;0,089661787397306;80500;56521;235,710413278285;80500;56521;235,710413278285;80500;56521;235,710413278285
28.08.2024;23979;5,5;0,0229419984566292;80000;56026,5;233,701795732788;80000;56026,5;233,701795732788;80000;56026,5;233,701795732788
27.08.2024;23973,5;5,5;0,0229472630173565;74500;50532;210,831108144192;74500;50532;210,831108144192;74000;50032;208,744993324433
23.08.2024;23968;5;0,0208655009806785;74000;50037;208,809414514042;74000;50037;208,809414514042;74000;50037;208,809414514042
22.08.2024;23963;-578;-2,35524224766717;72000;47459;193,386577564076;75000;50459;205,611018295913;72000;47459;193,386577564076
21.08.2024;24541;5;0,0203782197587219;70000;45464;185,295076622106;70000;45464;185,295076622106;70000;45464;185,295076622106
20.08.2024;24536;5;0,0203823733235498;69500;44969;183,314989197342;69500;44969;183,314989197342;69500;44969;183,314989197342
19.08.2024;24531;5;0,0203865285819131;66000;41474;169,102177281253;66000;41474;169,102177281253;66000;41474;169,102177281253
16.08.2024;24526;-1096;-4,27757395987823;68000;42378;165,396924517992;68000;42378;165,396924517992;68000;42378;165,396924517992
15.08.2024;25622;-486;-1,86149839129769;62000;35892;137,475103416577;62000;35892;137,475103416577;62000;35892;137,475103416577
14.08.2024;26108;4;0,0153233220962305;61000;34896;133,680661967515;61000;34896;133,680661967515;61000;34896;133,680661967515
13.08.2024;26104;5;0,0191578221387793;61500;35401;135,641212306985;61750;35651;136,599103413924;61500;35401;135,641212306985
12.08.2024;26099;4;0,0153286070128377;61000;34905;133,761256945775;61000;34905;133,761256945775;61000;34905;133,761256945775
09.08.2024;26095;5;0,0191644308164048;60500;34410;131,889612878498;61000;34910;133,806055960138;60500;34410;131,889612878498
08.08.2024;26090;13;0,0498523603175212;60000;33923;130,087816850098;60000;33923;130,087816850098;60000;33923;130,087816850098
07.08.2024;26077;4;0,0153415410577993;60000;33927;130,123115866989;60000;33927;130,123115866989;60000;33927;130,123115866989
06.08.2024;26073;4;0,0153438950477579;60000;33931;130,158425716368;60000;33931;130,158425716368;60000;33931;130,158425716368
05.08.2024;26069;4;0,0153462497602148;61000;34935;134,030308843276;62000;35935;137,86687128333;61000;34935;134,030308843276
02.08.2024;26065;4;0,0153486051955029;58500;32439;124,473350984229;58750;32689;125,432638808948;58500;32439;124,473350984229
01.08.2024;26061;-116;-0,443137105092257;59000;32823;125,38870000382;59000;32823;125,38870000382;59000;32823;125,38870000382
31.07.2024;26177;0;0;59000;32823;125,38870000382;59000;32823;125,38870000382;59000;32823;125,38870000382
30.07.2024;26177;0;0;60500;34323;131,118921190358;60500;34323;131,118921190358;60000;33823;129,208847461512
29.07.2024;26177;-13;-0,0496372661321115;61000;34810;132,913325696831;61000;34810;132,913325696831;61000;34810;132,913325696831
26.07.2024;26190;4;0,0152753379668525;61000;34814;132,948903994501;61000;34814;132,948903994501;61000;34814;132,948903994501
25.07.2024;26186;9;0,0343813271192268;60000;33823;129,208847461512;60000;33823;129,208847461512;60000;33823;129,208847461512
24.07.2024;26177;0;0;60000;33823;129,208847461512;60000;33823;129,208847461512;60000;33823;129,208847461512
23.07.2024;26177;0;0;56000;29823;113,928257630745;56500;30323;115,83833135959;56000;29823;113,928257630745
22.07.2024;26177;-13;-0,0496372661321115;55500;29310;111,912943871707;55500;29310;111,912943871707;55500;29310;111,912943871707
19.07.2024;26190;4;0,0152753379668525;59000;32814;125,311235011075;59000;32814;125,311235011075;59000;32814;125,311235011075
18.07.2024;26186;9;0,0343813271192268;58900;32723;125,006685258051;58900;32723;125,006685258051;57500;31323;119,658478817282
17.07.2024;26177;0;0;58500;32323;123,478626274974;58500;32323;123,478626274974;58500;32323;123,478626274974
16.07.2024;26177;-1;-0,00382000152800061;59000;32822;125,380090152036;59000;32822;125,380090152036;59000;32822;125,380090152036
15.07.2024;26178;-20,5;-0,0782487546996965;58000;31801,5;121,386720613776;58000;31801,5;121,386720613776;58000;31801,5;121,386720613776
12.07.2024;26198,5;-525,5;-1,96639724592127;56000;29276;109,549468642419;56000;29276;109,549468642419;56000;29276;109,549468642419
11.07.2024;26724;-1;-0,00374181478016838;56000;29275;109,541627689429;56000;29275;109,541627689429;56000;29275;109,541627689429
10.07.2024;26725;-4;-0,0149650192674623;56100;29371;109,884395226159;56100;29371;109,884395226159;56100;29371;109,884395226159
09.07.2024;26729;-4;-0,0149627800845397;54500;27767;103,867878651854;55000;28267;105,738226162421;54500;27767;103,867878651854
08.07.2024;26733;-20;-0,0747579710686652;54500;27747;103,715471162113;54500;27747;103,715471162113;54500;27747;103,715471162113
05.07.2024;26753;1,5;0,00560716221520289;54500;27748,5;103,726893819038;54500;27748,5;103,726893819038;54500;27748,5;103,726893819038
04.07.2024;26751,5;-0,5;-0,00186901913875598;54500;27748;103,723086124402;54500;27748;103,723086124402;54500;27748;103,723086124402
03.07.2024;26752;-5;-0,0186866988077886;54000;27243;101,816347124117;54000;27243;101,816347124117;54000;27243;101,816347124117
02.07.2024;26757;-2;-0,00747412085653425;54750;27991;104,604058447625;54750;27991;104,604058447625;54750;27991;104,604058447625
01.07.2024;26759;-19,5;-0,0728196127490337;53000;26221,5;97,9199731127584;53000;26221,5;97,9199731127584;53000;26221,5;97,9199731127584
28.06.2024;26778,5;1,5;0,00560182245957351;55000;28223;105,400156851029;55000;28223;105,400156851029;55000;28223;105,400156851029
27.06.2024;26777;-1;-0,00373440884308014;54000;27222;101,658077526328;55000;28222;105,392486369408;54000;27222;101,658077526328
26.06.2024;26778;-4;-0,0149354043760735;55000;28218;105,36181017101;55000;28218;105,36181017101;55000;28218;105,36181017101
25.06.2024;26782;-4;-0,0149331740461435;55000;28214;105,331143134473;55000;28214;105,331143134473;55000;28214;105,331143134473
24.06.2024;26786;-20;-0,0746101619040513;55500;28694;107,043199283742;55500;28694;107,043199283742;55500;28694;107,043199283742
21.06.2024;26806;2;0,00746157289956723;55500;28696;107,058647962991;55500;28696;107,058647962991;55500;28696;107,058647962991
20.06.2024;26804;0;0;55500;28696;107,058647962991;55500;28696;107,058647962991;55500;28696;107,058647962991
19.06.2024;26804;-3;-0,0111911068004626;54500;27693;103,30510687507;54500;27693;103,30510687507;54500;27693;103,30510687507
18.06.2024;26807;-3;-0,0111898545318911;55000;28190;105,14733308467;55000;28190;105,14733308467;55000;28190;105,14733308467
17.06.2024;26810;-22;-0,0819916517590936;54750;27918;104,04740608229;54000;27168;101,252236135957;53000;26168;97,5253428741801
14.06.2024;26832;0;0;53000;26168;97,5253428741801;53000;26168;97,5253428741801;53000;26168;97,5253428741801
13.06.2024;26832;-6;-0,0223563603845294;53000;26162;97,4811833966764;53000;26162;97,4811833966764;53000;26162;97,4811833966764
12.06.2024;26838;-5;-0,018626830086056;53000;26157;97,4443989121931;53000;26157;97,4443989121931;52000;25157;93,7190328949819
11.06.2024;26843;-5,5;-0,0204853157532078;52000;25151,5;93,6793489394193;52100;25251,5;94,0518092258413;51500;24651,5;91,8170475073095
10.06.2024;26848,5;-21,5;-0,0800148864905099;52100;25230;93,8965388909565;51090;24220;90,1377000372162;51090;24220;90,1377000372162
07.06.2024;26870;0;0;51090;24220;90,1377000372162;51000;24130;89,8027540007443;51000;24130;89,8027540007443
06.06.2024;26870;-5;-0,0186046511627907;51000;24125;89,7674418604651;51000;24125;89,7674418604651;51000;24125;89,7674418604651
05.06.2024;26875;-6;-0,0223205981920315;51000;24119;89,7250846322681;51000;24119;89,7250846322681;51000;24119;89,7250846322681
04.06.2024;26881;-5;-0,0185970393513353;51000;24114;89,6898013836197;51000;24114;89,6898013836197;50990;24104;89,6526073049171
03.06.2024;26886;-22;-0,0817600713542441;51000;24092;89,5347108666568;50000;23092;85,8183439869184;49990;23082;85,781180318121
31.05.2024;26908;0;0;50000;23092;85,8183439869184;49000;22092;82,10197710718;48490;21582;80,2066299985135
30.05.2024;26908;-5;-0,0185783821944785;49000;22087;82,0681455058893;48490;21577;80,1731505220525;48490;21577;80,1731505220525
29.05.2024;26913;-5;-0,0185749312727543;48490;21572;80,1396834831711;47500;20582;76,4618470911658;47500;20582;76,4618470911658
28.05.2024;26918;-27;-0,100204119502691;47500;20555;76,2850250510299;47500;20555;76,2850250510299;46990;20045;74,3922805715346
24.05.2024;26945;0;0;47000;20055;74,4293932083875;47500;20555;76,2850250510299;46000;19055;70,7181295231026
23.05.2024;26945;-5;-0,0185528756957328;46000;19050;70,6864564007421;44000;17050;63,265306122449;42990;16040;59,5176252319109
22.05.2024;26950;-730;-2,63728323699422;43000;15320;55,3468208092486;43000;15320;55,3468208092486;42490;14810;53,5043352601156
21.05.2024;27680;-4;-0,0144487790781679;43000;15316;55,3243750903049;42000;14316;51,7121803207629;42000;14316;51,7121803207629
20.05.2024;27684;-18;-0,0649772579597141;42000;14298;51,6136019059996;39750;12048;43,4914446610353;39750;12048;43,4914446610353
17.05.2024;27702;0;0;39750;12048;43,4914446610353;38250;10548;38,0766731643925;38250;10548;38,0766731643925
16.05.2024;27702;-4;-0,0144373059987006;38250;10544;38,0567386125749;37500;9794;35,3497437378185;37500;9794;35,3497437378185
15.05.2024;27706;-4;-0,0144352219415374;37500;9790;35,3302057019127;37250;9540;34,4280043305666;37250;9540;34,4280043305666
14.05.2024;27710;-4,5;-0,0162369878583413;37250;9535,5;34,4061772718252;37000;9285,5;33,5041223908063;37000;9285,5;33,5041223908063
13.05.2024;27714,5;-13,5;-0,0486872475476053;37000;9272;33,4391229082516;37000;9272;33,4391229082516;37000;9272;33,4391229082516
10.05.2024;27728;4;0,014427932477276;37000;9276;33,4583754148031;36500;8776;31,6548838551436;36500;8776;31,6548838551436
09.05.2024;27724;8,5;0,0306687593584817;36500;8784,5;31,6952607746568;36000;8284,5;29,8912161065108;36000;8284,5;29,8912161065108
08.05.2024;27715,5;0;0;36000;8284,5;29,8912161065108;35000;7284,5;26,2831267702188;35000;7284,5;26,2831267702188
07.05.2024;27715,5;-17,5;-0,0631017199725958;35000;7267;26,2034399451916;34750;7017;25,301986802726;34750;7017;25,301986802726
03.05.2024;27733;4;0,0144253308810271;34750;7021;25,3200620289228;34200;6471;23,3365790327816;34000;6271;22,6153124887302
02.05.2024;27729;12;0,0432947288667605;34000;6283;22,6683984558213;33500;5783;20,8644514197063;33500;5783;20,8644514197063
01.05.2024;27717;-4;-0,014429493885502;33500;5779;20,847011291079;33300;5579;20,1255365968039;33200;5479;19,7647992496663
30.04.2024;27721;0;0;33200;5479;19,7647992496663;33000;5279;19,0433245553912;33000;5279;19,0433245553912
29.04.2024;27721;-9;-0,0324558240173098;33000;5270;19,0046880634692;32500;4770;17,2015867291742;32500;4770;17,2015867291742
26.04.2024;27730;0;0;32500;4770;17,2015867291742;;;;;;
25.04.2024;27730;8;0,0288579467570882;;;;;;;;;
24.04.2024;27722;0;0;;;;;;;;;
23.04.2024;27722;0;0;;;;;;;;;
22.04.2024;27722;-9;-0,0324546536367242;;;;;;;;;
19.04.2024;27731;0;0;;;;;;;;;
18.04.2024;27731;8;0,0288569058182736;;;;;;;;;
17.04.2024;27723;4;0,0144305350120856;;;;;;;;;
16.04.2024;27719;4;0,0144326177160382;;;;;;;;;
15.04.2024;27715;5;0,0180440274269217;;;;;;;;;
12.04.2024;27710;-716,5;-2,52053541589714;;;;;;;;;
11.04.2024;28426,5;15,5;0,0545563338143677;;;;;;;;;
10.04.2024;28411;5,5;0,019362447413353;;;;;;;;;
09.04.2024;28405,5;5,5;0,0193661971830986;;;;;;;;;
08.04.2024;28400;5;0,0176087339320303;;;;;;;;;
05.04.2024;28395;5;0,017611835153223;;;;;;;;;
04.04.2024;28390;16;0,0563896524987665;;;;;;;;;
03.04.2024;28374;5;0,0176248722196764;;;;;;;;;
02.04.2024;28369;5,5;0,0193911188675587;;;;;;;;;
28.03.2024;28363,5;5,5;0,0193948797517455;;;;;;;;;
27.03.2024;28358;26,5;0,0935354640594391;;;;;;;;;
26.03.2024;28331,5;5,5;0,019416790228059;;;;;;;;;
25.03.2024;28326;5,5;0,0194205610776646;;;;;;;;;
22.03.2024;28320,5;5,5;0,0194243333921949;;;;;;;;;
21.03.2024;28315;16;0,0565391003215661;;;;;;;;;
20.03.2024;28299;5,5;0,0194390937847916;;;;;;;;;
19.03.2024;28293,5;5,5;0,0194428733031674;;;;;;;;;
18.03.2024;28288;5,5;0,019446654291523;;;;;;;;;
15.03.2024;28282,5;5,5;0,0194504367507161;;;;;;;;;
14.03.2024;28277;16;0,0566151233148155;;;;;;;;;
13.03.2024;28261;5,5;0,0194652368565412;;;;;;;;;
12.03.2024;28255,5;5,5;0,0194690265486726;;;;;;;;;
11.03.2024;28250;5,5;0,0194728177167236;;;;;;;;;
08.03.2024;28244,5;5,5;0,0194766103615567;;;;;;;;;
07.03.2024;28239;16;0,0566913510257591;;;;;;;;;
06.03.2024;28223;5;0,0177191863349635;;;;;;;;;
05.03.2024;28218;5;0,0177223265870343;;;;;;;;;
04.03.2024;28213;5,5;0,0194983603651511;;;;;;;;;
01.03.2024;28207,5;5,5;0,0195021629671654;;;;;;;;;
29.02.2024;28202;16;0,056765770240545;;;;;;;;;
28.02.2024;28186;5,5;0,0195170419261546;;;;;;;;;
27.02.2024;28180,5;5,5;0,0195208518189885;;;;;;;;;
26.02.2024;28175;5,5;0,0195246631995598;;;;;;;;;
23.02.2024;28169,5;5,5;0,0195284760687402;;;;;;;;;
22.02.2024;28164;16;0,0568424044337075;;;;;;;;;
21.02.2024;28148;5,5;0,0195433952207515;;;;;;;;;
20.02.2024;28142,5;5,5;0,0195472154103138;;;;;;;;;
19.02.2024;28137;4,5;0,0159957344708078;;;;;;;;;
16.02.2024;28132,5;0;0;;;;;;;;;
15.02.2024;28132,5;17;0,0604648681332361;;;;;;;;;
14.02.2024;28115,5;4,5;0,0160079684109423;;;;;;;;;
13.02.2024;28111;4;0,0142313302735973;;;;;;;;;
12.02.2024;28107;4,5;0,0160128102481986;;;;;;;;;
09.02.2024;28102,5;4,5;0,0160153747597694;;;;;;;;;
08.02.2024;28098;-577;-2,01220575414124;;;;;;;;;
07.02.2024;28675;4,5;0,015695575591636;;;;;;;;;
06.02.2024;28670,5;4,5;0,0156980394892904;;;;;;;;;
05.02.2024;28666;-22;-0,0766871165644172;;;;;;;;;
02.02.2024;28688;-1;-0,00348565652340618;;;;;;;;;
01.02.2024;28689;7,5;0,0261492599759427;;;;;;;;;
31.01.2024;28681,5;4,5;0,015692017993514;;;;;;;;;
30.01.2024;28677;-1;-0,00348699351419206;;;;;;;;;
29.01.2024;28678;-12;-0,0418264203555246;;;;;;;;;
26.01.2024;28690;-1;-0,00348541354431703;;;;;;;;;
25.01.2024;28691;8;0,0278910853118572;;;;;;;;;
24.01.2024;28683;-1;-0,00348626411936968;;;;;;;;;
23.01.2024;28684;-1;-0,00348614258323165;;;;;;;;;
22.01.2024;28685;-11,5;-0,0400745735542662;;;;;;;;;
19.01.2024;28696,5;-1;-0,00348462409617563;;;;;;;;;
18.01.2024;28697,5;7,5;0,0261415127222029;;;;;;;;;
17.01.2024;28690;-0,75;-0,00261408293613795;;;;;;;;;
16.01.2024;28690,75;-0,75;-0,00261401460362825;;;;;;;;;
15.01.2024;28691,5;-10,25;-0,0357121081467158;;;;;;;;;
12.01.2024;28701,75;-5,25;-0,0182882223847842;;;;;;;;;
11.01.2024;28707;16,75;0,0583822030132188;;;;;;;;;
10.01.2024;28690,25;0,25;0,000871383757406762;;;;;;;;;
09.01.2024;28690;0,5;0,00174279788772896;;;;;;;;;
08.01.2024;28689,5;-10,5;-0,0365853658536585;;;;;;;;;
05.01.2024;28700;0;0;;;;;;;;;
04.01.2024;28700;11;0,038342221757468;;;;;;;;;
03.01.2024;28689;0;0;;;;;;;;;
02.01.2024;28689;-21,5;-0,0748854948537991;;;;;;;;;
29.12.2023;28710,5;5,5;0,0191604250130639;;;;;;;;;
28.12.2023;28705;17;0,0592582264361405;;;;;;;;;
27.12.2023;28688;-21;-0,0731477933748999;;;;;;;;;
22.12.2023;28709;0;0;;;;;;;;;
21.12.2023;28709;22;0,076689789800258;;;;;;;;;
20.12.2023;28687;0;0;;;;;;;;;
19.12.2023;28687;-0,5;-0,00174291938997821;;;;;;;;;
18.12.2023;28687,5;-11,5;-0,040071082616119;;;;;;;;;
15.12.2023;28699;-1;-0,00348432055749129;;;;;;;;;
14.12.2023;28700;-680;-2,3144996596324;;;;;;;;;
13.12.2023;29380;-725;-2,4082378342468;;;;;;;;;
12.12.2023;30105;-725;-2,35160557898151;;;;;;;;;
11.12.2023;30830;-725;-2,29757566154334;;;;;;;;;
08.12.2023;31555;-725;-2,24597273853779;;;;;;;;;
07.12.2023;32280;-713;-2,16106446822053;;;;;;;;;
06.12.2023;32993;-1;-0,00303085409468388;;;;;;;;;
05.12.2023;32994;-1;-0,00303076223670253;;;;;;;;;
04.12.2023;32995;-12;-0,0363559245008635;;;;;;;;;
01.12.2023;33007;-1;-0,00302956858943286;;;;;;;;;
30.11.2023;33008;13;0,0393999090771329;;;;;;;;;
29.11.2023;32995;-1;-0,003030670384289;;;;;;;;;
28.11.2023;32996;-1;-0,0030305785374428;;;;;;;;;
27.11.2023;32997;-17;-0,0514933058702369;;;;;;;;;
24.11.2023;33014;4;0,0121175401393517;;;;;;;;;
23.11.2023;33010;8;0,0242409550936307;;;;;;;;;
22.11.2023;33002;-5;-0,0151483018753598;;;;;;;;;
21.11.2023;33007;4;0,0121201102930037;;;;;;;;;
20.11.2023;33003;-13;-0,0393748485582748;;;;;;;;;
17.11.2023;33016;4;0,0121168060099358;;;;;;;;;
16.11.2023;33012;9;0,0272702481592582;;;;;;;;;
15.11.2023;33003;0;0;;;;;;;;;
14.11.2023;33003;0;0;;;;;;;;;
13.11.2023;33003;-12;-0,036347114947751;;;;;;;;;
10.11.2023;33015;5,5;0,0166618700677078;;;;;;;;;
09.11.2023;33009,5;12;0,0363663913932874;;;;;;;;;
08.11.2023;32997,5;1;0,00303062446017002;;;;;;;;;
07.11.2023;32996,5;1;0,00303071630979982;;;;;;;;;
06.11.2023;32995,5;-11,5;-0,0348410943133275;;;;;;;;;
03.11.2023;33007;5;0,0151505969335192;;;;;;;;;
02.11.2023;33002;12;0,036374658987572;;;;;;;;;
01.11.2023;32990;1,5;0,00454703911969323;;;;;;;;;
31.10.2023;32988,5;1,5;0,00454724588474247;;;;;;;;;
30.10.2023;32987;-12;-0,0363647383254038;;;;;;;;;
27.10.2023;32999;5;0,0151542704734194;;;;;;;;;
26.10.2023;32994;12;0,0363834818992178;;;;;;;;;
25.10.2023;32982;1;0,00303204875534399;;;;;;;;;
24.10.2023;32981;1;0,00303214069132808;;;;;;;;;
23.10.2023;32980;-12;-0,036372453928225;;;;;;;;;
20.10.2023;32992;5,5;0,0166734876388826;;;;;;;;;
19.10.2023;32986,5;11,5;0,0348749052312358;;;;;;;;;
18.10.2023;32975;1;0,00303269242433432;;;;;;;;;
17.10.2023;32974;0;0;;;;;;;;;
16.10.2023;32974;-16,5;-0,050014398084297;;;;;;;;;
13.10.2023;32990,5;5,5;0,0166742458693345;;;;;;;;;
12.10.2023;32985;10;0,0303260045489007;;;;;;;;;
11.10.2023;32975;0;0;;;;;;;;;
10.10.2023;32975;0;0;;;;;;;;;
09.10.2023;32975;-16;-0,0484980752326392;;;;;;;;;
06.10.2023;32991;0;0;;;;;;;;;
05.10.2023;32991;16;0,0485216072782411;;;;;;;;;
04.10.2023;32975;0;0;;;;;;;;;
03.10.2023;32975;0;0;;;;;;;;;
02.10.2023;32975;-15,5;-0,0469832224428244;;;;;;;;;
29.09.2023;32990,5;0;0;;;;;;;;;
28.09.2023;32990,5;10,5;0,0318374772589448;;;;;;;;;
27.09.2023;32980;5,5;0,0166795554140321;;;;;;;;;
26.09.2023;32974,5;5,5;0,0166823379538354;;;;;;;;;
25.09.2023;32969;-21;-0,063655653228251;;;;;;;;;
22.09.2023;32990;0;0;;;;;;;;;
21.09.2023;32990;11;0,0333545589617635;;;;;;;;;
20.09.2023;32979;1;0,00303232458002305;;;;;;;;;
19.09.2023;32978;1;0,00303241653273494;;;;;;;;;
18.09.2023;32977;-9;-0,0272843024313345;;;;;;;;;
15.09.2023;32986;0;0;;;;;;;;;
14.09.2023;32986;8;0,0242585966401844;;;;;;;;;
13.09.2023;32978;-0,5;-0,00151613930287915;;;;;;;;;
12.09.2023;32978,5;0;0;;;;;;;;;
11.09.2023;32978,5;-8,5;-0,0257677266802074;;;;;;;;;
08.09.2023;32987;0,5;0,00151577160353478;;;;;;;;;
07.09.2023;32986,5;8,5;0,0257747589301959;;;;;;;;;
06.09.2023;32978;0;0;;;;;;;;;
05.09.2023;32978;0;0;;;;;;;;;
04.09.2023;32978;-8,5;-0,0257681172600912;;;;;;;;;
01.09.2023;32986,5;-4,5;-0,0136400836591798;;;;;;;;;
31.08.2023;32991;17;0,0515557712136835;;;;;;;;;
30.08.2023;32974;0;0;;;;;;;;;
29.08.2023;32974;-17;-0,0515292049346792;;;;;;;;;
25.08.2023;32991;4;0,0121259890259799;;;;;;;;;
24.08.2023;32987;16,5;0,0500447369618295;;;;;;;;;
23.08.2023;32970,5;-4,5;-0,0136467020470053;;;;;;;;;
22.08.2023;32975;0;0;;;;;;;;;
21.08.2023;32975;-12,5;-0,0378931413414172;;;;;;;;;
18.08.2023;32987,5;4,5;0,0136433920504502;;;;;;;;;
17.08.2023;32983;8,5;0,0257774947307768;;;;;;;;;
16.08.2023;32974,5;0;0;;;;;;;;;
15.08.2023;32974,5;-0,5;-0,00151630022744503;;;;;;;;;
14.08.2023;32975;-16;-0,0484980752326392;;;;;;;;;
11.08.2023;32991;5,5;0,0166739931181883;;;;;;;;;
10.08.2023;32985,5;10,5;0,0318423047763457;;;;;;;;;
09.08.2023;32975;0;0;;;;;;;;;
08.08.2023;32975;-0,5;-0,00151627723612985;;;;;;;;;
07.08.2023;32975,5;-16;-0,0484973402239971;;;;;;;;;
04.08.2023;32991,5;5;0,0151577160353478;;;;;;;;;
03.08.2023;32986,5;10,5;0,0318413391557496;;;;;;;;;
02.08.2023;32976;0;0;;;;;;;;;
01.08.2023;32976;0;0;;;;;;;;;
31.07.2023;32976;-16;-0,0484966052376334;;;;;;;;;
28.07.2023;32992;5,5;0,0166734876388826;;;;;;;;;
27.07.2023;32986,5;10,5;0,0318413391557496;;;;;;;;;
26.07.2023;32976;0;0;;;;;;;;;
25.07.2023;32976;-0,25;-0,000758121375232175;;;;;;;;;
24.07.2023;32976,25;-16,25;-0,0492536182465712;;;;;;;;;
21.07.2023;32992,5;5,5;0,0166732349107224;;;;;;;;;
20.07.2023;32987;10;0,0303241653273494;;;;;;;;;
19.07.2023;32977;0;0;;;;;;;;;
18.07.2023;32977;0;0;;;;;;;;;
17.07.2023;32977;-17;-0,051524519609626;;;;;;;;;
14.07.2023;32994;5,5;0,0166724767722085;;;;;;;;;
13.07.2023;32988,5;10,5;0,031839408090242;;;;;;;;;
12.07.2023;32978;-0,5;-0,00151613930287915;;;;;;;;;
11.07.2023;32978,5;0,5;0,00151616229001152;;;;;;;;;
10.07.2023;32978;-16;-0,0484936655149421;;;;;;;;;
07.07.2023;32994;5,5;0,0166724767722085;;;;;;;;;
06.07.2023;32988,5;10;0,030322786057583;;;;;;;;;
05.07.2023;32978,5;0;0;;;;;;;;;
04.07.2023;32978,5;0;0;;;;;;;;;
03.07.2023;32978,5;-21,5;-0,0651515151515152;;;;;;;;;
30.06.2023;33000;2050;6,62358642972536;;;;;;;;;
29.06.2023;30950;1866;6,41589877595929;;;;;;;;;
28.06.2023;29084;0;0;;;;;;;;;
27.06.2023;29084;0;0;;;;;;;;;
26.06.2023;29084;-16;-0,0549828178694158;;;;;;;;;
23.06.2023;29100;5;0,0171850833476542;;;;;;;;;
22.06.2023;29095;11;0,037821482602118;;;;;;;;;
21.06.2023;29084;0;0;;;;;;;;;
20.06.2023;29084;1;0,0034384348244679;;;;;;;;;
19.06.2023;29083;-13;-0,0446796810558152;;;;;;;;;
16.06.2023;29096;0;0;;;;;;;;;
15.06.2023;29096;13;0,0446996527180827;;;;;;;;;
14.06.2023;29083;0;0;;;;;;;;;
13.06.2023;29083;0;0;;;;;;;;;
12.06.2023;29083;-13;-0,0446796810558152;;;;;;;;;
09.06.2023;29096;4;0,0137494843943352;;;;;;;;;
08.06.2023;29092;9;0,0309459134202111;;;;;;;;;
07.06.2023;29083;0;0;;;;;;;;;
06.06.2023;29083;0;0;;;;;;;;;
05.06.2023;29083;-13;-0,0446796810558152;;;;;;;;;
02.06.2023;29096;4;0,0137494843943352;;;;;;;;;
01.06.2023;29092;9;0,0309459134202111;;;;;;;;;
31.05.2023;29083;0;0;;;;;;;;;
30.05.2023;29083;-17;-0,0584192439862543;;;;;;;;;
26.05.2023;29100;-650;-2,18487394957983;;;;;;;;;
25.05.2023;29750;0;0;;;;;;;;;
24.05.2023;29750;-4734;-13,7281057881916;;;;;;;;;
23.05.2023;34484;0;0;;;;;;;;;
22.05.2023;34484;-12,5;-0,0362355601292885;;;;;;;;;
19.05.2023;34496,5;4,5;0,0130465035370521;;;;;;;;;
18.05.2023;34492;9;0,0260998173012789;;;;;;;;;
17.05.2023;34483;0;0;;;;;;;;;
16.05.2023;34483;-1;-0,00289989560375826;;;;;;;;;
15.05.2023;34484;-16;-0,0463768115942029;;;;;;;;;
12.05.2023;34500;6;0,0173943294485998;;;;;;;;;
11.05.2023;34494;11;0,0318997767015631;;;;;;;;;
10.05.2023;34483;0;0;;;;;;;;;
09.05.2023;34483;-21,5;-0,0623107130953934;;;;;;;;;
05.05.2023;34504,5;5,5;0,0159424910866982;;;;;;;;;
04.05.2023;34499;16;0,0463996752022736;;;;;;;;;
03.05.2023;34483;0;0;;;;;;;;;
02.05.2023;34483;-22;-0,0637588755252862;;;;;;;;;
28.04.2023;34505;0;0;;;;;;;;;
27.04.2023;34505;17;0,0492925075388541;;;;;;;;;
26.04.2023;34488;0;0;;;;;;;;;
25.04.2023;34488;0;0;;;;;;;;;
24.04.2023;34488;-11;-0,0318849821733963;;;;;;;;;
21.04.2023;34499;0;0;;;;;;;;;
20.04.2023;34499;11;0,0318951519369056;;;;;;;;;
19.04.2023;34488;0;0;;;;;;;;;
18.04.2023;34488;0;0;;;;;;;;;
17.04.2023;34488;-11;-0,0318849821733963;;;;;;;;;
14.04.2023;34499;-1;-0,00289855072463768;;;;;;;;;
13.04.2023;34500;8;0,0231937840658703;;;;;;;;;
12.04.2023;34492;-1;-0,00289913895573015;;;;;;;;;
11.04.2023;34493;-22;-0,0637404027234536;;;;;;;;;
06.04.2023;34515;-1;-0,00289720709236296;;;;;;;;;
05.04.2023;34516;22;0,0637792079781991;;;;;;;;;
04.04.2023;34494;-6;-0,0173913043478261;;;;;;;;;
03.04.2023;34500;-12;-0,0347705146036161;;;;;;;;;
31.03.2023;34512;4;0,0115915150110119;;;;;;;;;
30.03.2023;34508;8;0,0231884057971014;;;;;;;;;
29.03.2023;34500;500;1,47058823529412;;;;;;;;;
28.03.2023;34000;249;0,73775591834316;;;;;;;;;
27.03.2023;33751;-16,5;-0,0488635522321759;;;;;;;;;
24.03.2023;33767,5;4,5;0,0133281995083375;;;;;;;;;
23.03.2023;33763;8;0,0237001925640646;;;;;;;;;
22.03.2023;33755;-1;-0,00296243630761939;;;;;;;;;
21.03.2023;33756;0,5;0,00148124009420687;;;;;;;;;
20.03.2023;33755,5;-12,5;-0,037017294479981;;;;;;;;;
17.03.2023;33768;4;0,011846937566639;;;;;;;;;
16.03.2023;33764;9;0,0266627166345727;;;;;;;;;
15.03.2023;33755;0;0;;;;;;;;;
14.03.2023;33755;0;0;;;;;;;;;
13.03.2023;33755;-12;-0,0355376551070572;;;;;;;;;
10.03.2023;33767;5,5;0,0162907453756498;;;;;;;;;
09.03.2023;33761,5;11,5;0,0340740740740741;;;;;;;;;
08.03.2023;33750;1;0,00296305075705947;;;;;;;;;
07.03.2023;33749;1;0,0029631385563589;;;;;;;;;
06.03.2023;33748;-12;-0,0355450236966825;;;;;;;;;
03.03.2023;33760;5,5;0,0162941237464634;;;;;;;;;
02.03.2023;33754,5;11,5;0,0340811427555345;;;;;;;;;
01.03.2023;33743;-3;-0,00888994251170509;;;;;;;;;
28.02.2023;33746;-12;-0,0355471295692873;;;;;;;;;
27.02.2023;33758;-3;-0,00888599271348597;;;;;;;;;
24.02.2023;33761;0;0;;;;;;;;;
23.02.2023;33761;11;0,0325925925925926;;;;;;;;;
22.02.2023;33750;-1506;-4,2716133424098;;;;;;;;;
21.02.2023;35256;-7;-0,0198508351529932;;;;;;;;;
20.02.2023;35263;-3;-0,00850677706572903;;;;;;;;;
17.02.2023;35266;-5;-0,0141759519151711;;;;;;;;;
16.02.2023;35271;16;0,0453836335271593;;;;;;;;;
15.02.2023;35255;5;0,0141843971631206;;;;;;;;;
14.02.2023;35250;-3243;-8,42490842490842;;;;;;;;;
13.02.2023;38493;-6;-0,0155848203849451;;;;;;;;;
10.02.2023;38499;0;0;;;;;;;;;
09.02.2023;38499;16;0,0415768001455188;;;;;;;;;
08.02.2023;38483;5;0,0129944383803732;;;;;;;;;
07.02.2023;38478;-17;-0,0441615794258995;;;;;;;;;
06.02.2023;38495;-5;-0,012987012987013;;;;;;;;;
03.02.2023;38500;-2766,25;-6,70341986490171;;;;;;;;;
02.02.2023;41266,25;16,25;0,0393939393939394;;;;;;;;;
01.02.2023;41250;-7330;-15,0885137916838;;;;;;;;;
31.01.2023;48580;5;0,0102933607822954;;;;;;;;;
30.01.2023;48575;1;0,00205871453864207;;;;;;;;;
27.01.2023;48574;0;0;;;;;;;;;
26.01.2023;48574;11;0,0226509894364022;;;;;;;;;
25.01.2023;48563;0;0;;;;;;;;;
24.01.2023;48563;5;0,0102969644548787;;;;;;;;;
23.01.2023;48558;-16;-0,0329394326182732;;;;;;;;;
20.01.2023;48574;0;0;;;;;;;;;
19.01.2023;48574;12;0,0247106791318315;;;;;;;;;
18.01.2023;48562;1;0,00205926566586355;;;;;;;;;
17.01.2023;48561;5;0,0102973885822555;;;;;;;;;
16.01.2023;48556;-12;-0,0247076264206885;;;;;;;;;
13.01.2023;48568;-4,5;-0,00926450151834886;;;;;;;;;
12.01.2023;48572,5;17,5;0,0360416023066625;;;;;;;;;
11.01.2023;48555;5,5;0,0113286439613178;;;;;;;;;
10.01.2023;48549,5;5,5;0,0113299274884641;;;;;;;;;
09.01.2023;48544;-16;-0,0329489291598023;;;;;;;;;
06.01.2023;48560;-998;-2,01380200976633;;;;;;;;;
05.01.2023;49558;-443;-0,885982280354393;;;;;;;;;
04.01.2023;50001;1;0,002;;;;;;;;;
03.01.2023;50000;-1514;-2,93900687191831;;;;;;;;;
30.12.2022;51514;1;0,00194125754663871;;;;;;;;;
29.12.2022;51513;18;0,0349548499854355;;;;;;;;;
28.12.2022;51495;-16;-0,031061326706917;;;;;;;;;
23.12.2022;51511;1;0,001941370607649;;;;;;;;;
22.12.2022;51510;23;0,0446714704682735;;;;;;;;;
21.12.2022;51487;1;0,00194227557005788;;;;;;;;;
20.12.2022;51486;5;0,00971232105048464;;;;;;;;;
19.12.2022;51481;-13;-0,0252456596885074;;;;;;;;;
16.12.2022;51494;0;0;;;;;;;;;
15.12.2022;51494;8;0,015538204560463;;;;;;;;;
14.12.2022;51486;-1;-0,00194223784644668;;;;;;;;;
13.12.2022;51487;5;0,00971213239578882;;;;;;;;;
12.12.2022;51482;-18;-0,0349514563106796;;;;;;;;;
09.12.2022;51500;-1;-0,00194170986971127;;;;;;;;;
08.12.2022;51501;8;0,0155360922843882;;;;;;;;;
07.12.2022;51493;0;0;;;;;;;;;
06.12.2022;51493;4;0,00776864961448076;;;;;;;;;
05.12.2022;51489;-17;-0,033005863394556;;;;;;;;;
02.12.2022;51506;-1;-0,00194148368182965;;;;;;;;;
01.12.2022;51507;9;0,0174764068507515;;;;;;;;;
30.11.2022;51498;4;0,00776789528877151;;;;;;;;;
29.11.2022;51494;5;0,00971081201810095;;;;;;;;;
28.11.2022;51489;-18;-0,0349467062729338;;;;;;;;;
25.11.2022;51507;5;0,00970836084035571;;;;;;;;;
24.11.2022;51502;8;0,015535790577543;;;;;;;;;
23.11.2022;51494;-5;-0,00970892638692013;;;;;;;;;
22.11.2022;51499;4;0,00776774444120788;;;;;;;;;
21.11.2022;51495;-18;-0,0349426358394968;;;;;;;;;
18.11.2022;51513;4;0,00776563319031626;;;;;;;;;
17.11.2022;51509;8;0,0155336789576901;;;;;;;;;
16.11.2022;51501;-1;-0,00194167216807114;;;;;;;;;
15.11.2022;51502;-1;-0,00194163446789507;;;;;;;;;
14.11.2022;51503;-16;-0,0310565034259205;;;;;;;;;
11.11.2022;51519;5;0,00970609931280817;;;;;;;;;
10.11.2022;51514;-5;-0,00970515732060017;;;;;;;;;
09.11.2022;51519;16;0,0310661514863212;;;;;;;;;
08.11.2022;51503;0;0;;;;;;;;;
07.11.2022;51503;-15;-0,029116037113242;;;;;;;;;
04.11.2022;51518;5;0,00970628773319356;;;;;;;;;
03.11.2022;51513;10;0,0194163446789507;;;;;;;;;
02.11.2022;51503;0;0;;;;;;;;;
01.11.2022;51503;0;0;;;;;;;;;
31.10.2022;51503;-16;-0,0310565034259205;;;;;;;;;
28.10.2022;51519;5;0,00970609931280817;;;;;;;;;
27.10.2022;51514;11;0,0213579791468458;;;;;;;;;
26.10.2022;51503;0;0;;;;;;;;;
25.10.2022;51503;0;0;;;;;;;;;
24.10.2022;51503;-16;-0,0310565034259205;;;;;;;;;
21.10.2022;51519;5;0,00970609931280817;;;;;;;;;
20.10.2022;51514;11;0,0213579791468458;;;;;;;;;
19.10.2022;51503;0;0;;;;;;;;;
18.10.2022;51503;0;0;;;;;;;;;
17.10.2022;51503;-17;-0,0329968944099379;;;;;;;;;
14.10.2022;51520;5;0,00970591089973794;;;;;;;;;
13.10.2022;51515;10;0,0194155907193476;;;;;;;;;
12.10.2022;51505;0;0;;;;;;;;;
11.10.2022;51505;0;0;;;;;;;;;
10.10.2022;51505;-16;-0,0310552978397158;;;;;;;;;
07.10.2022;51521;0;0;;;;;;;;;
06.10.2022;51521;16;0,0310649451509562;;;;;;;;;
05.10.2022;51505;0;0;;;;;;;;;
04.10.2022;51505;0;0;;;;;;;;;
03.10.2022;51505;-16;-0,0310552978397158;;;;;;;;;
30.09.2022;51521;0;0;;;;;;;;;
29.09.2022;51521;11;0,021355076684139;;;;;;;;;
28.09.2022;51510;5;0,00970779535967382;;;;;;;;;
27.09.2022;51505;5;0,00970873786407767;;;;;;;;;
26.09.2022;51500;-21;-0,040760078414627;;;;;;;;;
23.09.2022;51521;0;0;;;;;;;;;
22.09.2022;51521;11;0,021355076684139;;;;;;;;;
21.09.2022;51510;0;0;;;;;;;;;
20.09.2022;51510;0;0;;;;;;;;;
19.09.2022;51510;-12;-0,0232910213112845;;;;;;;;;
16.09.2022;51522;-1;-0,00194088077169419;;;;;;;;;
15.09.2022;51523;8;0,0155294574395807;;;;;;;;;
14.09.2022;51515;0;0;;;;;;;;;
13.09.2022;51515;1;0,00194121986256163;;;;;;;;;
12.09.2022;51514;-8;-0,0155273475408563;;;;;;;;;
09.09.2022;51522;1;0,00194095611498224;;;;;;;;;
08.09.2022;51521;9;0,0174716570896102;;;;;;;;;
07.09.2022;51512;1;0,00194133291918231;;;;;;;;;
06.09.2022;51511;0;0;;;;;;;;;
05.09.2022;51511;-9;-0,0174689440993789;;;;;;;;;
02.09.2022;51520;-4;-0,00776337240897446;;;;;;;;;
01.09.2022;51524;14;0,027179188507086;;;;;;;;;
31.08.2022;51510;5;0,00970779535967382;;;;;;;;;
30.08.2022;51505;-17;-0,0329956135243197;;;;;;;;;
26.08.2022;51522;4;0,00776427656353119;;;;;;;;;
25.08.2022;51518;18;0,0349514563106796;;;;;;;;;
24.08.2022;51500;2496;5,09346175822382;;;;;;;;;
23.08.2022;49004;0;0;;;;;;;;;
22.08.2022;49004;-12;-0,0244818018606169;;;;;;;;;
19.08.2022;49016;5;0,0102017914345759;;;;;;;;;
18.08.2022;49011;10;0,0204077467806779;;;;;;;;;
17.08.2022;49001;2501;5,37849462365591;;;;;;;;;
16.08.2022;46500;0;0;;;;;;;;;
15.08.2022;46500;-500;-1,06382978723404;;;;;;;;;
12.08.2022;47000;5;0,0106394297265667;;;;;;;;;
11.08.2022;46995;-5;-0,0106382978723404;;;;;;;;;
10.08.2022;47000;-1990;-4,0620534803021;;;;;;;;;
09.08.2022;48990;0;0;;;;;;;;;
08.08.2022;48990;-16;-0,0326490633799943;;;;;;;;;
05.08.2022;49006;6;0,0122448979591837;;;;;;;;;
04.08.2022;49000;-1003;-2,00587964722117;;;;;;;;;
03.08.2022;50003;0;0;;;;;;;;;
02.08.2022;50003;0;0;;;;;;;;;
01.08.2022;50003;-15;-0,0299892038866008;;;;;;;;;
29.07.2022;50018;6;0,0119971206910342;;;;;;;;;
28.07.2022;50012;11;0,0219995600087998;;;;;;;;;
27.07.2022;50001;0;0;;;;;;;;;
26.07.2022;50001;0;0;;;;;;;;;
25.07.2022;50001;-16;-0,0319891236979427;;;;;;;;;
22.07.2022;50017;6;0,0119973605806723;;;;;;;;;
21.07.2022;50011;11;0,022;;;;;;;;;
20.07.2022;50000;0;0;;;;;;;;;
19.07.2022;50000;0;0;;;;;;;;;
18.07.2022;50000;-5000;-9,09090909090909;;;;;;;;;
15.07.2022;55000;-4996;-8,32722181478765;;;;;;;;;
14.07.2022;59996;11;0,0183379178127865;;;;;;;;;
13.07.2022;59985;1;0,00166711122966124;;;;;;;;;
12.07.2022;59984;0;0;;;;;;;;;
11.07.2022;59984;-16;-0,0266666666666667;;;;;;;;;
08.07.2022;60000;0;0;;;;;;;;;
07.07.2022;60000;0;0;;;;;;;;;
06.07.2022;60000;-4984;-7,669580204358;;;;;;;;;
05.07.2022;64984;0;0;;;;;;;;;
04.07.2022;64984;-16;-0,0246153846153846;;;;;;;;;
01.07.2022;65000;-5017;-7,16540268791865;;;;;;;;;
30.06.2022;70017;17;0,0242857142857143;;;;;;;;;
29.06.2022;70000;0;0;;;;;;;;;
28.06.2022;70000;-1000;-1,40845070422535;;;;;;;;;
27.06.2022;71000;-955;-1,32721840038913;;;;;;;;;
24.06.2022;71955;5;0,00694927032661571;;;;;;;;;
23.06.2022;71950;-35;-0,0486212405362228;;;;;;;;;
22.06.2022;71985;-1;-0,0013891590031395;;;;;;;;;
21.06.2022;71986;0;0;;;;;;;;;
20.06.2022;71986;-14;-0,0194444444444444;;;;;;;;;
17.06.2022;72000;-13;-0,0180522961132018;;;;;;;;;
16.06.2022;72013;13;0,0180555555555556;;;;;;;;;
15.06.2022;72000;0;0;;;;;;;;;
14.06.2022;72000;0;0;;;;;;;;;
13.06.2022;72000;-500;-0,689655172413793;;;;;;;;;
10.06.2022;72500;1;0,00137932937006028;;;;;;;;;
09.06.2022;72499;1;0,00137934839581782;;;;;;;;;
08.06.2022;72498;-2;-0,00275862068965517;;;;;;;;;
07.06.2022;72500;-1000;-1,36054421768707;;;;;;;;;
06.06.2022;73500;-127;-0,172491069852092;;;;;;;;;
01.06.2022;73627;-3;-0,00407442618497895;;;;;;;;;
31.05.2022;73630;2;0,00271635790731787;;;;;;;;;
30.05.2022;73628;-16;-0,0217261419803378;;;;;;;;;
27.05.2022;73644;-1000;-1,33969240662344;;;;;;;;;
26.05.2022;74644;1;0,00133971035462133;;;;;;;;;
25.05.2022;74643;-3;-0,00401896953621092;;;;;;;;;
24.05.2022;74646;-3;-0,00401880802154081;;;;;;;;;
23.05.2022;74649;-16;-0,0214290497555749;;;;;;;;;
20.05.2022;74665;4;0,00535754945687842;;;;;;;;;
19.05.2022;74661;-1;-0,00133936942487477;;;;;;;;;
18.05.2022;74662;-3;-0,00401794682917029;;;;;;;;;
17.05.2022;74665;-3;-0,00401778539668934;;;;;;;;;
16.05.2022;74668;-7020;-8,5936734893742;;;;;;;;;
13.05.2022;81688;1;0,00122418499883702;;;;;;;;;
12.05.2022;81687;-1;-0,00122417001273137;;;;;;;;;
11.05.2022;81688;-4;-0,00489644028791069;;;;;;;;;
10.05.2022;81692;-4;-0,00489620054837446;;;;;;;;;
09.05.2022;81696;-21;-0,025698447079555;;;;;;;;;
06.05.2022;81717;2;0,00244753105305024;;;;;;;;;
05.05.2022;81715;-1;-0,00122375055068775;;;;;;;;;
04.05.2022;81716;-4;-0,00489476260401371;;;;;;;;;
03.05.2022;81720;-26;-0,0318058375945;;;;;;;;;
29.04.2022;81746;-4;-0,00489296636085627;;;;;;;;;
28.04.2022;81750;1;0,00122325655359699;;;;;;;;;
27.04.2022;81749;-3;-0,0036696349936393;;;;;;;;;
26.04.2022;81752;-3;-0,00366950033637086;;;;;;;;;
25.04.2022;81755;-15;-0,0183441359911948;;;;;;;;;
22.04.2022;81770;-4;-0,00489153031525913;;;;;;;;;
21.04.2022;81774;-1;-0,00122286762457964;;;;;;;;;
20.04.2022;81775;-4;-0,00489123124518519;;;;;;;;;
19.04.2022;81779;-21;-0,0256723716381418;;;;;;;;;
14.04.2022;81800;-3;-0,00366734716330697;;;;;;;;;
13.04.2022;81803;2;0,00244495788560042;;;;;;;;;
12.04.2022;81801;-3;-0,00366730233240428;;;;;;;;;
11.04.2022;81804;-13;-0,0158891183983769;;;;;;;;;
08.04.2022;81817;-3;-0,00366658518699584;;;;;;;;;
07.04.2022;81820;0;0;;;;;;;;;
06.04.2022;81820;-3;-0,00366645075345563;;;;;;;;;
05.04.2022;81823;1;0,00122216518784679;;;;;;;;;
04.04.2022;81822;-16;-0,0195508199125101;;;;;;;;;
01.04.2022;81838;-3;-0,00366564435918427;;;;;;;;;
31.03.2022;81841;4;0,0048877647030072;;;;;;;;;
30.03.2022;81837;-3;-0,00366568914956012;;;;;;;;;
29.03.2022;81840;-3;-0,00366555478171621;;;;;;;;;
28.03.2022;81843;-16;-0,0195458043709305;;;;;;;;;
25.03.2022;81859;1;0,00122162769674314;;;;;;;;;
24.03.2022;81858;-1;-0,00122161277318316;;;;;;;;;
23.03.2022;81859;-3;-0,00366470401407246;;;;;;;;;
22.03.2022;81862;-3;-0,00366456971843889;;;;;;;;;
21.03.2022;81865;;;;;;;;;;;
18.03.2022;81881;;;;;;;;;;;
17.03.2022;81880;;;;;;;;;;;
16.03.2022;81881;;;;;;;;;;;
15.03.2022;81884;;;;;;;;;;;
14.03.2022;81886;;;;;;;;;;;
11.03.2022;81900;;;;;;;;;;;
10.03.2022;81900;;;;;;;;;;;
09.03.2022;81750;;;;;;;;;;;
08.03.2022;81499;;;;;;;;;;;
07.03.2022;78999;;;;;;;;;;;
04.03.2022;75503;;;;;;;;;;;
03.03.2022;75500;;;;;;;;;;;
02.03.2022;73690;;;;;;;;;;;
01.03.2022;73704;;;;;;;;;;;
28.02.2022;73718;;;;;;;;;;;
25.02.2022;73721;;;;;;;;;;;
24.02.2022;73722;;;;;;;;;;;
23.02.2022;73005;;;;;;;;;;;
22.02.2022;73002;;;;;;;;;;;
21.02.2022;72499;;;;;;;;;;;
18.02.2022;72502;;;;;;;;;;;
17.02.2022;70725;;;;;;;;;;;
16.02.2022;70715;;;;;;;;;;;
15.02.2022;70711;;;;;;;;;;;
14.02.2022;70717;;;;;;;;;;;
11.02.2022;70721;;;;;;;;;;;
10.02.2022;70721;;;;;;;;;;;
09.02.2022;70714;;;;;;;;;;;
08.02.2022;70710;;;;;;;;;;;
07.02.2022;70716;;;;;;;;;;;
04.02.2022;70720;;;;;;;;;;;
03.02.2022;70719;;;;;;;;;;;
02.02.2022;70709;;;;;;;;;;;
01.02.2022;70705;;;;;;;;;;;
31.01.2022;70714;;;;;;;;;;;
28.01.2022;70714;;;;;;;;;;;
27.01.2022;70714;;;;;;;;;;;
26.01.2022;70706;;;;;;;;;;;
25.01.2022;70704;;;;;;;;;;;
24.01.2022;71700;;;;;;;;;;;
21.01.2022;71644;;;;;;;;;;;
20.01.2022;71649;;;;;;;;;;;
19.01.2022;70151;;;;;;;;;;;
18.01.2022;70150;;;;;;;;;;;
17.01.2022;70149;;;;;;;;;;;
14.01.2022;70167;;;;;;;;;;;
13.01.2022;70171;;;;;;;;;;;
12.01.2022;70165;;;;;;;;;;;
11.01.2022;70167;;;;;;;;;;;
10.01.2022;70164;;;;;;;;;;;
07.01.2022;70178;;;;;;;;;;;
06.01.2022;70180;;;;;;;;;;;
05.01.2022;70176;;;;;;;;;;;
04.01.2022;70178;;;;;;;;;;;
31.12.2021;70193;;;;;;;;;;;
30.12.2021;70194;;;;;;;;;;;
29.12.2021;70187;;;;;;;;;;;
24.12.2021;70206;;;;;;;;;;;
23.12.2021;70207;;;;;;;;;;;
22.12.2021;70197;;;;;;;;;;;
21.12.2021;70198;;;;;;;;;;;
20.12.2021;70195;;;;;;;;;;;
17.12.2021;70209;;;;;;;;;;;
16.12.2021;69525;;;;;;;;;;;
15.12.2021;69519;;;;;;;;;;;
14.12.2021;69519;;;;;;;;;;;
13.12.2021;69516;;;;;;;;;;;
10.12.2021;69527;;;;;;;;;;;
09.12.2021;69528;;;;;;;;;;;
08.12.2021;69525;;;;;;;;;;;
07.12.2021;69500;;;;;;;;;;;
06.12.2021;69000;;;;;;;;;;;
03.12.2021;66746;;;;;;;;;;;
02.12.2021;66750;;;;;;;;;;;
01.12.2021;65850;;;;;;;;;;;
30.11.2021;65500;;;;;;;;;;;
29.11.2021;62840;;;;;;;;;;;
26.11.2021;62852;;;;;;;;;;;
25.11.2021;62848;;;;;;;;;;;
24.11.2021;62844;;;;;;;;;;;
23.11.2021;62850;;;;;;;;;;;
22.11.2021;61240;;;;;;;;;;;
19.11.2021;61258;;;;;;;;;;;
18.11.2021;61255;;;;;;;;;;;
17.11.2021;61250;;;;;;;;;;;
16.11.2021;61199;;;;;;;;;;;
15.11.2021;59200;;;;;;;;;;;
12.11.2021;59216;;;;;;;;;;;
11.11.2021;59211;;;;;;;;;;;
10.11.2021;59199;;;;;;;;;;;
09.11.2021;59204;;;;;;;;;;;
08.11.2021;59199;;;;;;;;;;;
05.11.2021;59215;;;;;;;;;;;
04.11.2021;58210;;;;;;;;;;;
03.11.2021;58000;;;;;;;;;;;
02.11.2021;56242;;;;;;;;;;;
01.11.2021;56243;;;;;;;;;;;
29.10.2021;56259;;;;;;;;;;;
28.10.2021;56254;;;;;;;;;;;
27.10.2021;56243;;;;;;;;;;;
26.10.2021;56201;;;;;;;;;;;
25.10.2021;56201;;;;;;;;;;;
22.10.2021;56218;;;;;;;;;;;
21.10.2021;56111;;;;;;;;;;;
20.10.2021;56100;;;;;;;;;;;
19.10.2021;56100;;;;;;;;;;;
18.10.2021;56100;;;;;;;;;;;
15.10.2021;56071;;;;;;;;;;;
14.10.2021;55869;;;;;;;;;;;
13.10.2021;52946;;;;;;;;;;;
12.10.2021;52948;;;;;;;;;;;
11.10.2021;52950;;;;;;;;;;;
08.10.2021;52966;;;;;;;;;;;
07.10.2021;52966;;;;;;;;;;;
06.10.2021;52960;;;;;;;;;;;
05.10.2021;52961;;;;;;;;;;;
04.10.2021;52963;;;;;;;;;;;
01.10.2021;52978;;;;;;;;;;;
30.09.2021;52980;;;;;;;;;;;
29.09.2021;52976;;;;;;;;;;;
28.09.2021;52974;;;;;;;;;;;
27.09.2021;52972;;;;;;;;;;;
24.09.2021;52990;;;;;;;;;;;
23.09.2021;52991;;;;;;;;;;;
22.09.2021;52987;;;;;;;;;;;
21.09.2021;52988;;;;;;;;;;;
20.09.2021;52990;;;;;;;;;;;
17.09.2021;53000;;;;;;;;;;;
16.09.2021;51120;;;;;;;;;;;
15.09.2021;51117;;;;;;;;;;;
14.09.2021;51120;;;;;;;;;;;
13.09.2021;51123;;;;;;;;;;;
10.09.2021;51137;;;;;;;;;;;
09.09.2021;51140;;;;;;;;;;;
08.09.2021;50479;;;;;;;;;;;
07.09.2021;50482;;;;;;;;;;;
06.09.2021;50485;;;;;;;;;;;
03.09.2021;50499;;;;;;;;;;;
02.09.2021;50504;;;;;;;;;;;
01.09.2021;50500;;;;;;;;;;;
31.08.2021;50092,5;;;;;;;;;;;
27.08.2021;50111,5;;;;;;;;;;;
26.08.2021;50109;;;;;;;;;;;
25.08.2021;50100;;;;;;;;;;;
24.08.2021;51178;;;;;;;;;;;
23.08.2021;51181;;;;;;;;;;;
20.08.2021;51200;;;;;;;;;;;
19.08.2021;51198;;;;;;;;;;;
18.08.2021;51197;;;;;;;;;;;
17.08.2021;52000;;;;;;;;;;;
16.08.2021;52328,5;;;;;;;;;;;
13.08.2021;52350,5;;;;;;;;;;;
12.08.2021;52350,5;;;;;;;;;;;
11.08.2021;52350,5;;;;;;;;;;;
10.08.2021;52361,5;;;;;;;;;;;
09.08.2021;52367;;;;;;;;;;;
06.08.2021;52389;;;;;;;;;;;
05.08.2021;52389;;;;;;;;;;;
04.08.2021;52394;;;;;;;;;;;
03.08.2021;52399;;;;;;;;;;;
02.08.2021;52404;;;;;;;;;;;
30.07.2021;52426;;;;;;;;;;;
29.07.2021;52426;;;;;;;;;;;
28.07.2021;52431;;;;;;;;;;;
27.07.2021;52436;;;;;;;;;;;
26.07.2021;52441;;;;;;;;;;;
23.07.2021;52463;;;;;;;;;;;
22.07.2021;52463;;;;;;;;;;;
21.07.2021;52468;;;;;;;;;;;
20.07.2021;52473;;;;;;;;;;;
19.07.2021;52477,5;;;;;;;;;;;
16.07.2021;52495,5;;;;;;;;;;;
15.07.2021;52495,5;;;;;;;;;;;
14.07.2021;52500;;;;;;;;;;;
13.07.2021;50450;;;;;;;;;;;
12.07.2021;50454;;;;;;;;;;;
09.07.2021;50471;;;;;;;;;;;
08.07.2021;50471;;;;;;;;;;;
07.07.2021;50475;;;;;;;;;;;
06.07.2021;50479;;;;;;;;;;;
05.07.2021;50483;;;;;;;;;;;
02.07.2021;50500;;;;;;;;;;;
01.07.2021;50500;;;;;;;;;;;
30.06.2021;49600;;;;;;;;;;;
29.06.2021;48501;;;;;;;;;;;
28.06.2021;45479;;;;;;;;;;;
25.06.2021;45495;;;;;;;;;;;
24.06.2021;45495;;;;;;;;;;;
23.06.2021;45496;;;;;;;;;;;
22.06.2021;45499;;;;;;;;;;;
21.06.2021;44487;;;;;;;;;;;
18.06.2021;44503;;;;;;;;;;;
17.06.2021;44502;;;;;;;;;;;
16.06.2021;42498;;;;;;;;;;;
15.06.2021;42501;;;;;;;;;;;
14.06.2021;42500;;;;;;;;;;;
11.06.2021;42500;;;;;;;;;;;
10.06.2021;42500;;;;;;;;;;;
09.06.2021;42500;;;;;;;;;;;
08.06.2021;42500;;;;;;;;;;;
07.06.2021;42500;;;;;;;;;;;
04.06.2021;42500;;;;;;;;;;;
03.06.2021;42500;;;;;;;;;;;
02.06.2021;43615;;;;;;;;;;;
01.06.2021;43615;;;;;;;;;;;
28.05.2021;43615;;;;;;;;;;;
27.05.2021;43615;;;;;;;;;;;
26.05.2021;43615;;;;;;;;;;;
25.05.2021;43615;;;;;;;;;;;
24.05.2021;43615;;;;;;;;;;;
21.05.2021;43615;;;;;;;;;;;
20.05.2021;43615;;;;;;;;;;;
19.05.2021;43650;;;;;;;;;;;
18.05.2021;43650;;;;;;;;;;;
17.05.2021;44095;;;;;;;;;;;
14.05.2021;44100;;;;;;;;;;;
13.05.2021;44642;;;;;;;;;;;
12.05.2021;44645;;;;;;;;;;;
11.05.2021;44649;;;;;;;;;;;
10.05.2021;45182;;;;;;;;;;;
07.05.2021;45185,5;;;;;;;;;;;
06.05.2021;45189;;;;;;;;;;;
05.05.2021;45193;;;;;;;;;;;
04.05.2021;45196,5;;;;;;;;;;;
30.04.2021;45200;;;;;;;;;;;
29.04.2021;47139;;;;;;;;;;;
28.04.2021;47142;;;;;;;;;;;
27.04.2021;46496;;;;;;;;;;;
26.04.2021;46500;;;;;;;;;;;
23.04.2021;49803;;;;;;;;;;;
22.04.2021;49807;;;;;;;;;;;
21.04.2021;49811;;;;;;;;;;;
20.04.2021;49815;;;;;;;;;;;
19.04.2021;49819;;;;;;;;;;;
16.04.2021;49822;;;;;;;;;;;
15.04.2021;49826;;;;;;;;;;;
14.04.2021;49830;;;;;;;;;;;
13.04.2021;49833;;;;;;;;;;;
12.04.2021;49836;;;;;;;;;;;
09.04.2021;49840;;;;;;;;;;;
08.04.2021;49844;;;;;;;;;;;
07.04.2021;49847;;;;;;;;;;;
06.04.2021;50100;;;;;;;;;;;
01.04.2021;50104;;;;;;;;;;;
31.03.2021;50107,5;;;;;;;;;;;
30.03.2021;50611;;;;;;;;;;;
29.03.2021;51114;;;;;;;;;;;
26.03.2021;51868;;;;;;;;;;;
25.03.2021;52372;;;;;;;;;;;
24.03.2021;52376;;;;;;;;;;;
23.03.2021;52740;;;;;;;;;;;
22.03.2021;52744;;;;;;;;;;;
19.03.2021;52748;;;;;;;;;;;
18.03.2021;52751,5;;;;;;;;;;;
17.03.2021;52755;;;;;;;;;;;
16.03.2021;52759;;;;;;;;;;;
15.03.2021;52763;;;;;;;;;;;
12.03.2021;52767;;;;;;;;;;;
11.03.2021;52770,5;;;;;;;;;;;
10.03.2021;52774;;;;;;;;;;;
09.03.2021;52777;;;;;;;;;;;
08.03.2021;52780;;;;;;;;;;;
05.03.2021;52784;;;;;;;;;;;
04.03.2021;52788;;;;;;;;;;;
03.03.2021;52792;;;;;;;;;;;
02.03.2021;52796;;;;;;;;;;;
01.03.2021;52800;;;;;;;;;;;
26.02.2021;51993;;;;;;;;;;;
25.02.2021;51996,5;;;;;;;;;;;
24.02.2021;52000;;;;;;;;;;;
23.02.2021;51965;;;;;;;;;;;
22.02.2021;50983;;;;;;;;;;;
19.02.2021;51000;;;;;;;;;;;
18.02.2021;49000;;;;;;;;;;;
17.02.2021;48000;;;;;;;;;;;
16.02.2021;47000;;;;;;;;;;;
15.02.2021;47000;;;;;;;;;;;
12.02.2021;47000;;;;;;;;;;;
11.02.2021;45700;;;;;;;;;;;
10.02.2021;45700;;;;;;;;;;;
09.02.2021;45700;;;;;;;;;;;
08.02.2021;45700;;;;;;;;;;;
05.02.2021;45700;;;;;;;;;;;
04.02.2021;45200;;;;;;;;;;;
03.02.2021;44476;;;;;;;;;;;
02.02.2021;42976;;;;;;;;;;;
01.02.2021;41239,5;;;;;;;;;;;
29.01.2021;41243;;;;;;;;;;;
28.01.2021;41246,5;;;;;;;;;;;
27.01.2021;41250;;;;;;;;;;;
26.01.2021;40350;;;;;;;;;;;
25.01.2021;40000;;;;;;;;;;;
22.01.2021;39600;;;;;;;;;;;
21.01.2021;38500;;;;;;;;;;;
20.01.2021;37500;;;;;;;;;;;
19.01.2021;37500;;;;;;;;;;;
18.01.2021;37491;;;;;;;;;;;
15.01.2021;37500;;;;;;;;;;;
14.01.2021;37995;;;;;;;;;;;
13.01.2021;38000;;;;;;;;;;;
12.01.2021;37000;;;;;;;;;;;
11.01.2021;37000;;;;;;;;;;;
08.01.2021;36500;;;;;;;;;;;
07.01.2021;36500;;;;;;;;;;;
06.01.2021;35500;;;;;;;;;;;
05.01.2021;34000;;;;;;;;;;;
04.01.2021;33000;;;;;;;;;;;
31.12.2020;31998;;;;;;;;;;;
30.12.2020;31998;;;;;;;;;;;
29.12.2020;31991,5;;;;;;;;;;;
24.12.2020;32000;;;;;;;;;;;
23.12.2020;32000;;;;;;;;;;;
22.12.2020;32000;;;;;;;;;;;
21.12.2020;32000;;;;;;;;;;;
18.12.2020;32000;;;;;;;;;;;
17.12.2020;32000;;;;;;;;;;;
16.12.2020;31780;;;;;;;;;;;
15.12.2020;31775;;;;;;;;;;;
14.12.2020;31686,5;;;;;;;;;;;
11.12.2020;31700;;;;;;;;;;;
10.12.2020;31579;;;;;;;;;;;
09.12.2020;31573;;;;;;;;;;;
08.12.2020;31575;;;;;;;;;;;
07.12.2020;31961;;;;;;;;;;;
04.12.2020;31978,5;;;;;;;;;;;
03.12.2020;31980,5;;;;;;;;;;;
02.12.2020;31975;;;;;;;;;;;
01.12.2020;31977;;;;;;;;;;;
30.11.2020;31989,5;;;;;;;;;;;
27.11.2020;31986;;;;;;;;;;;
26.11.2020;31982,5;;;;;;;;;;;
25.11.2020;31977;;;;;;;;;;;
24.11.2020;31982,5;;;;;;;;;;;
23.11.2020;31980,5;;;;;;;;;;;
20.11.2020;31998,5;;;;;;;;;;;
19.11.2020;32000;;;;;;;;;;;
18.11.2020;31997,5;;;;;;;;;;;
17.11.2020;31999,5;;;;;;;;;;;
16.11.2020;32441,5;;;;;;;;;;;
13.11.2020;32460,25;;;;;;;;;;;
12.11.2020;32457,5;;;;;;;;;;;
11.11.2020;32455;;;;;;;;;;;
10.11.2020;32458;;;;;;;;;;;
09.11.2020;32463,25;;;;;;;;;;;
06.11.2020;32479,5;;;;;;;;;;;
05.11.2020;32477;;;;;;;;;;;
04.11.2020;32474,25;;;;;;;;;;;
03.11.2020;32477;;;;;;;;;;;
02.11.2020;32479,75;;;;;;;;;;;
30.10.2020;32498,5;;;;;;;;;;;
29.10.2020;32966;;;;;;;;;;;
28.10.2020;32963,5;;;;;;;;;;;
27.10.2020;32966;;;;;;;;;;;
26.10.2020;32968,5;;;;;;;;;;;
23.10.2020;32987,25;;;;;;;;;;;
22.10.2020;32984,5;;;;;;;;;;;
21.10.2020;32981,75;;;;;;;;;;;
20.10.2020;32984,25;;;;;;;;;;;
19.10.2020;32985,75;;;;;;;;;;;
16.10.2020;33000;;;;;;;;;;;
15.10.2020;33000;;;;;;;;;;;
14.10.2020;33000;;;;;;;;;;;
13.10.2020;33478,75;;;;;;;;;;;
12.10.2020;33482;;;;;;;;;;;
09.10.2020;33498;;;;;;;;;;;
08.10.2020;33498;;;;;;;;;;;
07.10.2020;33497;;;;;;;;;;;
06.10.2020;33500;;;;;;;;;;;
05.10.2020;33923;;;;;;;;;;;
02.10.2020;33926;;;;;;;;;;;
01.10.2020;33924,5;;;;;;;;;;;
30.09.2020;33942,5;;;;;;;;;;;
29.09.2020;33945,5;;;;;;;;;;;
28.09.2020;33944,5;;;;;;;;;;;
25.09.2020;33963,75;;;;;;;;;;;
24.09.2020;33962,5;;;;;;;;;;;
23.09.2020;33963;;;;;;;;;;;
22.09.2020;33966;;;;;;;;;;;
21.09.2020;33969;;;;;;;;;;;
18.09.2020;33980,5;;;;;;;;;;;
17.09.2020;33983,5;;;;;;;;;;;
16.09.2020;33984;;;;;;;;;;;
15.09.2020;33002;;;;;;;;;;;
14.09.2020;33000;;;;;;;;;;;
11.09.2020;33000;;;;;;;;;;;
10.09.2020;33000;;;;;;;;;;;
09.09.2020;33000;;;;;;;;;;;
08.09.2020;32987;;;;;;;;;;;
07.09.2020;32990;;;;;;;;;;;
04.09.2020;33002;;;;;;;;;;;
03.09.2020;33006,5;;;;;;;;;;;
02.09.2020;33005,5;;;;;;;;;;;
01.09.2020;33008,5;;;;;;;;;;;
28.08.2020;33024,5;;;;;;;;;;;
27.08.2020;33023;;;;;;;;;;;
26.08.2020;33017,5;;;;;;;;;;;
25.08.2020;33025,5;;;;;;;;;;;
24.08.2020;33028,5;;;;;;;;;;;
21.08.2020;33044,5;;;;;;;;;;;
20.08.2020;33043;;;;;;;;;;;
19.08.2020;33043;;;;;;;;;;;
18.08.2020;33045,5;;;;;;;;;;;
17.08.2020;33049;;;;;;;;;;;
14.08.2020;33066;;;;;;;;;;;
13.08.2020;33066;;;;;;;;;;;
12.08.2020;33070,5;;;;;;;;;;;
11.08.2020;33070,5;;;;;;;;;;;
10.08.2020;33079;;;;;;;;;;;
07.08.2020;33096;;;;;;;;;;;
06.08.2020;33096;;;;;;;;;;;
05.08.2020;33100;;;;;;;;;;;
04.08.2020;33000;;;;;;;;;;;
03.08.2020;30200;;;;;;;;;;;
31.07.2020;29000;;;;;;;;;;;
30.07.2020;29175;;;;;;;;;;;
29.07.2020;29000;;;;;;;;;;;
28.07.2020;28385;;;;;;;;;;;
27.07.2020;28389;;;;;;;;;;;
24.07.2020;28406,5;;;;;;;;;;;
23.07.2020;28406,5;;;;;;;;;;;
22.07.2020;28411;;;;;;;;;;;
21.07.2020;28415;;;;;;;;;;;
20.07.2020;28418;;;;;;;;;;;
17.07.2020;28431;;;;;;;;;;;
16.07.2020;28431;;;;;;;;;;;
15.07.2020;28434;;;;;;;;;;;
14.07.2020;28437,5;;;;;;;;;;;
13.07.2020;28440,5;;;;;;;;;;;
10.07.2020;28453;;;;;;;;;;;
09.07.2020;28453;;;;;;;;;;;
08.07.2020;28456;;;;;;;;;;;
07.07.2020;28459;;;;;;;;;;;
06.07.2020;28462,5;;;;;;;;;;;
03.07.2020;28475;;;;;;;;;;;
02.07.2020;28475;;;;;;;;;;;
01.07.2020;28478;;;;;;;;;;;
30.06.2020;28481;;;;;;;;;;;
29.06.2020;28484;;;;;;;;;;;
26.06.2020;28497;;;;;;;;;;;
25.06.2020;28497;;;;;;;;;;;
24.06.2020;28500;;;;;;;;;;;
23.06.2020;28834;;;;;;;;;;;
22.06.2020;28837,5;;;;;;;;;;;
19.06.2020;28850;;;;;;;;;;;
18.06.2020;28850;;;;;;;;;;;
17.06.2020;28750;;;;;;;;;;;
16.06.2020;29000;;;;;;;;;;;
15.06.2020;29000;;;;;;;;;;;
12.06.2020;29000;;;;;;;;;;;
11.06.2020;29568,25;;;;;;;;;;;
10.06.2020;29558;;;;;;;;;;;
09.06.2020;29557,5;;;;;;;;;;;
08.06.2020;29557,5;;;;;;;;;;;
05.06.2020;29573,25;;;;;;;;;;;
04.06.2020;29568;;;;;;;;;;;
03.06.2020;29557,5;;;;;;;;;;;
02.06.2020;29557,5;;;;;;;;;;;
01.06.2020;29557,5;;;;;;;;;;;
29.05.2020;29573,25;;;;;;;;;;;
28.05.2020;29568;;;;;;;;;;;
27.05.2020;29557;;;;;;;;;;;
26.05.2020;29558;;;;;;;;;;;
22.05.2020;29579;;;;;;;;;;;
21.05.2020;29573;;;;;;;;;;;
20.05.2020;29557;;;;;;;;;;;
19.05.2020;29557;;;;;;;;;;;
18.05.2020;29555;;;;;;;;;;;
15.05.2020;29568,5;;;;;;;;;;;
14.05.2020;29564;;;;;;;;;;;
13.05.2020;29555;;;;;;;;;;;
12.05.2020;29555;;;;;;;;;;;
11.05.2020;29555;;;;;;;;;;;
07.05.2020;29568;;;;;;;;;;;
06.05.2020;29568;;;;;;;;;;;
05.05.2020;29555,5;;;;;;;;;;;
04.05.2020;29555;;;;;;;;;;;
01.05.2020;29568;;;;;;;;;;;
30.04.2020;29572;;;;;;;;;;;
29.04.2020;29559;;;;;;;;;;;
28.04.2020;29559;;;;;;;;;;;
27.04.2020;29559;;;;;;;;;;;
24.04.2020;29568;;;;;;;;;;;
23.04.2020;29568;;;;;;;;;;;
22.04.2020;29559;;;;;;;;;;;
21.04.2020;29559;;;;;;;;;;;
20.04.2020;29559;;;;;;;;;;;
17.04.2020;29567,5;;;;;;;;;;;
16.04.2020;29567,5;;;;;;;;;;;
15.04.2020;29558,5;;;;;;;;;;;
14.04.2020;29559,5;;;;;;;;;;;
09.04.2020;29582;;;;;;;;;;;
08.04.2020;29582;;;;;;;;;;;
07.04.2020;29560;;;;;;;;;;;
06.04.2020;29560;;;;;;;;;;;
03.04.2020;29570,5;;;;;;;;;;;
02.04.2020;29570,5;;;;;;;;;;;
01.04.2020;29560;;;;;;;;;;;
31.03.2020;29560,5;;;;;;;;;;;
30.03.2020;29555;;;;;;;;;;;
27.03.2020;29571;;;;;;;;;;;
26.03.2020;29565,5;;;;;;;;;;;
25.03.2020;29555;;;;;;;;;;;
24.03.2020;29555;;;;;;;;;;;
23.03.2020;29555;;;;;;;;;;;
20.03.2020;29571;;;;;;;;;;;
19.03.2020;29566;;;;;;;;;;;
18.03.2020;29555;;;;;;;;;;;
17.03.2020;29555;;;;;;;;;;;
16.03.2020;31655;;;;;;;;;;;
13.03.2020;31671;;;;;;;;;;;
12.03.2020;31665;;;;;;;;;;;
11.03.2020;33054;;;;;;;;;;;
10.03.2020;33054;;;;;;;;;;;
09.03.2020;33054,5;;;;;;;;;;;
06.03.2020;33071;;;;;;;;;;;
05.03.2020;33065,5;;;;;;;;;;;
04.03.2020;33055;;;;;;;;;;;
03.03.2020;33055;;;;;;;;;;;
02.03.2020;33055;;;;;;;;;;;
28.02.2020;33076,5;;;;;;;;;;;
27.02.2020;33077;;;;;;;;;;;
26.02.2020;33066,5;;;;;;;;;;;
25.02.2020;33311,5;;;;;;;;;;;
24.02.2020;33306;;;;;;;;;;;
21.02.2020;33327,5;;;;;;;;;;;
20.02.2020;33326,5;;;;;;;;;;;
19.02.2020;33315;;;;;;;;;;;
18.02.2020;33313,5;;;;;;;;;;;
17.02.2020;33308,5;;;;;;;;;;;
14.02.2020;33322,5;;;;;;;;;;;
13.02.2020;33327,5;;;;;;;;;;;
12.02.2020;33315,5;;;;;;;;;;;
11.02.2020;33815,5;;;;;;;;;;;
10.02.2020;33810,5;;;;;;;;;;;
07.02.2020;34073,5;;;;;;;;;;;
06.02.2020;34072,5;;;;;;;;;;;
05.02.2020;34063,5;;;;;;;;;;;
04.02.2020;34058,5;;;;;;;;;;;
03.02.2020;34553,5;;;;;;;;;;;
31.01.2020;34570,5;;;;;;;;;;;
30.01.2020;32565,5;;;;;;;;;;;
29.01.2020;32555,5;;;;;;;;;;;
28.01.2020;32554,5;;;;;;;;;;;
27.01.2020;32053,5;;;;;;;;;;;
24.01.2020;32061,5;;;;;;;;;;;
23.01.2020;32060,5;;;;;;;;;;;
22.01.2020;32050,5;;;;;;;;;;;
21.01.2020;31799,5;;;;;;;;;;;
20.01.2020;31798,5;;;;;;;;;;;
17.01.2020;31806,5;;;;;;;;;;;
16.01.2020;32310,5;;;;;;;;;;;
15.01.2020;32295,5;;;;;;;;;;;
14.01.2020;32296;;;;;;;;;;;
13.01.2020;32291;;;;;;;;;;;
10.01.2020;32312,5;;;;;;;;;;;
09.01.2020;32557;;;;;;;;;;;
08.01.2020;31295,5;;;;;;;;;;;
07.01.2020;31545,5;;;;;;;;;;;
06.01.2020;31795,5;;;;;;;;;;;
03.01.2020;31806;;;;;;;;;;;
02.01.2020;32305;;;;;;;;;;;
31.12.2019;32300;;;;;;;;;;;
30.12.2019;32300;;;;;;;;;;;
27.12.2019;32305;;;;;;;;;;;
24.12.2019;32315,5;;;;;;;;;;;
23.12.2019;32304,5;;;;;;;;;;;
20.12.2019;32304;;;;;;;;;;;
19.12.2019;32304;;;;;;;;;;;
18.12.2019;32292,5;;;;;;;;;;;
17.12.2019;32292;;;;;;;;;;;
16.12.2019;34292;;;;;;;;;;;
13.12.2019;34302;;;;;;;;;;;
12.12.2019;34302,5;;;;;;;;;;;
11.12.2019;34290,5;;;;;;;;;;;
10.12.2019;34290;;;;;;;;;;;
09.12.2019;34290,25;;;;;;;;;;;
06.12.2019;34301;;;;;;;;;;;
05.12.2019;34300;;;;;;;;;;;
04.12.2019;35288,5;;;;;;;;;;;
03.12.2019;35288;;;;;;;;;;;
02.12.2019;35287;;;;;;;;;;;
29.11.2019;35297;;;;;;;;;;;
28.11.2019;35541;;;;;;;;;;;
27.11.2019;35528;;;;;;;;;;;
26.11.2019;35533;;;;;;;;;;;
25.11.2019;35526;;;;;;;;;;;
22.11.2019;35541;;;;;;;;;;;
21.11.2019;35535;;;;;;;;;;;
20.11.2019;35522,5;;;;;;;;;;;
19.11.2019;35522;;;;;;;;;;;
18.11.2019;35520,5;;;;;;;;;;;
15.11.2019;35532,5;;;;;;;;;;;
14.11.2019;35527;;;;;;;;;;;
13.11.2019;35514;;;;;;;;;;;
12.11.2019;35512;;;;;;;;;;;
11.11.2019;35510;;;;;;;;;;;
08.11.2019;35521;;;;;;;;;;;
07.11.2019;35521;;;;;;;;;;;
06.11.2019;35502;;;;;;;;;;;
05.11.2019;35500;;;;;;;;;;;
04.11.2019;35498;;;;;;;;;;;
01.11.2019;35510;;;;;;;;;;;
31.10.2019;35504;;;;;;;;;;;
30.10.2019;35491;;;;;;;;;;;
29.10.2019;35489,5;;;;;;;;;;;
28.10.2019;35488;;;;;;;;;;;
25.10.2019;35500;;;;;;;;;;;
24.10.2019;35512;;;;;;;;;;;
23.10.2019;35499;;;;;;;;;;;
22.10.2019;35497;;;;;;;;;;;
21.10.2019;35495;;;;;;;;;;;
18.10.2019;35506;;;;;;;;;;;
17.10.2019;35500;;;;;;;;;;;
16.10.2019;35486;;;;;;;;;;;
15.10.2019;35484;;;;;;;;;;;
14.10.2019;35483;;;;;;;;;;;
11.10.2019;35500;;;;;;;;;;;
10.10.2019;35500;;;;;;;;;;;
09.10.2019;34734;;;;;;;;;;;
08.10.2019;33984;;;;;;;;;;;
07.10.2019;33983,5;;;;;;;;;;;
04.10.2019;34000;;;;;;;;;;;
03.10.2019;35481;;;;;;;;;;;
02.10.2019;35470;;;;;;;;;;;
01.10.2019;35464;;;;;;;;;;;
30.09.2019;35474;;;;;;;;;;;
27.09.2019;36484;;;;;;;;;;;
26.09.2019;36978;;;;;;;;;;;
25.09.2019;36977;;;;;;;;;;;
24.09.2019;36971,5;;;;;;;;;;;
23.09.2019;36971;;;;;;;;;;;
20.09.2019;36481;;;;;;;;;;;
19.09.2019;36481;;;;;;;;;;;
18.09.2019;35969;;;;;;;;;;;
17.09.2019;35968,5;;;;;;;;;;;
16.09.2019;35968;;;;;;;;;;;
13.09.2019;35977;;;;;;;;;;;
12.09.2019;35975,5;;;;;;;;;;;
11.09.2019;35961;;;;;;;;;;;
10.09.2019;34960;;;;;;;;;;;
09.09.2019;35005;;;;;;;;;;;
06.09.2019;35014,5;;;;;;;;;;;
05.09.2019;35013;;;;;;;;;;;
04.09.2019;34500;;;;;;;;;;;
03.09.2019;33500;;;;;;;;;;;
02.09.2019;33500;;;;;;;;;;;
30.08.2019;32150;;;;;;;;;;;
29.08.2019;32143;;;;;;;;;;;
28.08.2019;32119;;;;;;;;;;;
27.08.2019;32124;;;;;;;;;;;
23.08.2019;32145;;;;;;;;;;;
22.08.2019;32139;;;;;;;;;;;
21.08.2019;32120;;;;;;;;;;;
20.08.2019;32119;;;;;;;;;;;
19.08.2019;32117,5;;;;;;;;;;;
16.08.2019;32130;;;;;;;;;;;
15.08.2019;32124,5;;;;;;;;;;;
14.08.2019;30012;;;;;;;;;;;
13.08.2019;30010;;;;;;;;;;;
12.08.2019;31008;;;;;;;;;;;
09.08.2019;28019;;;;;;;;;;;
08.08.2019;28013;;;;;;;;;;;
07.08.2019;27800;;;;;;;;;;;
06.08.2019;27800;;;;;;;;;;;
05.08.2019;25584,5;;;;;;;;;;;
02.08.2019;25597,5;;;;;;;;;;;
01.08.2019;25593;;;;;;;;;;;
31.07.2019;25584;;;;;;;;;;;
30.07.2019;25584;;;;;;;;;;;
29.07.2019;25584;;;;;;;;;;;
26.07.2019;25597;;;;;;;;;;;
25.07.2019;27593;;;;;;;;;;;
24.07.2019;27584;;;;;;;;;;;
23.07.2019;27583,5;;;;;;;;;;;
22.07.2019;27583;;;;;;;;;;;
19.07.2019;27596;;;;;;;;;;;
18.07.2019;27592;;;;;;;;;;;
17.07.2019;27583;;;;;;;;;;;
16.07.2019;27583;;;;;;;;;;;
15.07.2019;27584;;;;;;;;;;;
12.07.2019;26650;;;;;;;;;;;
11.07.2019;26650;;;;;;;;;;;
10.07.2019;26650;;;;;;;;;;;
09.07.2019;26647;;;;;;;;;;;
08.07.2019;28600;;;;;;;;;;;
05.07.2019;28600;;;;;;;;;;;
04.07.2019;28600;;;;;;;;;;;
03.07.2019;28600;;;;;;;;;;;
02.07.2019;28600;;;;;;;;;;;
01.07.2019;28600;;;;;;;;;;;
28.06.2019;28600;;;;;;;;;;;
27.06.2019;28720;;;;;;;;;;;
26.06.2019;27860;;;;;;;;;;;
25.06.2019;28000;;;;;;;;;;;
24.06.2019;28000;;;;;;;;;;;
21.06.2019;28000;;;;;;;;;;;
20.06.2019;28000;;;;;;;;;;;
19.06.2019;28000;;;;;;;;;;;
18.06.2019;28000;;;;;;;;;;;
17.06.2019;28000;;;;;;;;;;;
14.06.2019;28000;;;;;;;;;;;
13.06.2019;28000;;;;;;;;;;;
12.06.2019;28000;;;;;;;;;;;
11.06.2019;28000;;;;;;;;;;;
10.06.2019;28000;;;;;;;;;;;
07.06.2019;28000;;;;;;;;;;;
06.06.2019;31000;;;;;;;;;;;
05.06.2019;32000;;;;;;;;;;;
04.06.2019;32000;;;;;;;;;;;
03.06.2019;32000;;;;;;;;;;;
31.05.2019;32000;;;;;;;;;;;
30.05.2019;33500;;;;;;;;;;;
29.05.2019;33500;;;;;;;;;;;
28.05.2019;33500;;;;;;;;;;;
24.05.2019;33500;;;;;;;;;;;
23.05.2019;34250;;;;;;;;;;;
22.05.2019;34250;;;;;;;;;;;
21.05.2019;34500;;;;;;;;;;;
20.05.2019;34500;;;;;;;;;;;
17.05.2019;34500;;;;;;;;;;;
16.05.2019;34500;;;;;;;;;;;
15.05.2019;34500;;;;;;;;;;;
14.05.2019;34500;;;;;;;;;;;
13.05.2019;34500;;;;;;;;;;;
10.05.2019;34500;;;;;;;;;;;
09.05.2019;34500;;;;;;;;;;;
08.05.2019;34500;;;;;;;;;;;
07.05.2019;34500;;;;;;;;;;;
03.05.2019;34500;;;;;;;;;;;
02.05.2019;34500;;;;;;;;;;;
01.05.2019;34500;;;;;;;;;;;
30.04.2019;34500;;;;;;;;;;;
29.04.2019;34500;;;;;;;;;;;
26.04.2019;34500;;;;;;;;;;;
25.04.2019;34500;;;;;;;;;;;
24.04.2019;34500;;;;;;;;;;;
23.04.2019;34500;;;;;;;;;;;
18.04.2019;35000;;;;;;;;;;;
17.04.2019;35000;;;;;;;;;;;
16.04.2019;34500;;;;;;;;;;;
15.04.2019;35000;;;;;;;;;;;
12.04.2019;34500;;;;;;;;;;;
11.04.2019;34500;;;;;;;;;;;
10.04.2019;33000;;;;;;;;;;;
09.04.2019;33000;;;;;;;;;;;
08.04.2019;32000;;;;;;;;;;;
05.04.2019;32000;;;;;;;;;;;
04.04.2019;31500;;;;;;;;;;;
03.04.2019;31500;;;;;;;;;;;
02.04.2019;31500;;;;;;;;;;;
01.04.2019;30000;;;;;;;;;;;
29.03.2019;30000;;;;;;;;;;;
28.03.2019;30000;;;;;;;;;;;
27.03.2019;30000;;;;;;;;;;;
26.03.2019;30000;;;;;;;;;;;
25.03.2019;30000;;;;;;;;;;;
22.03.2019;30000;;;;;;;;;;;
21.03.2019;30000;;;;;;;;;;;
20.03.2019;30000;;;;;;;;;;;
19.03.2019;31000;;;;;;;;;;;
18.03.2019;30000;;;;;;;;;;;
15.03.2019;30000;;;;;;;;;;;
14.03.2019;31000;;;;;;;;;;;
13.03.2019;32000;;;;;;;;;;;
12.03.2019;32000;;;;;;;;;;;
11.03.2019;32000;;;;;;;;;;;
08.03.2019;33000;;;;;;;;;;;
07.03.2019;35000;;;;;;;;;;;
06.03.2019;33000;;;;;;;;;;;
05.03.2019;33000;;;;;;;;;;;
04.03.2019;33000;;;;;;;;;;;
01.03.2019;33000;;;;;;;;;;;
28.02.2019;33000;;;;;;;;;;;
27.02.2019;32000;;;;;;;;;;;
26.02.2019;32000;;;;;;;;;;;
25.02.2019;32000;;;;;;;;;;;
22.02.2019;31000;;;;;;;;;;;
21.02.2019;31000;;;;;;;;;;;
20.02.2019;31000;;;;;;;;;;;
19.02.2019;31000;;;;;;;;;;;
18.02.2019;31000;;;;;;;;;;;
15.02.2019;31000;;;;;;;;;;;
14.02.2019;31000;;;;;;;;;;;
13.02.2019;32000;;;;;;;;;;;
12.02.2019;32000;;;;;;;;;;;
11.02.2019;32000;;;;;;;;;;;
08.02.2019;33000;;;;;;;;;;;
07.02.2019;33000;;;;;;;;;;;
06.02.2019;33000;;;;;;;;;;;
05.02.2019;33000;;;;;;;;;;;
04.02.2019;34000;;;;;;;;;;;
01.02.2019;34000;;;;;;;;;;;
31.01.2019;34000;;;;;;;;;;;
30.01.2019;36000;;;;;;;;;;;
29.01.2019;36500;;;;;;;;;;;
28.01.2019;38000;;;;;;;;;;;
25.01.2019;38000;;;;;;;;;;;
24.01.2019;38000;;;;;;;;;;;
23.01.2019;38000;;;;;;;;;;;
22.01.2019;38000;;;;;;;;;;;
21.01.2019;38000;;;;;;;;;;;
18.01.2019;38000;;;;;;;;;;;
17.01.2019;40000;;;;;;;;;;;
16.01.2019;40000;;;;;;;;;;;
15.01.2019;45000;;;;;;;;;;;
14.01.2019;40000;;;;;;;;;;;
11.01.2019;42000;;;;;;;;;;;
10.01.2019;45000;;;;;;;;;;;
09.01.2019;44000;;;;;;;;;;;
08.01.2019;44000;;;;;;;;;;;
07.01.2019;44000;;;;;;;;;;;
04.01.2019;45000;;;;;;;;;;;
03.01.2019;47000;;;;;;;;;;;
02.01.2019;47000;;;;;;;;;;;
31.12.2018;55000;;;;;;;;;;;
28.12.2018;55000;;;;;;;;;;;
27.12.2018;55000;;;;;;;;;;;
24.12.2018;55000;;;;;;;;;;;
21.12.2018;55000;;;;;;;;;;;
20.12.2018;55000;;;;;;;;;;;
19.12.2018;55000;;;;;;;;;;;
18.12.2018;57000;;;;;;;;;;;
17.12.2018;58000;;;;;;;;;;;
14.12.2018;55000;;;;;;;;;;;
13.12.2018;55000;;;;;;;;;;;
12.12.2018;55000;;;;;;;;;;;
11.12.2018;55000;;;;;;;;;;;
10.12.2018;55000;;;;;;;;;;;
07.12.2018;55000;;;;;;;;;;;
06.12.2018;55000;;;;;;;;;;;
05.12.2018;55000;;;;;;;;;;;
04.12.2018;55000;;;;;;;;;;;
03.12.2018;55000;;;;;;;;;;;
30.11.2018;55000;;;;;;;;;;;
29.11.2018;55000;;;;;;;;;;;
28.11.2018;55000;;;;;;;;;;;
27.11.2018;55000;;;;;;;;;;;
26.11.2018;55000;;;;;;;;;;;
23.11.2018;55000;;;;;;;;;;;
22.11.2018;55000;;;;;;;;;;;
21.11.2018;55000;;;;;;;;;;;
20.11.2018;55000;;;;;;;;;;;
19.11.2018;55000;;;;;;;;;;;
16.11.2018;55000;;;;;;;;;;;
15.11.2018;55000;;;;;;;;;;;
14.11.2018;55000;;;;;;;;;;;
13.11.2018;55000;;;;;;;;;;;
12.11.2018;55000;;;;;;;;;;;
09.11.2018;51000;;;;;;;;;;;
08.11.2018;55000;;;;;;;;;;;
07.11.2018;55000;;;;;;;;;;;
06.11.2018;54505,5;;;;;;;;;;;
05.11.2018;52500;;;;;;;;;;;
02.11.2018;58085;;;;;;;;;;;
01.11.2018;58094;;;;;;;;;;;
31.10.2018;59853;;;;;;;;;;;
30.10.2018;59611;;;;;;;;;;;
29.10.2018;59619;;;;;;;;;;;
26.10.2018;60377,5;;;;;;;;;;;
25.10.2018;60386;;;;;;;;;;;
24.10.2018;60394;;;;;;;;;;;
23.10.2018;60402;;;;;;;;;;;
22.10.2018;60410;;;;;;;;;;;
19.10.2018;60418;;;;;;;;;;;
18.10.2018;61176;;;;;;;;;;;
17.10.2018;62184;;;;;;;;;;;
16.10.2018;62192;;;;;;;;;;;
15.10.2018;62200;;;;;;;;;;;
12.10.2018;62208,5;;;;;;;;;;;
11.10.2018;62217;;;;;;;;;;;
10.10.2018;62225,5;;;;;;;;;;;
09.10.2018;62234;;;;;;;;;;;
08.10.2018;62492;;;;;;;;;;;
05.10.2018;56750;;;;;;;;;;;
04.10.2018;61660,5;;;;;;;;;;;
03.10.2018;54890,5;;;;;;;;;;;
02.10.2018;62635,5;;;;;;;;;;;
01.10.2018;57880;;;;;;;;;;;
28.09.2018;61874;;;;;;;;;;;
27.09.2018;61869;;;;;;;;;;;
26.09.2018;61854;;;;;;;;;;;
25.09.2018;61849;;;;;;;;;;;
24.09.2018;61844;;;;;;;;;;;
21.09.2018;61839;;;;;;;;;;;
20.09.2018;59583;;;;;;;;;;;
19.09.2018;62567;;;;;;;;;;;
18.09.2018;62561,5;;;;;;;;;;;
17.09.2018;62556;;;;;;;;;;;
14.09.2018;62556;;;;;;;;;;;
13.09.2018;62556;;;;;;;;;;;
12.09.2018;62806;;;;;;;;;;;
11.09.2018;61556;;;;;;;;;;;
10.09.2018;61556;;;;;;;;;;;
07.09.2018;61556;;;;;;;;;;;
06.09.2018;62306;;;;;;;;;;;
05.09.2018;62306;;;;;;;;;;;
04.09.2018;64306;;;;;;;;;;;
03.09.2018;64306;;;;;;;;;;;
31.08.2018;64306;;;;;;;;;;;
30.08.2018;65056;;;;;;;;;;;
29.08.2018;65056;;;;;;;;;;;
28.08.2018;63806;;;;;;;;;;;
24.08.2018;63806;;;;;;;;;;;
23.08.2018;63806;;;;;;;;;;;
22.08.2018;63806;;;;;;;;;;;
21.08.2018;63806;;;;;;;;;;;
20.08.2018;63814;;;;;;;;;;;
17.08.2018;63847;;;;;;;;;;;
16.08.2018;63847;;;;;;;;;;;
15.08.2018;63855;;;;;;;;;;;
14.08.2018;63864;;;;;;;;;;;
13.08.2018;63872;;;;;;;;;;;
10.08.2018;61650;;;;;;;;;;;
09.08.2018;61750;;;;;;;;;;;
08.08.2018;61500;;;;;;;;;;;
07.08.2018;55151,5;;;;;;;;;;;
06.08.2018;58743;;;;;;;;;;;
03.08.2018;64284;;;;;;;;;;;
02.08.2018;66025;;;;;;;;;;;
01.08.2018;67000;;;;;;;;;;;
31.07.2018;69000;;;;;;;;;;;
30.07.2018;69750;;;;;;;;;;;
27.07.2018;69750;;;;;;;;;;;
26.07.2018;69750;;;;;;;;;;;
25.07.2018;69750;;;;;;;;;;;
24.07.2018;69750;;;;;;;;;;;
23.07.2018;69750;;;;;;;;;;;
20.07.2018;69750;;;;;;;;;;;
19.07.2018;69750;;;;;;;;;;;
18.07.2018;69750;;;;;;;;;;;
17.07.2018;69750;;;;;;;;;;;
16.07.2018;67750;;;;;;;;;;;
13.07.2018;70250;;;;;;;;;;;
12.07.2018;70250;;;;;;;;;;;
11.07.2018;70250;;;;;;;;;;;
10.07.2018;69750;;;;;;;;;;;
09.07.2018;73000;;;;;;;;;;;
06.07.2018;73000;;;;;;;;;;;
05.07.2018;72250;;;;;;;;;;;
04.07.2018;71750;;;;;;;;;;;
03.07.2018;74750;;;;;;;;;;;
02.07.2018;74750;;;;;;;;;;;
29.06.2018;77550;;;;;;;;;;;
28.06.2018;77250;;;;;;;;;;;
27.06.2018;78750;;;;;;;;;;;
26.06.2018;77250;;;;;;;;;;;
25.06.2018;78750;;;;;;;;;;;
22.06.2018;79150;;;;;;;;;;;
21.06.2018;80000;;;;;;;;;;;
20.06.2018;80250;;;;;;;;;;;
19.06.2018;80000;;;;;;;;;;;
18.06.2018;80000;;;;;;;;;;;
15.06.2018;79750;;;;;;;;;;;
14.06.2018;81250;;;;;;;;;;;
13.06.2018;81000;;;;;;;;;;;
12.06.2018;80750;;;;;;;;;;;
11.06.2018;82250;;;;;;;;;;;
08.06.2018;82750;;;;;;;;;;;
07.06.2018;82000;;;;;;;;;;;
06.06.2018;83750;;;;;;;;;;;
05.06.2018;86750;;;;;;;;;;;
04.06.2018;87750;;;;;;;;;;;
01.06.2018;88000;;;;;;;;;;;
31.05.2018;90000;;;;;;;;;;;
30.05.2018;90500;;;;;;;;;;;
29.05.2018;90500;;;;;;;;;;;
25.05.2018;90750;;;;;;;;;;;
24.05.2018;90750;;;;;;;;;;;
23.05.2018;92250;;;;;;;;;;;
22.05.2018;92500;;;;;;;;;;;
21.05.2018;92000;;;;;;;;;;;
18.05.2018;90750;;;;;;;;;;;
17.05.2018;90750;;;;;;;;;;;
16.05.2018;90750;;;;;;;;;;;
15.05.2018;90750;;;;;;;;;;;
14.05.2018;91000;;;;;;;;;;;
11.05.2018;90500;;;;;;;;;;;
10.05.2018;89000;;;;;;;;;;;
09.05.2018;88500;;;;;;;;;;;
08.05.2018;88500;;;;;;;;;;;
04.05.2018;88500;;;;;;;;;;;
03.05.2018;88500;;;;;;;;;;;
02.05.2018;90000;;;;;;;;;;;
01.05.2018;88500;;;;;;;;;;;
30.04.2018;88500;;;;;;;;;;;
27.04.2018;88500;;;;;;;;;;;
26.04.2018;88500;;;;;;;;;;;
25.04.2018;88500;;;;;;;;;;;
24.04.2018;91250;;;;;;;;;;;
23.04.2018;91250;;;;;;;;;;;
20.04.2018;91250;;;;;;;;;;;
19.04.2018;91250;;;;;;;;;;;
18.04.2018;91250;;;;;;;;;;;
17.04.2018;92000;;;;;;;;;;;
16.04.2018;91250;;;;;;;;;;;
13.04.2018;92000;;;;;;;;;;;
12.04.2018;92000;;;;;;;;;;;
11.04.2018;91250;;;;;;;;;;;
10.04.2018;91250;;;;;;;;;;;
09.04.2018;91250;;;;;;;;;;;
06.04.2018;91250;;;;;;;;;;;
05.04.2018;91050;;;;;;;;;;;
04.04.2018;89050;;;;;;;;;;;
03.04.2018;93050;;;;;;;;;;;
29.03.2018;93550;;;;;;;;;;;
28.03.2018;93300;;;;;;;;;;;
27.03.2018;93300;;;;;;;;;;;
26.03.2018;94050;;;;;;;;;;;
23.03.2018;94050;;;;;;;;;;;
22.03.2018;94300;;;;;;;;;;;
21.03.2018;94800;;;;;;;;;;;
20.03.2018;89608;;;;;;;;;;;
19.03.2018;88605;;;;;;;;;;;
16.03.2018;88375;;;;;;;;;;;
15.03.2018;87125;;;;;;;;;;;
14.03.2018;85500;;;;;;;;;;;
13.03.2018;84500;;;;;;;;;;;
12.03.2018;84020;;;;;;;;;;;
09.03.2018;84020;;;;;;;;;;;
08.03.2018;84020;;;;;;;;;;;
07.03.2018;83020;;;;;;;;;;;
06.03.2018;83020;;;;;;;;;;;
05.03.2018;80500;;;;;;;;;;;
02.03.2018;79250;;;;;;;;;;;
01.03.2018;81000;;;;;;;;;;;
28.02.2018;81000;;;;;;;;;;;
27.02.2018;80900;;;;;;;;;;;
26.02.2018;81390;;;;;;;;;;;
23.02.2018;80725;;;;;;;;;;;
22.02.2018;80854;;;;;;;;;;;
21.02.2018;79503;;;;;;;;;;;
20.02.2018;79253;;;;;;;;;;;
19.02.2018;81000;;;;;;;;;;;
16.02.2018;81326,5;;;;;;;;;;;
15.02.2018;81511,5;;;;;;;;;;;
14.02.2018;81013;;;;;;;;;;;
13.02.2018;81264;;;;;;;;;;;
12.02.2018;81280,5;;;;;;;;;;;
09.02.2018;81292;;;;;;;;;;;
08.02.2018;81298;;;;;;;;;;;
07.02.2018;80799;;;;;;;;;;;
06.02.2018;80800;;;;;;;;;;;
05.02.2018;80379;;;;;;;;;;;
02.02.2018;80382;;;;;;;;;;;
01.02.2018;79881,5;;;;;;;;;;;
31.01.2018;79872;;;;;;;;;;;
30.01.2018;79867,5;;;;;;;;;;;
29.01.2018;79613;;;;;;;;;;;
26.01.2018;79623;;;;;;;;;;;
25.01.2018;79372,5;;;;;;;;;;;
24.01.2018;79363;;;;;;;;;;;
23.01.2018;79362;;;;;;;;;;;
22.01.2018;79358;;;;;;;;;;;
19.01.2018;79369,5;;;;;;;;;;;
18.01.2018;76869;;;;;;;;;;;
17.01.2018;76860;;;;;;;;;;;
16.01.2018;76860;;;;;;;;;;;
15.01.2018;77861;;;;;;;;;;;
12.01.2018;74947;;;;;;;;;;;
11.01.2018;75092;;;;;;;;;;;
10.01.2018;75098;;;;;;;;;;;
09.01.2018;75160;;;;;;;;;;;
08.01.2018;75160;;;;;;;;;;;
05.01.2018;75170;;;;;;;;;;;
04.01.2018;75170;;;;;;;;;;;
03.01.2018;75205;;;;;;;;;;;
02.01.2018;75205;;;;;;;;;;;
29.12.2017;75205;;;;;;;;;;;
28.12.2017;75205;;;;;;;;;;;
27.12.2017;75205;;;;;;;;;;;
22.12.2017;75205;;;;;;;;;;;
21.12.2017;75205;;;;;;;;;;;
20.12.2017;74705;;;;;;;;;;;
19.12.2017;74205;;;;;;;;;;;
18.12.2017;72205;;;;;;;;;;;
15.12.2017;72205;;;;;;;;;;;
14.12.2017;72205;;;;;;;;;;;
13.12.2017;70965;;;;;;;;;;;
12.12.2017;72750;;;;;;;;;;;
11.12.2017;74750;;;;;;;;;;;
08.12.2017;74500;;;;;;;;;;;
07.12.2017;69900;;;;;;;;;;;
06.12.2017;70099;;;;;;;;;;;
05.12.2017;69944;;;;;;;;;;;
04.12.2017;68776;;;;;;;;;;;
01.12.2017;66775;;;;;;;;;;;
30.11.2017;67280;;;;;;;;;;;
29.11.2017;66790;;;;;;;;;;;
28.11.2017;68800;;;;;;;;;;;
27.11.2017;64250;;;;;;;;;;;
24.11.2017;63250;;;;;;;;;;;
23.11.2017;61750;;;;;;;;;;;
22.11.2017;61000;;;;;;;;;;;
21.11.2017;61250;;;;;;;;;;;
20.11.2017;60750;;;;;;;;;;;
17.11.2017;61500;;;;;;;;;;;
16.11.2017;61000;;;;;;;;;;;
15.11.2017;61000;;;;;;;;;;;
14.11.2017;60000;;;;;;;;;;;
13.11.2017;60000;;;;;;;;;;;
10.11.2017;60750;;;;;;;;;;;
09.11.2017;61250;;;;;;;;;;;
08.11.2017;60040;;;;;;;;;;;
07.11.2017;60855;;;;;;;;;;;
06.11.2017;60860;;;;;;;;;;;
03.11.2017;60860;;;;;;;;;;;
02.11.2017;61370;;;;;;;;;;;
01.11.2017;61992;;;;;;;;;;;
31.10.2017;60500;;;;;;;;;;;
30.10.2017;61160;;;;;;;;;;;
27.10.2017;60550;;;;;;;;;;;
26.10.2017;60125;;;;;;;;;;;
25.10.2017;60516,5;;;;;;;;;;;
24.10.2017;60520;;;;;;;;;;;
23.10.2017;60024;;;;;;;;;;;
20.10.2017;61028;;;;;;;;;;;
19.10.2017;60282;;;;;;;;;;;
18.10.2017;60286;;;;;;;;;;;
17.10.2017;60040;;;;;;;;;;;
16.10.2017;60039;;;;;;;;;;;
13.10.2017;59538;;;;;;;;;;;
12.10.2017;59543,5;;;;;;;;;;;
11.10.2017;59542,5;;;;;;;;;;;
10.10.2017;59292;;;;;;;;;;;
09.10.2017;59290,5;;;;;;;;;;;
06.10.2017;58533;;;;;;;;;;;
05.10.2017;58952;;;;;;;;;;;
04.10.2017;58927;;;;;;;;;;;
03.10.2017;59651;;;;;;;;;;;
02.10.2017;59589;;;;;;;;;;;
29.09.2017;59094;;;;;;;;;;;
28.09.2017;58865;;;;;;;;;;;
27.09.2017;58864;;;;;;;;;;;
26.09.2017;59369;;;;;;;;;;;
25.09.2017;59342;;;;;;;;;;;
22.09.2017;59341;;;;;;;;;;;
21.09.2017;59340;;;;;;;;;;;
20.09.2017;59339;;;;;;;;;;;
19.09.2017;59844,5;;;;;;;;;;;
18.09.2017;59850;;;;;;;;;;;
15.09.2017;61850;;;;;;;;;;;
14.09.2017;60650;;;;;;;;;;;
13.09.2017;60650;;;;;;;;;;;
12.09.2017;60650;;;;;;;;;;;
11.09.2017;60850;;;;;;;;;;;
08.09.2017;60850;;;;;;;;;;;
07.09.2017;60850;;;;;;;;;;;
06.09.2017;60850;;;;;;;;;;;
05.09.2017;60750;;;;;;;;;;;
04.09.2017;60750;;;;;;;;;;;
01.09.2017;60750;;;;;;;;;;;
31.08.2017;60750;;;;;;;;;;;
30.08.2017;60750;;;;;;;;;;;
29.08.2017;61250;;;;;;;;;;;
25.08.2017;60750;;;;;;;;;;;
24.08.2017;60000;;;;;;;;;;;
23.08.2017;60000;;;;;;;;;;;
22.08.2017;60000;;;;;;;;;;;
21.08.2017;59813;;;;;;;;;;;
18.08.2017;60296;;;;;;;;;;;
17.08.2017;56796;;;;;;;;;;;
16.08.2017;56788;;;;;;;;;;;
15.08.2017;56780;;;;;;;;;;;
14.08.2017;56770;;;;;;;;;;;
11.08.2017;56750;;;;;;;;;;;
10.08.2017;57200;;;;;;;;;;;
09.08.2017;57200;;;;;;;;;;;
08.08.2017;57150;;;;;;;;;;;
07.08.2017;57500;;;;;;;;;;;
04.08.2017;59000;;;;;;;;;;;
03.08.2017;58000;;;;;;;;;;;
02.08.2017;55750;;;;;;;;;;;
01.08.2017;56940;;;;;;;;;;;
31.07.2017;56940;;;;;;;;;;;
28.07.2017;56930;;;;;;;;;;;
27.07.2017;56940;;;;;;;;;;;
26.07.2017;56940;;;;;;;;;;;
25.07.2017;56940;;;;;;;;;;;
24.07.2017;57700;;;;;;;;;;;
21.07.2017;58010;;;;;;;;;;;
20.07.2017;58600;;;;;;;;;;;
19.07.2017;58500;;;;;;;;;;;
18.07.2017;58500;;;;;;;;;;;
17.07.2017;58700;;;;;;;;;;;
14.07.2017;59130;;;;;;;;;;;
13.07.2017;59160;;;;;;;;;;;
12.07.2017;59190;;;;;;;;;;;
11.07.2017;59720;;;;;;;;;;;
10.07.2017;59750;;;;;;;;;;;
07.07.2017;60000;;;;;;;;;;;
06.07.2017;61000;;;;;;;;;;;
05.07.2017;58708;;;;;;;;;;;
04.07.2017;58709;;;;;;;;;;;
03.07.2017;59460;;;;;;;;;;;
30.06.2017;59792;;;;;;;;;;;
29.06.2017;59796;;;;;;;;;;;
28.06.2017;59300;;;;;;;;;;;
27.06.2017;58750;;;;;;;;;;;
26.06.2017;58750;;;;;;;;;;;
23.06.2017;58250;;;;;;;;;;;
22.06.2017;58125;;;;;;;;;;;
21.06.2017;58250;;;;;;;;;;;
20.06.2017;58250;;;;;;;;;;;
19.06.2017;57500;;;;;;;;;;;
16.06.2017;57750;;;;;;;;;;;
15.06.2017;56600;;;;;;;;;;;
14.06.2017;56600;;;;;;;;;;;
13.06.2017;56600;;;;;;;;;;;
12.06.2017;56350;;;;;;;;;;;
09.06.2017;56000;;;;;;;;;;;
08.06.2017;56350;;;;;;;;;;;
07.06.2017;56225;;;;;;;;;;;
06.06.2017;56100;;;;;;;;;;;
05.06.2017;56350;;;;;;;;;;;
02.06.2017;56350;;;;;;;;;;;
01.06.2017;55850;;;;;;;;;;;
31.05.2017;56350;;;;;;;;;;;
30.05.2017;56100;;;;;;;;;;;
26.05.2017;55850;;;;;;;;;;;
25.05.2017;55350;;;;;;;;;;;
24.05.2017;54500;;;;;;;;;;;
23.05.2017;54500;;;;;;;;;;;
22.05.2017;54500;;;;;;;;;;;
19.05.2017;54250;;;;;;;;;;;
18.05.2017;54500;;;;;;;;;;;
17.05.2017;55537;;;;;;;;;;;
16.05.2017;55543,75;;;;;;;;;;;
15.05.2017;54550;;;;;;;;;;;
12.05.2017;54550;;;;;;;;;;;
11.05.2017;54550;;;;;;;;;;;
10.05.2017;54550;;;;;;;;;;;
09.05.2017;54550;;;;;;;;;;;
08.05.2017;54450;;;;;;;;;;;
05.05.2017;55050;;;;;;;;;;;
04.05.2017;55050;;;;;;;;;;;
03.05.2017;54750;;;;;;;;;;;
02.05.2017;54750;;;;;;;;;;;
28.04.2017;55000;;;;;;;;;;;
27.04.2017;55250;;;;;;;;;;;
26.04.2017;55000;;;;;;;;;;;
25.04.2017;55000;;;;;;;;;;;
24.04.2017;55000;;;;;;;;;;;
21.04.2017;54750;;;;;;;;;;;
20.04.2017;54750;;;;;;;;;;;
19.04.2017;55000;;;;;;;;;;;
18.04.2017;55250;;;;;;;;;;;
13.04.2017;55250;;;;;;;;;;;
12.04.2017;55250;;;;;;;;;;;
11.04.2017;55750;;;;;;;;;;;
10.04.2017;55250;;;;;;;;;;;
07.04.2017;55500;;;;;;;;;;;
06.04.2017;55750;;;;;;;;;;;
05.04.2017;56250;;;;;;;;;;;
04.04.2017;55750;;;;;;;;;;;
03.04.2017;55750;;;;;;;;;;;
31.03.2017;54500;;;;;;;;;;;
30.03.2017;54750;;;;;;;;;;;
29.03.2017;54750;;;;;;;;;;;
28.03.2017;53750;;;;;;;;;;;
27.03.2017;53750;;;;;;;;;;;
24.03.2017;53750;;;;;;;;;;;
23.03.2017;54000;;;;;;;;;;;
22.03.2017;54000;;;;;;;;;;;
21.03.2017;52750;;;;;;;;;;;
20.03.2017;52750;;;;;;;;;;;
17.03.2017;52750;;;;;;;;;;;
16.03.2017;53250;;;;;;;;;;;
15.03.2017;53250;;;;;;;;;;;
14.03.2017;53000;;;;;;;;;;;
13.03.2017;52250;;;;;;;;;;;
10.03.2017;52250;;;;;;;;;;;
09.03.2017;52250;;;;;;;;;;;
08.03.2017;50750;;;;;;;;;;;
07.03.2017;50750;;;;;;;;;;;
06.03.2017;50850;;;;;;;;;;;
03.03.2017;51000;;;;;;;;;;;
02.03.2017;51250;;;;;;;;;;;
01.03.2017;51250;;;;;;;;;;;
28.02.2017;50250;;;;;;;;;;;
27.02.2017;49250;;;;;;;;;;;
24.02.2017;47750;;;;;;;;;;;
23.02.2017;47750;;;;;;;;;;;
22.02.2017;47750;;;;;;;;;;;
21.02.2017;47750;;;;;;;;;;;
20.02.2017;47750;;;;;;;;;;;
17.02.2017;44250;;;;;;;;;;;
16.02.2017;43250;;;;;;;;;;;
15.02.2017;43000;;;;;;;;;;;
14.02.2017;42500;;;;;;;;;;;
13.02.2017;42250;;;;;;;;;;;
10.02.2017;39850;;;;;;;;;;;
09.02.2017;39500;;;;;;;;;;;
08.02.2017;38750;;;;;;;;;;;
07.02.2017;38250;;;;;;;;;;;
06.02.2017;37750;;;;;;;;;;;
03.02.2017;37500;;;;;;;;;;;
02.02.2017;37500;;;;;;;;;;;
01.02.2017;37500;;;;;;;;;;;
31.01.2017;37000;;;;;;;;;;;
30.01.2017;37000;;;;;;;;;;;
27.01.2017;37000;;;;;;;;;;;
26.01.2017;36500;;;;;;;;;;;
25.01.2017;36000;;;;;;;;;;;
24.01.2017;36000;;;;;;;;;;;
23.01.2017;35750;;;;;;;;;;;
20.01.2017;35750;;;;;;;;;;;
19.01.2017;35250;;;;;;;;;;;
18.01.2017;35250;;;;;;;;;;;
17.01.2017;35000;;;;;;;;;;;
16.01.2017;34750;;;;;;;;;;;
13.01.2017;34449;;;;;;;;;;;
12.01.2017;33499;;;;;;;;;;;
11.01.2017;33244;;;;;;;;;;;
10.01.2017;32993;;;;;;;;;;;
09.01.2017;32742;;;;;;;;;;;
06.01.2017;32740,5;;;;;;;;;;;
05.01.2017;32739,5;;;;;;;;;;;
04.01.2017;32736;;;;;;;;;;;
03.01.2017;32735;;;;;;;;;;;
30.12.2016;32734;;;;;;;;;;;