Date;Price
13-May-2025;1,360.90
12-May-2025;1,343.10
09-May-2025;1,331.30
08-May-2025;1,345.80
07-May-2025;1,343.30
06-May-2025;1,339.10
05-May-2025;1,330.00
02-May-2025;1,351.50
01-May-2025;1,351.50
30. Apr 25;1,350.50
29. Apr 25;1,360.50
28. Apr 25;1,358.90
25. Apr 25;1,366.50
24. Apr 25;1,359.70
23. Apr 25;1,368.50
22. Apr 25;1,361.40
21. Apr 25;1,356.30
17. Apr 25;1,352.00
16. Apr 25;1,350.80
15. Apr 25;1,325.40
14. Apr 25;1,325.40
11. Apr 25;1,275.80
10. Apr 25;1,275.80
09. Apr 25;1,275.80
08. Apr 25;1,283.90
07. Apr 25;1,369.00
04. Apr 25;1,387.50
03. Apr 25;1,402.10
02. Apr 25;1,403.50
01. Apr 25;1,415.20
31-Mar-2025;1,415.20
28-Mar-2025;1,405.50
27-Mar-2025;1,403.30
26-Mar-2025;1,402.90
25-Mar-2025;1,415.80
24-Mar-2025;1,419.20
21-Mar-2025;1,432.70
20-Mar-2025;1,443.80
19-Mar-2025;1,434.90
18-Mar-2025;1,458.30
17-Mar-2025;1,450.90
14-Mar-2025;1,450.90
13-Mar-2025;1,457.80
12-Mar-2025;1,441.30
11-Mar-2025;1,435.70
10-Mar-2025;1,419.20
07-Mar-2025;1,399.50
06-Mar-2025;1,404.40
05-Mar-2025;1,385.50
04-Mar-2025;1,383.50
03-Mar-2025;1,378.10
28. Feb 25;1,378.20
27. Feb 25;1,356.80
26. Feb 25;1,356.80
25. Feb 25;1,365.50
24. Feb 25;1,357.50
21. Feb 25;1,366.00
20. Feb 25;1,353.30
19. Feb 25;1,354.50
18. Feb 25;1,368.70
17. Feb 25;1,364.50
14. Feb 25;1,352.50
13. Feb 25;1,348.80
12. Feb 25;1,362.20
11. Feb 25;1,380.00
10. Feb 25;1,382.20
07. Feb 25;1,378.50
06. Feb 25;1,343.00
05. Feb 25;1,330.80
04. Feb 25;1,335.00
03. Feb 25;1,337.10
01. Feb 25;1,337.10
31. Jan 25;1,346.60
30. Jan 25;1,350.50
29. Jan 25;1,363.00
28. Jan 25;1,367.00
27. Jan 25;1,361.50
24. Jan 25;1,376.70
23. Jan 25;1,381.70
22. Jan 25;1,398.50
21. Jan 25;1,381.70
20. Jan 25;1,382.50
17. Jan 25;1,377.20
16. Jan 25;1,370.80
15. Jan 25;1,373.50
14. Jan 25;1,367.50
13. Jan 25;1,341.50
10. Jan 25;1,336.50
09. Jan 25;1,338.50
08. Jan 25;1,323.30
07. Jan 25;1,312.30
06. Jan 25;1,315.00
03. Jan 25;1,327.50
02. Jan 25;1,331.80
01. Jan 25;1,338.10
31-Dec-2024;1,339.20
30-Dec-2024;1,335.40
27-Dec-2024;1,331.50
26-Dec-2024;1,336.10
24-Dec-2024;1,336.10
23-Dec-2024;1,332.50
20-Dec-2024;1,325.00
19-Dec-2024;1,335.80
18-Dec-2024;1,340.00
17-Dec-2024;1,354.20
16-Dec-2024;1,377.60
13-Dec-2024;1,357.00
12-Dec-2024;1,357.00
11-Dec-2024;1,359.20
10-Dec-2024;1,360.80
09-Dec-2024;1,371.00
06-Dec-2024;1,368.50
05-Dec-2024;1,375.00
04-Dec-2024;1,362.50
03-Dec-2024;1,351.30
02-Dec-2024;1,360.00
29. Nov 24;1,351.50
28. Nov 24;1,350.00
27. Nov 24;1,361.20
26. Nov 24;1,355.00
25. Nov 24;1,348.40
22. Nov 24;1,361.20
21. Nov 24;1,353.00
20. Nov 24;1,353.00
19. Nov 24;1,333.40
18. Nov 24;1,340.80
15. Nov 24;1,340.80
14. Nov 24;1,355.00
13. Nov 24;1,361.70
12. Nov 24;1,368.30
11. Nov 24;1,393.00
08. Nov 24;1,388.70
07. Nov 24;1,360.00
06. Nov 24;1,366.30
05. Nov 24;1,363.60
04. Nov 24;1,356.00
01. Nov 24;1,356.00
31-Oct-2024;1,355.00
30-Oct-2024;1,363.30
29-Oct-2024;1,369.10
28-Oct-2024;1,372.00
25-Oct-2024;1,390.00
24-Oct-2024;1,397.70
23-Oct-2024;1,421.90
22-Oct-2024;1,439.40
21-Oct-2024;1,443.00
18-Oct-2024;1,443.80
17-Oct-2024;1,473.20
16-Oct-2024;1,477.70
15-Oct-2024;1,485.00
14-Oct-2024;1,493.70
11-Oct-2024;1,478.20
10-Oct-2024;1,489.10
09-Oct-2024;1,488.00
08-Oct-2024;1,516.50
07-Oct-2024;1,521.70
04-Oct-2024;1,521.70
03-Oct-2024;1,476.20
01-Oct-2024;1,438.00
30. Sep 24;1,418.30
27. Sep 24;1,405.00
26. Sep 24;1,404.20
25. Sep 24;1,405.20
24. Sep 24;1,387.00
23. Sep 24;1,391.50
20. Sep 24;1,391.40
19. Sep 24;1,372.30
18. Sep 24;1,385.50
17. Sep 24;1,360.80
16. Sep 24;1,370.90
13. Sep 24;1,380.20
12. Sep 24;1,348.50
11. Sep 24;1,348.50
10. Sep 24;1,353.80
09. Sep 24;1,359.20
06. Sep 24;1,359.60
05. Sep 24;1,387.20
04. Sep 24;1,400.00
03. Sep 24;1,410.00
02. Sep 24;1,431.30
30. Aug 24;1,424.60
29. Aug 24;1,427.50
28. Aug 24;1,438.00
27. Aug 24;1,420.40
26. Aug 24;1,420.40
23. Aug 24;1,406.70
22. Aug 24;1,429.10
21. Aug 24;1,419.20
20. Aug 24;1,366.40
19. Aug 24;1,366.40
16. Aug 24;1,368.30
14. Aug 24;1,363.80
13. Aug 24;1,369.90
12. Aug 24;1,380.30
09. Aug 24;1,361.70
08. Aug 24;1,371.70
07. Aug 24;1,362.50
06. Aug 24;1,375.70
05. Aug 24;1,373.50
02. Aug 24;1,381.50
01. Aug 24;1,380.30
31. Jul 24;1,330.00
30. Jul 24;1,336.90
29. Jul 24;1,337.00
26. Jul 24;1,327.50
25. Jul 24;1,347.50
24. Jul 24;1,358.00
23. Jul 24;1,371.50
22. Jul 24;1,379.20
19. Jul 24;1,392.50
18. Jul 24;1,416.30
17. Jul 24;1,416.30
16. Jul 24;1,418.90
15. Jul 24;1,430.70
12. Jul 24;1,437.50
11. Jul 24;1,456.00
10. Jul 24;1,460.50
09. Jul 24;1,462.50
08. Jul 24;1,465.40
05. Jul 24;1,456.00
04. Jul 24;1,465.40
03. Jul 24;1,475.70
02. Jul 24;1,465.80
01. Jul 24;1,464.30
28. Jun 24;1,450.30
27. Jun 24;1,459.20
26. Jun 24;1,463.00
25. Jun 24;1,452.50
24. Jun 24;1,464.70
21. Jun 24;1,470.80
20. Jun 24;1,473.80
19. Jun 24;1,466.30
18. Jun 24;1,476.10
17. Jun 24;1,476.10
14. Jun 24;1,502.50
13. Jun 24;1,506.70
12. Jun 24;1,522.90
11. Jun 24;1,527.50
10. Jun 24;1,550.40
07. Jun 24;1,591.70
06. Jun 24;1,608.50
05. Jun 24;1,632.20
04. Jun 24;1,667.50
03. Jun 24;1,702.10
31-May-2024;1,705.00
30-May-2024;1,728.40
29-May-2024;1,717.50
28-May-2024;1,703.30
27-May-2024;1,710.00
24-May-2024;1,714.30
23-May-2024;1,757.30
22-May-2024;1,783.10
21-May-2024;1,746.70
20-May-2024;1,746.70
17-May-2024;1,650.00
16-May-2024;1,628.60
15-May-2024;1,618.70
14-May-2024;1,610.80
13-May-2024;1,613.20
10-May-2024;1,598.30
09-May-2024;1,597.20
08-May-2024;1,615.60
07-May-2024;1,615.90
06-May-2024;1,598.60
03-May-2024;1,592.10
02-May-2024;1,616.80
01-May-2024;1,616.80
30. Apr 24;1,629.30
29. Apr 24;1,632.50
26. Apr 24;1,610.80
25. Apr 24;1,615.40
24. Apr 24;1,602.50
23. Apr 24;1,621.90
22. Apr 24;1,602.50
19. Apr 24;1,548.20
18. Apr 24;1,526.30
17. Apr 24;1,526.30
16. Apr 24;1,569.20
15. Apr 24;1,520.80
12. Apr 24;1,548.60
11. Apr 24;1,548.60
10. Apr 24;1,497.50
09. Apr 24;1,505.70
08. Apr 24;1,496.10
05. Apr 24;1,462.00
04. Apr 24;1,432.00
03. Apr 24;1,423.50
02. Apr 24;1,423.50
01. Apr 24;1,421.90
28-Mar-2024;1,419.10
27-Mar-2024;1,430.70
26-Mar-2024;1,473.20
25-Mar-2024;1,473.20
22-Mar-2024;1,480.80
21-Mar-2024;1,476.30
20-Mar-2024;1,486.00
19-Mar-2024;1,508.30
18-Mar-2024;1,522.50
15-Mar-2024;1,485.80
14-Mar-2024;1,485.80
13-Mar-2024;1,485.80
12-Mar-2024;1,485.80
11-Mar-2024;1,485.80
08-Mar-2024;1,485.00
07-Mar-2024;1,485.00
06-Mar-2024;1,473.70
05-Mar-2024;1,473.70
04-Mar-2024;1,461.70
01-Mar-2024;1,468.50
29. Feb 24;1,447.50
28. Feb 24;1,444.40
27. Feb 24;1,448.50
26. Feb 24;1,453.90
23. Feb 24;1,432.30
22. Feb 24;1,398.10
21. Feb 24;1,375.40
20. Feb 24;1,376.00
19. Feb 24;1,375.80
16. Feb 24;1,382.30
15. Feb 24;1,376.80
14. Feb 24;1,368.80
13. Feb 24;1,363.80
12. Feb 24;1,371.70
09. Feb 24;1,368.60
08. Feb 24;1,371.60
07. Feb 24;1,381.00
06. Feb 24;1,381.00
05. Feb 24;1,393.30
02. Feb 24;1,384.30
01. Feb 24;1,396.40
31. Jan 24;1,394.60
30. Jan 24;1,389.20
29. Jan 24;1,398.90
25. Jan 24;1,388.30
24. Jan 24;1,386.70
23. Jan 24;1,380.00
22. Jan 24;1,380.00
19. Jan 24;1,380.70
18. Jan 24;1,386.70
17. Jan 24;1,386.30
16. Jan 24;1,390.00
15. Jan 24;1,396.70
12. Jan 24;1,397.90
11. Jan 24;1,390.00
10. Jan 24;1,402.00
09. Jan 24;1,398.80
08. Jan 24;1,387.50
05. Jan 24;1,408.50
04. Jan 24;1,420.00
03. Jan 24;1,417.50
02. Jan 24;1,419.20
01. Jan 24;1,414.80
29-Dec-2023;1,436.10
28-Dec-2023;1,438.10
27-Dec-2023;1,422.20
26-Dec-2023;1,430.40
22-Dec-2023;1,422.80
21-Dec-2023;1,422.50
20-Dec-2023;1,411.20
19-Dec-2023;1,434.60
18-Dec-2023;1,449.40
15-Dec-2023;1,423.80
14-Dec-2023;1,400.80
13-Dec-2023;1,420.80
12-Dec-2023;1,420.80
11-Dec-2023;1,414.60
08-Dec-2023;1,427.50
07-Dec-2023;1,413.60
06-Dec-2023;1,415.00
05-Dec-2023;1,410.40
04-Dec-2023;1,423.40
01-Dec-2023;1,435.80
30. Nov 23;1,423.70
29. Nov 23;1,440.10
28. Nov 23;1,402.50
27. Nov 23;1,410.70
24. Nov 23;1,410.70
23. Nov 23;1,413.50
22. Nov 23;1,431.30
21. Nov 23;1,448.20
20. Nov 23;1,464.20
17. Nov 23;1,464.20
16. Nov 23;1,490.00
15. Nov 23;1,502.50
14. Nov 23;1,502.50
13. Nov 23;1,502.50
12. Nov 23;1,502.50
10. Nov 23;1,502.50
09. Nov 23;1,523.80
08. Nov 23;1,531.90
07. Nov 23;1,541.10
06. Nov 23;1,541.70
03. Nov 23;1,535.80
02. Nov 23;1,535.80
01. Nov 23;1,541.50
31-Oct-2023;1,565.90
30-Oct-2023;1,573.70
27-Oct-2023;1,560.00
26-Oct-2023;1,559.60
25-Oct-2023;1,565.00
24-Oct-2023;1,573.80
23-Oct-2023;1,573.80
20-Oct-2023;1,572.00
19-Oct-2023;1,593.00
18-Oct-2023;1,584.70
17-Oct-2023;1,598.20
16-Oct-2023;1,587.40
13-Oct-2023;1,586.90
12-Oct-2023;1,584.10
11-Oct-2023;1,585.70
10-Oct-2023;1,594.50
09-Oct-2023;1,585.00
06-Oct-2023;1,584.90
05-Oct-2023;1,595.00
04-Oct-2023;1,598.50
03-Oct-2023;1,618.10
29. Sep 23;1,617.50
28. Sep 23;1,608.30
27. Sep 23;1,631.70
26. Sep 23;1,656.10
25. Sep 23;1,648.30
22. Sep 23;1,666.30
21. Sep 23;1,711.40
20. Sep 23;1,705.00
19. Sep 23;1,705.00
18. Sep 23;1,725.40
15. Sep 23;1,726.10
14. Sep 23;1,692.90
13. Sep 23;1,710.00
12. Sep 23;1,729.20
11. Sep 23;1,727.50
08. Sep 23;1,750.00
07. Sep 23;1,753.00
06. Sep 23;1,760.00
05. Sep 23;1,761.80
04. Sep 23;1,736.40
01. Sep 23;1,728.10
31. Aug 23;1,740.00
30. Aug 23;1,744.30
29. Aug 23;1,748.10
28. Aug 23;1,758.00
25. Aug 23;1,737.60
24. Aug 23;1,738.80
23. Aug 23;1,726.30
22. Aug 23;1,724.60
21. Aug 23;1,721.80
18. Aug 23;1,710.00
17. Aug 23;1,699.00
16. Aug 23;1,732.00
14. Aug 23;1,741.10
11. Aug 23;1,754.50
10. Aug 23;1,773.50
09. Aug 23;1,789.30
08. Aug 23;1,816.30
07. Aug 23;1,826.80
04. Aug 23;1,810.70
03. Aug 23;1,834.10
02. Aug 23;1,850.00
01. Aug 23;1,816.30
31. Jul 23;1,786.70
28. Jul 23;1,797.50
27. Jul 23;1,812.90
26. Jul 23;1,795.80
25. Jul 23;1,752.50
24. Jul 23;1,783.20
21. Jul 23;1,781.90
20. Jul 23;1,766.70
19. Jul 23;1,770.60
18. Jul 23;1,773.40
17. Jul 23;1,796.30
14. Jul 23;1,778.80
13. Jul 23;1,768.70
12. Jul 23;1,762.50
11. Jul 23;1,770.00
10. Jul 23;1,767.50
07. Jul 23;1,780.00
06. Jul 23;1,721.70
05. Jul 23;1,728.00
04. Jul 23;1,744.00
03. Jul 23;1,729.80
30. Jun 23;1,748.00
29. Jun 23;1,748.00
28. Jun 23;1,781.00
27. Jun 23;1,799.20
26. Jun 23;1,798.30
23. Jun 23;1,819.00
22. Jun 23;1,869.30
21. Jun 23;1,888.00
20. Jun 23;1,923.30
19. Jun 23;1,950.30
16. Jun 23;1,927.00
15. Jun 23;1,871.10
14. Jun 23;1,818.90
13. Jun 23;1,819.20
12. Jun 23;1,842.10
09. Jun 23;1,820.00
08. Jun 23;1,806.00
07. Jun 23;1,818.80
06. Jun 23;1,820.80
05. Jun 23;1,843.60
02. Jun 23;1,806.30
01. Jun 23;1,776.70
31-May-2023;1,818.60
30-May-2023;1,842.80
29-May-2023;1,847.00
26-May-2023;1,808.30
25-May-2023;1,807.40
24-May-2023;1,821.70
23-May-2023;1,849.50
22-May-2023;1,885.00
19-May-2023;1,855.50
18-May-2023;1,836.30
17-May-2023;1,855.00
16-May-2023;1,924.20
15-May-2023;1,917.50
12-May-2023;1,939.20
11-May-2023;1,974.00
10-May-2023;2,008.60
09-May-2023;2,040.00
08-May-2023;2,010.00
05-May-2023;2,081.70
04-May-2023;2,065.00
03-May-2023;2,005.00
02-May-2023;1,994.20
01-May-2023;1,994.20
28. Apr 23;2,000.00
27. Apr 23;2,000.50
26. Apr 23;2,041.50
25. Apr 23;2,054.20
24. Apr 23;2,068.00
21. Apr 23;2,104.20
20. Apr 23;2,067.50
19. Apr 23;2,065.00
18. Apr 23;2,063.90
17. Apr 23;1,972.50
14. Apr 23;1,972.50
13. Apr 23;1,973.00
12. Apr 23;1,987.50
11. Apr 23;1,963.00
10. Apr 23;1,946.00
06. Apr 23;1,973.30
05. Apr 23;2,005.00
04. Apr 23;2,005.00
03. Apr 23;2,000.50
31-Mar-2023;2,020.00
30-Mar-2023;2,020.00
29-Mar-2023;2,030.00
28-Mar-2023;2,011.50
27-Mar-2023;2,013.00
24-Mar-2023;1,967.00
23-Mar-2023;1,985.00
22-Mar-2023;1,991.70
21-Mar-2023;2,006.10
20-Mar-2023;2,022.50
17-Mar-2023;2,002.50
16-Mar-2023;2,043.60
15-Mar-2023;2,012.50
14-Mar-2023;2,012.50
13-Mar-2023;2,018.50
10-Mar-2023;2,093.80
09-Mar-2023;2,097.50
08-Mar-2023;2,148.30
07-Mar-2023;2,148.30
06-Mar-2023;2,137.50
03-Mar-2023;2,140.00
02-Mar-2023;2,177.50
01-Mar-2023;2,189.60
28. Feb 23;2,180.00
27. Feb 23;2,209.00
24. Feb 23;2,286.10
23. Feb 23;2,314.00
22. Feb 23;2,312.00
21. Feb 23;2,284.00
20. Feb 23;2,272.00
17. Feb 23;2,269.00
16. Feb 23;2,282.50
15. Feb 23;2,312.50
14. Feb 23;2,450.00
13. Feb 23;2,450.00
10. Feb 23;2,380.00
09. Feb 23;2,380.00
08. Feb 23;2,346.70
07. Feb 23;2,382.50
06. Feb 23;2,465.00
03. Feb 23;2,430.00
02. Feb 23;2,515.50
01. Feb 23;2,450.00
31. Jan 23;2,451.50
30. Jan 23;2,451.50
27. Jan 23;2,392.00
25. Jan 23;2,370.00
24. Jan 23;2,361.30
23. Jan 23;2,392.00
20. Jan 23;2,382.50
19. Jan 23;2,359.00
18. Jan 23;2,283.50
17. Jan 23;2,263.00
16. Jan 23;2,340.80
13. Jan 23;2,247.00
12. Jan 23;2,377.50
11. Jan 23;2,351.50
10. Jan 23;2,450.00
09. Jan 23;2,450.00
06. Jan 23;2,450.00
05. Jan 23;2,595.00
04. Jan 23;2,607.50
03. Jan 23;2,547.00
02. Jan 23;2,567.50
30-Dec-2022;2,547.00
29-Dec-2022;2,580.00
28-Dec-2022;2,475.00
27-Dec-2022;2,481.50
26-Dec-2022;2,425.80
23-Dec-2022;2,425.80
22-Dec-2022;2,360.00
21-Dec-2022;2,392.50
20-Dec-2022;2,372.50
19-Dec-2022;2,400.00
16-Dec-2022;2,402.50
15-Dec-2022;2,401.30
14-Dec-2022;2,445.00
13-Dec-2022;2,467.50
12-Dec-2022;2,530.00
09-Dec-2022;2,600.00
08-Dec-2022;2,385.00
07-Dec-2022;2,365.00
06-Dec-2022;2,376.30
05-Dec-2022;2,292.30
02-Dec-2022;2,256.00
01-Dec-2022;2,246.70
30. Nov 22;2,203.00
29. Nov 22;2,134.50
28. Nov 22;2,199.20
25. Nov 22;2,186.00
24. Nov 22;2,186.00
23. Nov 22;2,150.00
22. Nov 22;2,137.40
21. Nov 22;2,095.00
18. Nov 22;2,262.50
17. Nov 22;2,496.00
16. Nov 22;2,496.00
15. Nov 22;2,310.00
14. Nov 22;2,176.00
11. Nov 22;2,075.00
10. Nov 22;2,075.00
09. Nov 22;1,995.00
08. Nov 22;1,995.00
07. Nov 22;1,981.00
04. Nov 22;1,940.00
03. Nov 22;1,940.00
02. Nov 22;1,900.00
01. Nov 22;1,900.00
31-Oct-2022;1,902.50
28-Oct-2022;1,897.00
27-Oct-2022;1,890.00
26-Oct-2022;1,873.00
25-Oct-2022;1,873.00
24-Oct-2022;1,873.00
21-Oct-2022;1,890.00
20-Oct-2022;1,895.70
19-Oct-2022;1,868.00
18-Oct-2022;1,874.20
17-Oct-2022;1,916.30
14-Oct-2022;1,927.50
13-Oct-2022;1,900.00
12-Oct-2022;1,902.50
11-Oct-2022;1,908.50
10-Oct-2022;1,915.00
07-Oct-2022;1,927.50
06-Oct-2022;1,855.00
05-Oct-2022;1,855.00
04-Oct-2022;1,875.00
03-Oct-2022;1,941.70
30. Sep 22;1,910.00
29. Sep 22;1,828.30
28. Sep 22;1,891.50
27. Sep 22;1,900.00
26. Sep 22;1,900.00
23. Sep 22;2,043.50
22. Sep 22;2,049.20
21. Sep 22;2,027.50
20. Sep 22;1,975.00
19. Sep 22;1,908.30
16. Sep 22;1,970.00
15. Sep 22;1,930.00
14. Sep 22;1,930.00
13. Sep 22;1,930.00
12. Sep 22;1,930.00
09. Sep 22;1,799.20
08. Sep 22;1,806.30
07. Sep 22;1,828.80
06. Sep 22;1,781.00
05. Sep 22;1,780.00
02. Sep 22;1,797.00
01. Sep 22;1,822.00
31. Aug 22;1,822.00
30. Aug 22;1,832.30
29. Aug 22;1,859.30
26. Aug 22;1,825.10
25. Aug 22;1,825.10
24. Aug 22;1,834.50
23. Aug 22;1,882.50
22. Aug 22;1,887.00
19. Aug 22;1,885.00
18. Aug 22;1,918.00
17. Aug 22;1,878.00
16. Aug 22;1,878.00
12. Aug 22;1,880.00
11. Aug 22;1,886.00
10. Aug 22;1,870.00
09. Aug 22;1,870.00
08. Aug 22;1,880.00
05. Aug 22;1,928.50
04. Aug 22;1,949.20
03. Aug 22;1,987.50
02. Aug 22;2,034.00
01. Aug 22;1,948.30
29. Jul 22;1,950.80
28. Jul 22;1,938.30
27. Jul 22;1,982.50
26. Jul 22;1,950.80
25. Jul 22;1,920.00
22. Jul 22;1,947.00
21. Jul 22;1,931.70
20. Jul 22;1,948.80
19. Jul 22;1,955.50
18. Jul 22;1,910.00
15. Jul 22;1,963.50
14. Jul 22;1,995.00
13. Jul 22;1,995.50
12. Jul 22;2,005.00
11. Jul 22;2,017.50
08. Jul 22;2,045.50
07. Jul 22;2,043.00
06. Jul 22;2,035.80
05. Jul 22;2,036.70
04. Jul 22;2,012.00
01. Jul 22;2,043.40
30. Jun 22;2,080.00
29. Jun 22;2,080.00
28. Jun 22;2,060.70
27. Jun 22;2,000.00
24. Jun 22;2,000.00
23. Jun 22;2,056.80
22. Jun 22;2,159.20
21. Jun 22;2,140.00
20. Jun 22;2,153.30
17. Jun 22;2,154.50
16. Jun 22;2,144.00
15. Jun 22;2,163.50
14. Jun 22;2,201.70
13. Jun 22;2,280.00
10. Jun 22;2,297.90
09. Jun 22;2,360.00
08. Jun 22;2,336.70
07. Jun 22;2,304.00
06. Jun 22;2,304.00
03. Jun 22;2,304.00
02. Jun 22;2,304.00
01. Jun 22;2,304.00
31-May-2022;2,109.00
30-May-2022;2,109.00
27-May-2022;2,109.00
26-May-2022;2,109.00
25-May-2022;2,083.80
24-May-2022;2,136.70
23-May-2022;2,152.50
20-May-2022;2,180.80
19-May-2022;2,096.70
18-May-2022;2,096.70
17-May-2022;2,105.00
16-May-2022;2,120.00
13-May-2022;2,165.20
12-May-2022;2,156.40
11-May-2022;2,211.00
10-May-2022;2,211.00
09-May-2022;2,273.00
06-May-2022;2,325.00
05-May-2022;2,336.40
04-May-2022;2,376.00
03-May-2022;2,474.20
02-May-2022;2,474.20
29. Apr 22;2,532.30
28. Apr 22;2,603.80
27. Apr 22;2,553.00
26. Apr 22;2,490.00
25. Apr 22;2,466.50
22. Apr 22;2,508.20
21. Apr 22;2,517.30
20. Apr 22;2,516.60
19. Apr 22;2,505.60
18. Apr 22;2,516.00
14. Apr 22;2,501.00
13. Apr 22;2,479.60
12. Apr 22;2,457.70
11. Apr 22;2,436.80
08. Apr 22;2,464.30
07. Apr 22;2,464.30
06. Apr 22;2,529.70
05. Apr 22;2,529.70
04. Apr 22;2,500.00
01. Apr 22;2,447.80
31-Mar-2022;2,430.00
30-Mar-2022;2,450.00
29-Mar-2022;2,390.30
28-Mar-2022;2,493.70
25-Mar-2022;2,598.10
24-Mar-2022;2,325.30
23-Mar-2022;2,153.10
22-Mar-2022;2,083.00
21-Mar-2022;2,201.50
18-Mar-2022;2,455.00
17-Mar-2022;2,612.50
16-Mar-2022;2,717.60
15-Mar-2022;2,856.40
14-Mar-2022;2,815.70
11-Mar-2022;2,794.50
10-Mar-2022;2,922.20
09-Mar-2022;3,205.20
08-Mar-2022;3,341.20
07-Mar-2022;3,795.50
04-Mar-2022;2,229.40
03-Mar-2022;2,089.40
02-Mar-2022;1,983.60
01-Mar-2022;1,930.50
28. Feb 22;1,886.90
25. Feb 22;1,863.10
24. Feb 22;1,864.80
23. Feb 22;1,857.60
22. Feb 22;1,852.90
21. Feb 22;1,820.80
18. Feb 22;1,809.30
17. Feb 22;1,805.90
16. Feb 22;1,780.60
15. Feb 22;1,776.30
14. Feb 22;1,779.80
11. Feb 22;1,766.10
10. Feb 22;1,782.90
09. Feb 22;1,767.70
08. Feb 22;1,729.30
07. Feb 22;1,774.20
04. Feb 22;1,742.60
03. Feb 22;1,730.70
02. Feb 22;1,735.20
01. Feb 22;1,726.60
31. Jan 22;1,728.50
28. Jan 22;1,712.30
27. Jan 22;1,733.20
25. Jan 22;1,716.40
24. Jan 22;1,725.40
21. Jan 22;1,820.00
20. Jan 22;1,789.80
19. Jan 22;1,729.90
18. Jan 22;1,655.10
17. Jan 22;1,644.20
14. Jan 22;1,631.50
13. Jan 22;1,622.00
12. Jan 22;1,617.00
11. Jan 22;1,601.40
10. Jan 22;1,569.20
07. Jan 22;1,567.00
06. Jan 22;1,554.60
05. Jan 22;1,566.30
04. Jan 22;1,586.40
03. Jan 22;1,570.60
31-Dec-2021;1,562.80
30-Dec-2021;1,556.30
29-Dec-2021;1,558.20
28-Dec-2021;1,559.60
27-Dec-2021;1,575.90
24-Dec-2021;1,565.90
23-Dec-2021;1,562.70
22-Dec-2021;1,558.30
21-Dec-2021;1,542.50
20-Dec-2021;1,525.40
17-Dec-2021;1,548.10
16-Dec-2021;1,546.40
15-Dec-2021;1,523.20
14-Dec-2021;1,541.30
13-Dec-2021;1,549.20
10-Dec-2021;1,555.10
09-Dec-2021;1,559.10
08-Dec-2021;1,574.20
07-Dec-2021;1,567.30
06-Dec-2021;1,544.00
03-Dec-2021;1,550.60
02-Dec-2021;1,538.60
01-Dec-2021;1,538.60
30. Nov 21;1,568.40
29. Nov 21;1,561.90
26. Nov 21;1,562.10
25. Nov 21;1,598.10
24. Nov 21;1,606.00
23. Nov 21;1,571.10
22. Nov 21;1,545.70
19. Nov 21;1,528.50
18. Nov 21;1,513.40
17. Nov 21;1,498.30
16. Nov 21;1,505.60
15. Nov 21;1,513.40
12. Nov 21;1,535.80
11. Nov 21;1,525.10
10. Nov 21;1,513.90
09. Nov 21;1,502.60
08. Nov 21;1,508.90
05. Nov 21;1,488.90
04. Nov 21;1,484.10
03. Nov 21;1,480.60
02. Nov 21;1,511.00
01. Nov 21;1,521.90
29-Oct-2021;1,497.70
28-Oct-2021;1,518.90
27-Oct-2021;1,526.20
26-Oct-2021;1,583.50
25-Oct-2021;1,598.70
22-Oct-2021;1,548.50
21-Oct-2021;1,553.40
20-Oct-2021;1,620.00
19-Oct-2021;1,551.40
18-Oct-2021;1,552.30
15-Oct-2021;1,550.90
14-Oct-2021;1,501.50
13-Oct-2021;1,478.70
12-Oct-2021;1,472.70
11-Oct-2021;1,483.20
08-Oct-2021;1,493.70
07-Oct-2021;1,434.00
06-Oct-2021;1,408.40
05-Oct-2021;1,406.60
04-Oct-2021;1,398.30
01-Oct-2021;1,384.30
30. Sep 21;1,413.00
29. Sep 21;1,427.00
28. Sep 21;1,445.20
27. Sep 21;1,469.90
24. Sep 21;1,480.70
23. Sep 21;1,481.70
22. Sep 21;1,461.20
21. Sep 21;1,440.00
20. Sep 21;1,444.40
17. Sep 21;1,471.90
16. Sep 21;1,470.30
15. Sep 21;1,519.20
14. Sep 21;1,483.40
13. Sep 21;1,492.10
10. Sep 21;1,540.50
09. Sep 21;1,522.00
08. Sep 21;1,488.70
07. Sep 21;1,471.20
06. Sep 21;1,467.70
03. Sep 21;1,477.10
02. Sep 21;1,439.30
01. Sep 21;1,431.60
31. Aug 21;1,448.60
30. Aug 21;1,432.50
27. Aug 21;1,415.30
26. Aug 21;1,423.30
25. Aug 21;1,444.40
24. Aug 21;1,437.50
23. Aug 21;1,437.00
20. Aug 21;1,402.40
19. Aug 21;1,398.50
18. Aug 21;1,435.60
17. Aug 21;1,461.00
16. Aug 21;1,483.60
13. Aug 21;1,489.20
12. Aug 21;1,491.30
11. Aug 21;1,473.70
10. Aug 21;1,443.90
09. Aug 21;1,423.60
06. Aug 21;1,459.20
05. Aug 21;1,470.20
04. Aug 21;1,460.50
03. Aug 21;1,469.90
02. Aug 21;1,478.40
30. Jul 21;1,504.20
29. Jul 21;1,522.10
28. Jul 21;1,502.40
27. Jul 21;1,490.10
26. Jul 21;1,522.90
23. Jul 21;1,479.30
22. Jul 21;1,418.40
21. Jul 21;1,391.50
20. Jul 21;1,399.20
19. Jul 21;1,390.40
16. Jul 21;1,435.00
15. Jul 21;1,410.30
14. Jul 21;1,395.40
13. Jul 21;1,405.00
12. Jul 21;1,398.90
09. Jul 21;1,404.30
08. Jul 21;1,377.40
07. Jul 21;1,377.50
06. Jul 21;1,353.60
05. Jul 21;1,375.60
02. Jul 21;1,372.20
01. Jul 21;1,358.80
30. Jun 21;1,373.40
29. Jun 21;1,350.40
28. Jun 21;1,359.70
25. Jun 21;1,377.20
24. Jun 21;1,367.10
23. Jun 21;1,337.90
22. Jun 21;1,321.70
21. Jun 21;1,298.40
18. Jun 21;1,274.50
17. Jun 21;1,279.20
16. Jun 21;1,289.10
15. Jun 21;1,293.60
14. Jun 21;1,354.90
11. Jun 21;1,344.70
10. Jun 21;1,330.40
09. Jun 21;1,325.50
08. Jun 21;1,314.30
07. Jun 21;1,308.70
04. Jun 21;1,313.80
03. Jun 21;1,313.40
02. Jun 21;1,334.10
01. Jun 21;1,324.20
31-May-2021;1,324.90
28-May-2021;1,304.80
27-May-2021;1,282.80
26-May-2021;1,256.10
25-May-2021;1,240.90
24-May-2021;1,253.20
21-May-2021;1,222.30
20-May-2021;1,251.30
19-May-2021;1,272.20
18-May-2021;1,321.70
17-May-2021;1,322.60
14-May-2021;1,302.60
13-May-2021;1,282.00
12-May-2021;1,314.60
11-May-2021;1,328.60
10-May-2021;1,309.70
07-May-2021;1,334.40
06-May-2021;1,327.40
05-May-2021;1,332.60
04-May-2021;1,317.90
03-May-2021;1,317.80
30. Apr 21;1,307.30
29. Apr 21;1,295.00
28. Apr 21;1,296.90
27. Apr 21;1,264.90
26. Apr 21;1,246.20
23. Apr 21;1,231.70
22. Apr 21;1,202.70
21. Apr 21;1,225.30
20. Apr 21;1,207.00
19. Apr 21;1,215.00
16. Apr 21;1,214.40
15. Apr 21;1,238.10
14. Apr 21;1,239.40
13. Apr 21;1,216.50
12. Apr 21;1,216.30
09. Apr 21;1,252.70
08. Apr 21;1,270.90
07. Apr 21;1,256.70
06. Apr 21;1,247.40
05. Apr 21;1,231.70
01. Apr 21;1,202.80
31-Mar-2021;1,213.20
30-Mar-2021;1,217.90
29-Mar-2021;1,204.30
26-Mar-2021;1,206.80
25-Mar-2021;1,208.30
24-Mar-2021;1,161.50
23-Mar-2021;1,148.50
22-Mar-2021;1,179.60
19-Mar-2021;1,168.60
18-Mar-2021;1,159.60
17-Mar-2021;1,161.90
16-Mar-2021;1,163.50
15-Mar-2021;1,164.70
12-Mar-2021;1,155.70
11-Mar-2021;1,181.30
10-Mar-2021;1,167.90
09-Mar-2021;1,179.40
08-Mar-2021;1,201.20
05-Mar-2021;1,192.20
04-Mar-2021;1,162.90
03-Mar-2021;1,259.80
02-Mar-2021;1,364.10
01-Mar-2021;1,357.40
26. Feb 21;1,375.10
25. Feb 21;1,382.30
24. Feb 21;1,398.00
23. Feb 21;1,385.70
22. Feb 21;1,401.10
19. Feb 21;1,416.00
18. Feb 21;1,387.70
17. Feb 21;1,361.70
16. Feb 21;1,365.70
15. Feb 21;1,348.20
12. Feb 21;1,343.60
11. Feb 21;1,350.60
10. Feb 21;1,358.50
09. Feb 21;1,339.00
08. Feb 21;1,324.40
05. Feb 21;1,315.90
04. Feb 21;1,282.20
03. Feb 21;1,280.10
02. Feb 21;1,286.10
01. Feb 21;1,297.40
29. Jan 21;1,277.50
28. Jan 21;1,291.60
27. Jan 21;1,296.30
25. Jan 21;1,323.20
22. Jan 21;1,318.00
21. Jan 21;1,334.40
20. Jan 21;1,322.10
19. Jan 21;1,323.50
18. Jan 21;1,317.80
15. Jan 21;1,312.80
14. Jan 21;1,332.20
13. Jan 21;1,284.40
12. Jan 21;1,287.50
11. Jan 21;1,256.60
08. Jan 21;1,292.40
07. Jan 21;1,329.40
06. Jan 21;1,300.70
05. Jan 21;1,297.10
04. Jan 21;1,269.30
01. Jan 21;1,213.60
31-Dec-2020;1,220.90
30-Dec-2020;1,254.00
29-Dec-2020;1,255.30
28-Dec-2020;1,306.30
24-Dec-2020;1,297.00
23-Dec-2020;1,285.80
22-Dec-2020;1,263.40
21-Dec-2020;1,304.00
18-Dec-2020;1,308.30
17-Dec-2020;1,309.40
16-Dec-2020;1,304.50
15-Dec-2020;1,317.10
14-Dec-2020;1,318.80
11-Dec-2020;1,296.20
10-Dec-2020;1,302.80
09-Dec-2020;1,253.50
08-Dec-2020;1,229.70
07-Dec-2020;1,226.40
04-Dec-2020;1,228.30
03-Dec-2020;1,199.90
02-Dec-2020;1,199.00
01-Dec-2020;1,212.90
30. Nov 20;1,206.70
27. Nov 20;1,229.20
26. Nov 20;1,203.70
25. Nov 20;1,202.20
24. Nov 20;1,206.30
23. Nov 20;1,193.20
20. Nov 20;1,212.50
19. Nov 20;1,190.80
18. Nov 20;1,183.10
17. Nov 20;1,196.00
16. Nov 20;1,193.40
14. Nov 20;1,199.30
13. Nov 20;1,197.30
12. Nov 20;1,196.90
11. Nov 20;1,203.30
10. Nov 20;1,192.80
09. Nov 20;1,180.10
06. Nov 20;1,147.10
05. Nov 20;1,161.30
04. Nov 20;1,155.50
03. Nov 20;1,157.10
02. Nov 20;1,144.60
30-Oct-2020;1,145.20
29-Oct-2020;1,170.70
28-Oct-2020;1,170.70
27-Oct-2020;1,169.80
26-Oct-2020;1,154.90
23-Oct-2020;1,155.90
22-Oct-2020;1,165.90
21-Oct-2020;1,168.70
20-Oct-2020;1,174.50
19-Oct-2020;1,146.00
16-Oct-2020;1,149.60
15-Oct-2020;1,130.50
14-Oct-2020;1,135.60
13-Oct-2020;1,101.90
12-Oct-2020;1,112.30
09-Oct-2020;1,105.20
08-Oct-2020;1,070.40
07-Oct-2020;1,064.50
06-Oct-2020;1,064.80
05-Oct-2020;1,062.20
01-Oct-2020;1,047.60
30. Sep 20;1,056.90
29. Sep 20;1,065.00
28. Sep 20;1,054.50
25. Sep 20;1,047.50
24. Sep 20;1,053.30
23. Sep 20;1,052.90
22. Sep 20;1,067.80
21. Sep 20;1,063.90
18. Sep 20;1,090.80
17. Sep 20;1,107.70
16. Sep 20;1,115.80
15. Sep 20;1,119.60
14. Sep 20;1,121.40
11. Sep 20;1,111.70
10. Sep 20;1,091.70
09. Sep 20;1,101.60
08. Sep 20;1,105.90
07. Sep 20;1,122.00
04. Sep 20;1,126.20
03. Sep 20;1,109.90
02. Sep 20;1,154.30
01. Sep 20;1,142.40
31. Aug 20;1,129.50
28. Aug 20;1,128.10
27. Aug 20;1,117.40
26. Aug 20;1,121.30
25. Aug 20;1,109.80
24. Aug 20;1,108.60
21. Aug 20;1,104.40
20. Aug 20;1,103.40
19. Aug 20;1,107.60
18. Aug 20;1,107.60
17. Aug 20;1,105.00
14. Aug 20;1,085.60
13. Aug 20;1,065.60
12. Aug 20;1,077.50
11. Aug 20;1,086.00
10. Aug 20;1,086.50
07. Aug 20;1,095.60
06. Aug 20;1,101.90
05. Aug 20;1,086.60
04. Aug 20;1,066.60
03. Aug 20;1,061.90
31. Jul 20;1,046.90
30. Jul 20;1,039.60
29. Jul 20;1,033.40
28. Jul 20;1,027.50
27. Jul 20;1,032.20
24. Jul 20;1,020.00
23. Jul 20;1,026.60
22. Jul 20;987
21. Jul 20;1,013.90
20. Jul 20;996.4
17. Jul 20;993.8
16. Jul 20;1,015.20
15. Jul 20;1,021.90
14. Jul 20;1,027.70
13. Jul 20;1,034.90
10. Jul 20;1,022.90
09. Jul 20;997.8
08. Jul 20;1,014.80
07. Jul 20;1,007.50
06. Jul 20;1,002.50
03. Jul 20;976.7
02. Jul 20;976.2
01. Jul 20;980.5
30. Jun 20;972
29. Jun 20;966.9
26. Jun 20;964
25. Jun 20;946.4
24. Jun 20;945.7
23. Jun 20;961.5
22. Jun 20;963.5
19. Jun 20;975
18. Jun 20;984.9
17. Jun 20;979.2
16. Jun 20;992.2
15. Jun 20;976.5
12. Jun 20;967.5
11. Jun 20;964.4
10. Jun 20;985.7
09. Jun 20;970.3
08. Jun 20;981.3
05. Jun 20;974.7
04. Jun 20;962.2
03. Jun 20;961.1
02. Jun 20;963.4
01. Jun 20;952.1
29-May-2020;919.2
28-May-2020;922.7
27-May-2020;921.8
26-May-2020;928.9
25-May-2020;920.2
22-May-2020;927
21-May-2020;940.5
20-May-2020;957.5
19-May-2020;943.8
18-May-2020;933.1
15-May-2020;903
14-May-2020;914.6
13-May-2020;925.9
12-May-2020;927.6
11-May-2020;942.9
08-May-2020;937.6
07-May-2020;929.6
06-May-2020;938.4
05-May-2020;919.9
04-May-2020;903.3
01-May-2020;911.7
30. Apr 20;928.5
29. Apr 20;939.7
28. Apr 20;934.5
27. Apr 20;934.7
24. Apr 20;946.5
23. Apr 20;930.9
22. Apr 20;925.6
21. Apr 20;936.3
20. Apr 20;951.3
17. Apr 20;923.2
16. Apr 20;908.7
15. Apr 20;911.1
13. Apr 20;893.3
09. Apr 20;890.5
08. Apr 20;886
07. Apr 20;878.7
03. Apr 20;867.4
01. Apr 20;864.9
31-Mar-2020;861
30-Mar-2020;857.5
27-Mar-2020;857.5
26-Mar-2020;851.3
25-Mar-2020;860.7
24-Mar-2020;866.3
23-Mar-2020;842.6
20-Mar-2020;860.7
19-Mar-2020;854
18-Mar-2020;857.2
17-Mar-2020;889.7
16-Mar-2020;893.5
13-Mar-2020;922.5
12-Mar-2020;894.4
11-Mar-2020;933
10-Mar-2020;953
09-Mar-2020;951.2
06-Mar-2020;965
05-Mar-2020;959.3
04-Mar-2020;941.3
03-Mar-2020;936.4
02-Mar-2020;934.1
28. Feb 20;885.2
27. Feb 20;896.6
26. Feb 20;905.1
25. Feb 20;912.2
24. Feb 20;906.8
21. Feb 20;932.3
20. Feb 20;941.1
19. Feb 20;944
18. Feb 20;938.2
17. Feb 20;954.9
14. Feb 20;952.1
13. Feb 20;961.3
12. Feb 20;953.8
11. Feb 20;952.1
10. Feb 20;943.1
07. Feb 20;940.7
06. Feb 20;957.1
05. Feb 20;964.5
04. Feb 20;946.3
03. Feb 20;937.8
01. Feb 20;944.1
31. Jan 20;949.1
30. Jan 20;946.9
29. Jan 20;940
28. Jan 20;938.9
27. Jan 20;935.2
24. Jan 20;976.2
23. Jan 20;1,003.80
22. Jan 20;1,015.50
21. Jan 20;1,015.50
20. Jan 20;1,035.20
17. Jan 20;1,024.00
16. Jan 20;1,015.20
15. Jan 20;1,049.50
14. Jan 20;1,018.30
13. Jan 20;1,029.80
10. Jan 20;1,042.60
09. Jan 20;1,037.40
08. Jan 20;1,039.20
07. Jan 20;1,032.80
06. Jan 20;1,023.70
03. Jan 20;1,019.90
02. Jan 20;1,044.50
01. Jan 20;1,029.30
31-Dec-2019;1,082.60
30-Dec-2019;1,078.60
27-Dec-2019;1,076.60
26-Dec-2019;1,048.10
24-Dec-2019;1,050.30
23-Dec-2019;1,049.50
20-Dec-2019;1,054.40
19-Dec-2019;1,036.50
18-Dec-2019;1,011.70
17-Dec-2019;1,020.90
16-Dec-2019;1,034.10
13-Dec-2019;1,032.60
12-Dec-2019;1,020.70
11-Dec-2019;1,014.30
10-Dec-2019;991.5
09-Dec-2019;979.6
06-Dec-2019;997.4
05-Dec-2019;983.6
04-Dec-2019;969.7
03-Dec-2019;986.4
02-Dec-2019;1,009.90
29. Nov 19;1,023.30
28. Nov 19;1,039.10
27. Nov 19;1,077.10
26. Nov 19;1,055.80
25. Nov 19;1,069.10
22. Nov 19;1,085.20
21. Nov 19;1,082.50
20. Nov 19;1,067.70
19. Nov 19;1,089.30
18. Nov 19;1,098.50
15. Nov 19;1,110.30
14. Nov 19;1,121.20
13. Nov 19;1,140.00
12. Nov 19;1,148.90
11. Nov 19;1,139.80
08. Nov 19;1,171.00
07. Nov 19;1,171.80
06. Nov 19;1,172.00
05. Nov 19;1,171.50
04. Nov 19;1,173.80
01. Nov 19;1,192.80
31-Oct-2019;1,248.50
30-Oct-2019;1,237.20
29-Oct-2019;1,216.90
28-Oct-2019;1,203.20
27-Oct-2019;1,226.00
25-Oct-2019;1,222.90
24-Oct-2019;1,220.40
23-Oct-2019;1,193.60
22-Oct-2019;1,198.50
21-Oct-2019;1,164.60
18-Oct-2019;1,171.70
17-Oct-2019;1,173.50
16-Oct-2019;1,197.30
15-Oct-2019;1,236.70
14-Oct-2019;1,244.30
11-Oct-2019;1,248.50
10-Oct-2019;1,255.00
09-Oct-2019;1,241.20
08-Oct-2019;1,251.80
07-Oct-2019;1,263.60
04-Oct-2019;1,265.50
03-Oct-2019;1,262.50
01-Oct-2019;1,246.40
30. Sep 19;1,281.20
27. Sep 19;1,256.10
26. Sep 19;1,251.50
25. Sep 19;1,256.60
24. Sep 19;1,234.30
23. Sep 19;1,223.40
20. Sep 19;1,264.50
19. Sep 19;1,249.60
18. Sep 19;1,227.50
17. Sep 19;1,213.60
16. Sep 19;1,225.80
13. Sep 19;1,241.40
12. Sep 19;1,254.60
11. Sep 19;1,255.40
10. Sep 19;1,273.80
09. Sep 19;1,284.80
06. Sep 19;1,262.00
05. Sep 19;1,236.70
04. Sep 19;1,281.60
03. Sep 19;1,270.20
02. Sep 19;1,273.20
30. Aug 19;1,202.10
29. Aug 19;1,157.90
28. Aug 19;1,148.70
27. Aug 19;1,105.90
26. Aug 19;1,114.50
23. Aug 19;1,116.00
22. Aug 19;1,117.50
21. Aug 19;1,119.20
20. Aug 19;1,127.70
19. Aug 19;1,124.70
16. Aug 19;1,138.60
14. Aug 19;1,131.90
13. Aug 19;1,121.00
12. Aug 19;1,121.70
09. Aug 19;1,114.30
08. Aug 19;1,120.40
07. Aug 19;1,102.10
06. Aug 19;1,064.50
05. Aug 19;1,064.80
02. Aug 19;1,022.60
01. Aug 19;1,019.30
31. Jul 19;1,000.30
30. Jul 19;984
29. Jul 19;988.9
26. Jul 19;995.3
25. Jul 19;984.6
24. Jul 19;1,015.50
23. Jul 19;992.2
22. Jul 19;986.1
19. Jul 19;1,011.10
18. Jul 19;1,031.10
17. Jul 19;993.6
16. Jul 19;965
15. Jul 19;945.9
12. Jul 19;935.1
11. Jul 19;915.3
10. Jul 19;915.3
09. Jul 19;900.9
08. Jul 19;900.5
05. Jul 19;886.2
04. Jul 19;880.1
03. Jul 19;883.8
02. Jul 19;868.8
01. Jul 19;882.8
28. Jun 19;897
27. Jun 19;903.5
26. Jun 19;891.5
25. Jun 19;889.6
24. Jun 19;880.6
21. Jun 19;879.8
20. Jun 19;901.3
19. Jun 19;891.8
18. Jun 19;877.3
17. Jun 19;866.5
14. Jun 19;876.8
13. Jun 19;867.4
12. Jun 19;866.5
11. Jun 19;870.2
10. Jun 19;850.8
07. Jun 19;847.6
06. Jun 19;848.2
05. Jun 19;853.2
04. Jun 19;860.7
03. Jun 19;863
31-May-2019;842.4
30-May-2019;842.6
29-May-2019;839.4
28-May-2019;843.6
27-May-2019;866.7
24-May-2019;862.8
23-May-2019;829.8
22-May-2019;835.2
21-May-2019;842.8
20-May-2019;837.5
17-May-2019;845.5
16-May-2019;856.7
15-May-2019;856.7
14-May-2019;840.3
13-May-2019;833.2
10-May-2019;838.4
09-May-2019;830.7
08-May-2019;835.3
07-May-2019;840.6
06-May-2019;841.2
03-May-2019;847.1
02-May-2019;846.2
01-May-2019;849.2
30. Apr 19;862.3
26. Apr 19;863.5
25. Apr 19;862.6
24. Apr 19;867.1
23. Apr 19;862.9
22. Apr 19;875.5
18. Apr 19;876.3
17. Apr 19;892.4
16. Apr 19;896.7
15. Apr 19;900.6
12. Apr 19;900
11. Apr 19;892.9
10. Apr 19;912.7
09. Apr 19;916.3
08. Apr 19;919.4
05. Apr 19;903.5
04. Apr 19;908
03. Apr 19;916.6
02. Apr 19;908.6
01. Apr 19;908.5
29-Mar-2019;898.6
28-Mar-2019;885.9
27-Mar-2019;897.4
26-Mar-2019;900.2
25-Mar-2019;888.6
22-Mar-2019;893.7
21-Mar-2019;892.3
20-Mar-2019;906.7
19-Mar-2019;904.2
18-Mar-2019;890
15-Mar-2019;888.8
14-Mar-2019;891.3
13-Mar-2019;914.8
12-Mar-2019;910.6
11-Mar-2019;897.9
08-Mar-2019;914.2
07-Mar-2019;926.5
06-Mar-2019;955.1
05-Mar-2019;963
04-Mar-2019;941.6
01-Mar-2019;935.2
28. Feb 19;929.1
27. Feb 19;924.7
26. Feb 19;913.9
25. Feb 19;914
22. Feb 19;917.8
21. Feb 19;911.2
20. Feb 19;914.5
19. Feb 19;898.6
18. Feb 19;886.5
15. Feb 19;881
14. Feb 19;863.1
13. Feb 19;876.8
12. Feb 19;871.8
11. Feb 19;886.2
08. Feb 19;895.7
07. Feb 19;920.6
06. Feb 19;922.6
05. Feb 19;934.2
04. Feb 19;948.6
01. Feb 19;906.8
31. Jan 19;876.9
30. Jan 19;875.4
29. Jan 19;863.2
28. Jan 19;837.4
25. Jan 19;842.8
24. Jan 19;831.2
23. Jan 19;829.1
22. Jan 19;823.4
21. Jan 19;838.7
18. Jan 19;838.7
17. Jan 19;821.4
16. Jan 19;822.7
15. Jan 19;825.3
14. Jan 19;805.7
11. Jan 19;805.3
10. Jan 19;788.6
09. Jan 19;792
08. Jan 19;785.2
07. Jan 19;776
04. Jan 19;773.1
03. Jan 19;762.8
02. Jan 19;758.1
01. Jan 19;740.9
31-Dec-2018;739.4
28-Dec-2018;743.6
27-Dec-2018;745.6
26-Dec-2018;749.8
24-Dec-2018;756.3
21-Dec-2018;758.9
20-Dec-2018;759.9
19-Dec-2018;768.6
18-Dec-2018;758.6
17-Dec-2018;784.2
14-Dec-2018;790.9
13-Dec-2018;775
12-Dec-2018;772.6
11-Dec-2018;777.1
10-Dec-2018;782.4
07-Dec-2018;781.3
06-Dec-2018;767.6
05-Dec-2018;793.1
04-Dec-2018;786
03-Dec-2018;789.8
30. Nov 18;767.5
29. Nov 18;764.3
28. Nov 18;759.1
27. Nov 18;757.1
26. Nov 18;765.8
23. Nov 18;764.4
22. Nov 18;770.7
21. Nov 18;780.5
20. Nov 18;787.9
19. Nov 18;796.3
16. Nov 18;816.7
15. Nov 18;810.9
14. Nov 18;815.2
13. Nov 18;819
12. Nov 18;826.4
09. Nov 18;829.5
08. Nov 18;854.6
07. Nov 18;848.6
06. Nov 18;861
05. Nov 18;855.5
02. Nov 18;870.4
01. Nov 18;867
31-Oct-2018;857.7
30-Oct-2018;859.8
29-Oct-2018;856.9
26-Oct-2018;864.2
25-Oct-2018;886.8
24-Oct-2018;892.1
23-Oct-2018;906.6
22-Oct-2018;916.5
19-Oct-2018;914.3
18-Oct-2018;906.4
17-Oct-2018;906.1
16-Oct-2018;916.4
15-Oct-2018;925.8
12-Oct-2018;932.8
11-Oct-2018;936.2
10-Oct-2018;943.3
09-Oct-2018;960.1
08-Oct-2018;936.7
05-Oct-2018;940.2
04-Oct-2018;926
03-Oct-2018;952.4
01-Oct-2018;913.8
28. Sep 18;906.2
27. Sep 18;905.6
26. Sep 18;924
25. Sep 18;936.9
24. Sep 18;929.8
21. Sep 18;954.4
20. Sep 18;906.9
19. Sep 18;897.3
18. Sep 18;898.1
17. Sep 18;888.9
14. Sep 18;893.4
13. Sep 18;901.1
12. Sep 18;905.6
11. Sep 18;887.4
10. Sep 18;900.8
07. Sep 18;888.7
06. Sep 18;896.2
05. Sep 18;894.2
04. Sep 18;891.9
03. Sep 18;912.3
31. Aug 18;919.9
30. Aug 18;938.4
29. Aug 18;944.7
28. Aug 18;951.3
27. Aug 18;932.2
24. Aug 18;933.7
23. Aug 18;925.6
22. Aug 18;944.6
21. Aug 18;942.4
20. Aug 18;946.5
17. Aug 18;946.6
16. Aug 18;932.4
14. Aug 18;936.7
13. Aug 18;946.2
10. Aug 18;952.5
09. Aug 18;952.1
08. Aug 18;960.3
07. Aug 18;950.9
06. Aug 18;941.3
03. Aug 18;926.2
02. Aug 18;916.3
01. Aug 18;915.2
31. Jul 18;945.1
30. Jul 18;946.9
27. Jul 18;941.3
26. Jul 18;942
25. Jul 18;936.7
24. Jul 18;934.3
23. Jul 18;918.4
20. Jul 18;926.3
19. Jul 18;923.3
18. Jul 18;933.9
17. Jul 18;923.6
16. Jul 18;930.5
13. Jul 18;953.4
12. Jul 18;970.4
11. Jul 18;958.6
10. Jul 18;971
09. Jul 18;964.3
06. Jul 18;958.9
05. Jul 18;977
04. Jul 18;970.9
03. Jul 18;984.5
02. Jul 18;1,001.60
29. Jun 18;1,022.50
28. Jun 18;1,011.80
27. Jun 18;1,019.10
26. Jun 18;1,013.50
25. Jun 18;1,002.00
22. Jun 18;1,038.80
21. Jun 18;1,018.20
20. Jun 18;1,014.60
19. Jun 18;998.9
18. Jun 18;1,016.60
15. Jun 18;1,030.20
14. Jun 18;1,032.20
13. Jun 18;1,054.20
12. Jun 18;1,029.00
11. Jun 18;1,028.60
08. Jun 18;1,043.10
07. Jun 18;1,040.00
06. Jun 18;1,043.40
05. Jun 18;1,057.30
04. Jun 18;1,038.10
01. Jun 18;1,030.30
31-May-2018;1,020.20
30-May-2018;1,013.40
29-May-2018;1,004.80
28-May-2018;995.8
25-May-2018;994.1
24-May-2018;1,015.80
23-May-2018;996
22-May-2018;1,005.50
21-May-2018;1,000.00
18-May-2018;995.7
17-May-2018;988.1
16-May-2018;978.2
15-May-2018;985.4
14-May-2018;976.3
11-May-2018;947.5
10-May-2018;929.4
09-May-2018;937.7
08-May-2018;933
07-May-2018;936.9
04-May-2018;934.1
03-May-2018;927
02-May-2018;934.1
01-May-2018;920.2
30. Apr 18;916.7
27. Apr 18;923.4
26. Apr 18;953.8
25. Apr 18;947.1
24. Apr 18;933.3
23. Apr 18;949.5
20. Apr 18;980.9
19. Apr 18;997.2
18. Apr 18;1,002.60
17. Apr 18;937
16. Apr 18;927.1
13. Apr 18;904.9
12. Apr 18;897.1
11. Apr 18;898.8
10. Apr 18;889.3
09. Apr 18;872.6
06. Apr 18;860.9
05. Apr 18;863.6
04. Apr 18;856
03. Apr 18;876.8
02. Apr 18;879.5
29-Mar-2018;
28-Mar-2018;841.4
27-Mar-2018;838.7
26-Mar-2018;839.7
23-Mar-2018;843.5
22-Mar-2018;856.2
21-Mar-2018;876.9
20-Mar-2018;876
19-Mar-2018;878.5
16-Mar-2018;883.6
15-Mar-2018;884.5
14-Mar-2018;894.1
13-Mar-2018;898.1
12-Mar-2018;886.8
09-Mar-2018;896.7
08-Mar-2018;858.8
07-Mar-2018;877.8
06-Mar-2018;882.7
05-Mar-2018;873
02-Mar-2018;879.9
01-Mar-2018;873.7
28. Feb 18;897.8
27. Feb 18;898
26. Feb 18;899
23. Feb 18;889.9
22. Feb 18;895.4
21. Feb 18;893.8
20. Feb 18;880.1
19. Feb 18;875.3
16. Feb 18;887
15. Feb 18;900.9
14. Feb 18;894.3
13. Feb 18;861.9
12. Feb 18;841.2
09. Feb 18;834
08. Feb 18;849.1
07. Feb 18;848.4
06. Feb 18;855.3
05. Feb 18;877.8
02. Feb 18;866.8
01. Feb 18;894.4
31. Jan 18;861.6
30. Jan 18;851.5
29. Jan 18;878.9
25. Jan 18;868.2
24. Jan 18;857.5
23. Jan 18;816.3
22. Jan 18;811.1
19. Jan 18;807.8
18. Jan 18;795.5
17. Jan 18;790.2
16. Jan 18;802.6
15. Jan 18;817.8
12. Jan 18;803.7
11. Jan 18;802.8
10. Jan 18;819
09. Jan 18;805.7
08. Jan 18;798.2
05. Jan 18;794.3
04. Jan 18;801
03. Jan 18;790.9
02. Jan 18;803.7
01. Jan 18;809.1
29-Dec-2017;782.9
28-Dec-2017;787.8
27-Dec-2017;770
26-Dec-2017;767.7
22-Dec-2017;770
21-Dec-2017;770.3
20-Dec-2017;765.4
19-Dec-2017;752.2
18-Dec-2017;755.4
15-Dec-2017;739.1
14-Dec-2017;718.3
13-Dec-2017;713.1
12-Dec-2017;716.6
11-Dec-2017;721.3
08-Dec-2017;706.4
07-Dec-2017;710.1
06-Dec-2017;699
05-Dec-2017;702.6
04-Dec-2017;732.2
01-Dec-2017;731.4
30. Nov 17;727.5
29. Nov 17;734.9
28. Nov 17;731.6
27. Nov 17;744.7
24. Nov 17;773.9
23. Nov 17;767.5
22. Nov 17;766.1
21. Nov 17;766.7
20. Nov 17;758.4
17. Nov 17;751.2
16. Nov 17;741.1
15. Nov 17;760
14. Nov 17;770.8
13. Nov 17;817.3
10. Nov 17;789.5
09. Nov 17;799.2
08. Nov 17;822.3
07. Nov 17;826.2
06. Nov 17;837.1
03. Nov 17;820.1
02. Nov 17;808.6
01. Nov 17;815.7
31-Oct-2017;766.3
30-Oct-2017;754.2
27-Oct-2017;750
26-Oct-2017;762.8
25-Oct-2017;765.8
24-Oct-2017;781.4
23-Oct-2017;770.9
20-Oct-2017;761.1
19-Oct-2017;756.4
18-Oct-2017;754.8
17-Oct-2017;761.5
16-Oct-2017;765.5
13-Oct-2017;756.2
12-Oct-2017;740.3
11-Oct-2017;727.9
10-Oct-2017;719
09-Oct-2017;718.4
06-Oct-2017;693.2
05-Oct-2017;690.3
04-Oct-2017;688.9
03-Oct-2017;701.2
29. Sep 17;678.7
28. Sep 17;679.2
27. Sep 17;670.4
26. Sep 17;679.6
25. Sep 17;689.6
22. Sep 17;686.9
21. Sep 17;694.4
20. Sep 17;729.3
19. Sep 17;714.2
18. Sep 17;714.6
15. Sep 17;710.6
14. Sep 17;717.3
13. Sep 17;730.9
12. Sep 17;760.8
11. Sep 17;753.3
08. Sep 17;734
07. Sep 17;778.7
06. Sep 17;782.4
05. Sep 17;768.2
04. Sep 17;785.1
01. Sep 17;773.8
31. Aug 17;743.4
30. Aug 17;738.3
29. Aug 17;746.5
28. Aug 17;745.4
25. Aug 17;729.3
24. Aug 17;748.9
23. Aug 17;750.5
22. Aug 17;731
21. Aug 17;724.9
18. Aug 17;704
17. Aug 17;683
16. Aug 17;686.1
14. Aug 17;667.4
11. Aug 17;681.4
10. Aug 17;697.2
09. Aug 17;686.7
08. Aug 17;684
07. Aug 17;662.7
04. Aug 17;659
03. Aug 17;660.9
02. Aug 17;658.9
01. Aug 17;657.9
31. Jul 17;655.5
28. Jul 17;656.9
27. Jul 17;649.5
26. Jul 17;639.4
25. Jul 17;642.9
24. Jul 17;625.9
21. Jul 17;613.2
20. Jul 17;610.4
19. Jul 17;619
18. Jul 17;624.5
17. Jul 17;618.1
14. Jul 17;612.6
13. Jul 17;591.5
12. Jul 17;592.4
11. Jul 17;593
10. Jul 17;581.1
07. Jul 17;580.8
06. Jul 17;589.4
05. Jul 17;593.2
04. Jul 17;595.4
03. Jul 17;606.9
30. Jun 17;600.8
29. Jun 17;598.1
28. Jun 17;593.7
27. Jun 17;593
26. Jun 17;579.6
23. Jun 17;584.6
22. Jun 17;582.8
21. Jun 17;578.2
20. Jun 17;572.2
19. Jun 17;580.1
16. Jun 17;574.7
15. Jun 17;573.4
14. Jun 17;569.4
13. Jun 17;566.3
12. Jun 17;564
09. Jun 17;576.6
08. Jun 17;567.9
07. Jun 17;568.8
06. Jun 17;575.4
05. Jun 17;572.1
02. Jun 17;574.1
01. Jun 17;570.2
31-May-2017;569.6
30-May-2017;586.8
29-May-2017;584.7
26-May-2017;584.8
25-May-2017;582
24-May-2017;589.8
23-May-2017;604.8
22-May-2017;605.5
19-May-2017;602.5
18-May-2017;594.2
17-May-2017;585.4
16-May-2017;585.6
15-May-2017;587.1
12-May-2017;599.2
11-May-2017;598.4
10-May-2017;591
09-May-2017;597
08-May-2017;589.7
05-May-2017;589.7
04-May-2017;580
03-May-2017;595
02-May-2017;614
01-May-2017;617.6
28. Apr 17;606.9
27. Apr 17;596.2
26. Apr 17;591.3
25. Apr 17;596.7
24. Apr 17;596.4
21. Apr 17;604.8
20. Apr 17;612.8
19. Apr 17;607.6
18. Apr 17;604.9
17. Apr 17;623.9
13. Apr 17;626.7
12. Apr 17;628.4
11. Apr 17;638.1
10. Apr 17;652
07. Apr 17;656.8
06. Apr 17;654.1
05. Apr 17;672.6
04. Apr 17;652.2
03. Apr 17;639.4
31-Mar-2017;643.4
30-Mar-2017;646.2
29-Mar-2017;646.2
28-Mar-2017;648.1
27-Mar-2017;637.1
24-Mar-2017;644.3
23-Mar-2017;654.1
22-Mar-2017;658.4
21-Mar-2017;663.6
20-Mar-2017;664
17-Mar-2017;671.9
16-Mar-2017;666.7
15-Mar-2017;671.5
14-Mar-2017;672.8
13-Mar-2017;675.4
10-Mar-2017;660.5
09-Mar-2017;678
08-Mar-2017;678.9
07-Mar-2017;710.9
06-Mar-2017;738.9
03-Mar-2017;735.7
02-Mar-2017;722.4
01-Mar-2017;737.1
28. Feb 17;726.7
27. Feb 17;734.1
24. Feb 17;723.7
23. Feb 17;700.2
22. Feb 17;716.5
21. Feb 17;721.5
20. Feb 17;744.3
17. Feb 17;739.7
16. Feb 17;739.6
15. Feb 17;728.4
14. Feb 17;720.4
13. Feb 17;714.5
10. Feb 17;710.8
09. Feb 17;686.3
08. Feb 17;701.9
07. Feb 17;696.9
06. Feb 17;703.1
03. Feb 17;689.6
02. Feb 17;696.9
01. Feb 17;692.1
31. Jan 17;667.8
30. Jan 17;656.9
27. Jan 17;645.1
25. Jan 17;659.8
24. Jan 17;667
23. Jan 17;664.6
20. Jan 17;658.7
19. Jan 17;673.2
18. Jan 17;693.1
17. Jan 17;688
16. Jan 17;697.2
13. Jan 17;710
12. Jan 17;701.8
11. Jan 17;688.6
10. Jan 17;721
09. Jan 17;706.9
06. Jan 17;700.5
05. Jan 17;696.1
04. Jan 17;697.1
03. Jan 17;683.8
02. Jan 17;690.7
31-Okt-2025;1,305.70
30-Okt-2025;1,304.10
29-Okt-2025;1,327.30
28-Okt-2025;1,326.00
27-Okt-2025;1,327.60
24-Okt-2025;1,328.10
23-Okt-2025;1,326.80
22-Okt-2025;1,341.40
21-Okt-2025;1,317.50
20-Okt-2025;1,317.50
17-Okt-2025;1,311.30
16-Okt-2025;1,330.60
15-Okt-2025;1,353.40
14-Okt-2025;1,300.10
13-Okt-2025;1,280.60
10-Okt-2025;1,299.30
09-Okt-2025;1,349.30
08-Okt-2025;1,345.10
07-Okt-2025;1,349.70
06-Okt-2025;1,350.00
03-Okt-2025;1,355.90
01-Okt-2025;1,355.10
30-Sep-2025;1,355.00
29-Sep-2025;1,351.30
26-Sep-2025;1,356.10
25-Sep-2025;1,362.20
24-Sep-2025;1,354.10
23-Sep-2025;1,351.30
22-Sep-2025;1,344.10
19-Sep-2025;1,336.90
18-Sep-2025;1,336.00
17-Sep-2025;1,352.60
16-Sep-2025;1,355.20
15-Sep-2025;1,315.30
12-Sep-2025;1,332.30
11-Sep-2025;1,320.50
10-Sep-2025;1,331.50
09-Sep-2025;1,340.70
08-Sep-2025;1,344.40
05-Sep-2025;1,335.10
04-Sep-2025;1,340.00
03-Sep-2025;1,349.20
02-Sep-2025;1,344.80
01-Sep-2025;1,355.50
29-Aug-2025;1,344.60
28-Aug-2025;1,337.80
27-Aug-2025;1,337.30
26-Aug-2025;1,337.30
25-Aug-2025;1,326.70
22-Aug-2025;1,323.50
21-Aug-2025;1,313.30
20-Aug-2025;1,318.30
19-Aug-2025;1,329.60
18-Aug-2025;1,332.50
14-Aug-2025;1,341.40
13-Aug-2025;1,349.20
12-Aug-2025;1,343.80
11-Aug-2025;1,342.50
08-Aug-2025;1,343.80
07-Aug-2025;1,341.30
06-Aug-2025;1,326.00
05-Aug-2025;1,340.00
04-Aug-2025;1,330.00
01-Aug-2025;1,327.60
31-Jul-2025;1,339.40
30-Jul-2025;1,333.50
29-Jul-2025;1,337.50
28-Jul-2025;1,351.50
25-Jul-2025;1,353.40
24-Jul-2025;1,346.70
23-Jul-2025;1,346.70
22-Jul-2025;1,340.00
21-Jul-2025;1,318.30
18-Jul-2025;1,321.20
17-Jul-2025;1,314.20
16-Jul-2025;1,316.70
15-Jul-2025;1,327.70
14-Jul-2025;1,322.50
11-Jul-2025;1,325.00
10-Jul-2025;1,310.00
09-Jul-2025;1,323.30
08-Jul-2025;1,320.70
07-Jul-2025;1,333.30
04-Jul-2025;1,336.70
03-Jul-2025;1,330.50
02-Jul-2025;1,323.20
01-Jul-2025;1,327.60
30-Jun-2025;1,328.10
27-Jun-2025;1,334.60
26-Jun-2025;1,307.50
25-Jun-2025;1,312.50
24-Jun-2025;1,309.80
23-Jun-2025;1,316.80
20-Jun-2025;1,320.00
19-Jun-2025;1,313.00
18-Jun-2025;1,310.10
17-Jun-2025;1,328.30
16-Jun-2025;1,318.20
13-Jun-2025;1,320.00
12-Jun-2025;1,333.50
11-Jun-2025;1,339.30
10-Jun-2025;1,343.60
09-Jun-2025;1,341.30
06-Jun-2025;1,343.00
05-Jun-2025;1,342.50
04-Jun-2025;1,337.50
03-Jun-2025;1,337.00
02-Jun-2025;1,331.40
30-Mai-2025;1,325.80
29-Mai-2025;1,326.70
28-Mai-2025;1,334.20
27-Mai-2025;1,351.50
26-Mai-2025;1,345.20
23-Mai-2025;1,340.80
22-Mai-2025;1,343.80
21-Mai-2025;1,340.20
20-Mai-2025;1,339.00
19-Mai-2025;1,350.80
16-Mai-2025;1,353.10
15-Mai-2025;1,363.30
14-Mai-2025;1,347.70
13-Mai-2025;1,360.90
