Exchange Date;Trade Price;;;;;
13-May-2025;78 180,00;;;;;
12-May-2025;78 305,00;;;;;
09-May-2025;78 245,00;;;;;
08-May-2025;78 470,00;;;;;
07-May-2025;78 610,00;;;;;
06-May-2025;78 225,00;;;;;
30-Apr-2025;77 980,00;;;;;
29-Apr-2025;78 060,00;;;;;
28-Apr-2025;77 590,00;;;;;
25-Apr-2025;78 170,00;;;;;
24-Apr-2025;78 145,00;;;;;
23-Apr-2025;78 215,00;;;;;
22-Apr-2025;77 225,00;;;;;
21-Apr-2025;76 585,00;;;;;
18-Apr-2025;76 340,00;;;;;
17-Apr-2025;76 125,00;;;;;
16-Apr-2025;75 940,00;;;;;
15-Apr-2025;76 225,00;;;;;
14-Apr-2025;76 165,00;;;;;
11-Apr-2025;74 570,00;;;;;
10-Apr-2025;75 135,00;;;;;
09-Apr-2025;72 355,00;;;;;
08-Apr-2025;73 585,00;;;;;
07-Apr-2025;74 685,00;;;;;
03-Apr-2025;79 165,00;;;;;
02-Apr-2025;80 075,00;;;;;
01-Apr-2025;80 035,00;;;;;
31-Mar-2025;79 960,00;;;;;
28-Mar-2025;80 630,00;;;;;
27-Mar-2025;81 620,00;;;;;
26-Mar-2025;82 695,00;;;;;
25-Mar-2025;81 600,00;;;;;
24-Mar-2025;81 055,00;;;;;
21-Mar-2025;81 555,00;;;;;
20-Mar-2025;81 470,00;;;;;
19-Mar-2025;80 605,00;;;;;
18-Mar-2025;80 465,00;;;;;
17-Mar-2025;79 990,00;;;;;
14-Mar-2025;79 955,00;;;;;
13-Mar-2025;79 630,00;;;;;
12-Mar-2025;78 605,00;;;;;
11-Mar-2025;77 680,00;;;;;
10-Mar-2025;78 300,00;;;;;
07-Mar-2025;78 815,00;;;;;
06-Mar-2025;78 355,00;;;;;
05-Mar-2025;76 830,00;;;;;
04-Mar-2025;76 950,00;;;;;
03-Mar-2025;77 065,00;;;;;
28-Feb-2025;76 865,00;;;;;
27-Feb-2025;76 825,00;;;;;
26-Feb-2025;76 970,00;;;;;
25-Feb-2025;76 960,00;;;;;
24-Feb-2025;77 140,00;;;;;
21-Feb-2025;77 360,00;;;;;
20-Feb-2025;77 185,00;;;;;
19-Feb-2025;77 055,00;;;;;
18-Feb-2025;76 655,00;;;;;
17-Feb-2025;77 310,00;;;;;
14-Feb-2025;77 675,00;;;;;
13-Feb-2025;77 185,00;;;;;
12-Feb-2025;76 750,00;;;;;
11-Feb-2025;76 995,00;;;;;
10-Feb-2025;76 950,00;;;;;
07-Feb-2025;76 645,00;;;;;
06-Feb-2025;76 265,00;;;;;
05-Feb-2025;75 310,00;;;;;
27-Jan-2025;75 250,00;;;;;
24-Jan-2025;75 270,00;;;;;
23-Jan-2025;74 985,00;;;;;
22-Jan-2025;75 495,00;;;;;
21-Jan-2025;75 560,00;;;;;
20-Jan-2025;75 450,00;;;;;
17-Jan-2025;76 340,00;;;;;
16-Jan-2025;76 025,00;;;;;
15-Jan-2025;75 440,00;;;;;
14-Jan-2025;75 545,00;;;;;
13-Jan-2025;75 675,00;;;;;
10-Jan-2025;75 415,00;;;;;
09-Jan-2025;74 845,00;;;;;
08-Jan-2025;74 585,00;;;;;
07-Jan-2025;74 385,00;;;;;
06-Jan-2025;73 950,00;;;;;
03-Jan-2025;73 305,00;;;;;
02-Jan-2025;73 465,00;;;;;
31-Dec-2024;73 820,00;;;;;
30-Dec-2024;74 215,00;;;;;
27-Dec-2024;74 275,00;;;;;
26-Dec-2024;74 265,00;;;;;
25-Dec-2024;74 145,00;;;;;
24-Dec-2024;74 060,00;;;;;
23-Dec-2024;74 310,00;;;;;
20-Dec-2024;73 825,00;;;;;
19-Dec-2024;73 960,00;;;;;
18-Dec-2024;74 225,00;;;;;
17-Dec-2024;74 715,00;;;;;
16-Dec-2024;74 505,00;;;;;
13-Dec-2024;74 675,00;;;;;
12-Dec-2024;75 425,00;;;;;
11-Dec-2024;75 745,00;;;;;
10-Dec-2024;75 385,00;;;;;
09-Dec-2024;74 970,00;;;;;
06-Dec-2024;74 515,00;;;;;
05-Dec-2024;74 515,00;;;;;
04-Dec-2024;74 730,00;;;;;
03-Dec-2024;74 095,00;;;;;
02-Dec-2024;73 925,00;;;;;
29-Nov-2024;73 970,00;;;;;
28-Nov-2024;74 045,00;;;;;
27-Nov-2024;73 845,00;;;;;
26-Nov-2024;73 835,00;;;;;
25-Nov-2024;74 335,00;;;;;
22-Nov-2024;73 975,00;;;;;
21-Nov-2024;74 520,00;;;;;
20-Nov-2024;74 735,00;;;;;
19-Nov-2024;74 200,00;;;;;
18-Nov-2024;73 840,00;;;;;
15-Nov-2024;74 100,00;;;;;
14-Nov-2024;73 440,00;;;;;
13-Nov-2024;74 815,00;;;;;
12-Nov-2024;75 970,00;;;;;
11-Nov-2024;76 535,00;;;;;
08-Nov-2024;77 365,00;;;;;
07-Nov-2024;76 300,00;;;;;
06-Nov-2024;77 550,00;;;;;
05-Nov-2024;77 600,00;;;;;
04-Nov-2024;76 765,00;;;;;
01-Nov-2024;76 570,00;;;;;
31-Oct-2024;76 605,00;;;;;
30-Oct-2024;76 645,00;;;;;
29-Oct-2024;76 500,00;;;;;
28-Oct-2024;76 525,00;;;;;
25-Oct-2024;76 565,00;;;;;
24-Oct-2024;76 475,00;;;;;
23-Oct-2024;76 660,00;;;;;
22-Oct-2024;76 760,00;;;;;
21-Oct-2024;77 510,00;;;;;
18-Oct-2024;76 560,00;;;;;
17-Oct-2024;77 055,00;;;;;
16-Oct-2024;76 570,00;;;;;
15-Oct-2024;77 050,00;;;;;
14-Oct-2024;77 415,00;;;;;
11-Oct-2024;77 535,00;;;;;
10-Oct-2024;77 425,00;;;;;
09-Oct-2024;77 700,00;;;;;
08-Oct-2024;78 515,00;;;;;
30-Sep-2024;78 945,00;;;;;
27-Sep-2024;78 895,00;;;;;
26-Sep-2024;77 420,00;;;;;
25-Sep-2024;77 770,00;;;;;
24-Sep-2024;76 235,00;;;;;
23-Sep-2024;75 510,00;;;;;
20-Sep-2024;75 890,00;;;;;
19-Sep-2024;74 720,00;;;;;
18-Sep-2024;74 505,00;;;;;
13-Sep-2024;74 350,00;;;;;
12-Sep-2024;73 585,00;;;;;
11-Sep-2024;72 825,00;;;;;
10-Sep-2024;72 840,00;;;;;
09-Sep-2024;72 000,00;;;;;
06-Sep-2024;72 610,00;;;;;
05-Sep-2024;72 095,00;;;;;
04-Sep-2024;72 115,00;;;;;
03-Sep-2024;73 735,00;;;;;
02-Sep-2024;73 680,00;;;;;
30-Aug-2024;73 945,00;;;;;
29-Aug-2024;73 885,00;;;;;
28-Aug-2024;74 910,00;;;;;
27-Aug-2024;74 895,00;;;;;
26-Aug-2024;74 455,00;;;;;
23-Aug-2024;73 540,00;;;;;
22-Aug-2024;73 980,00;;;;;
21-Aug-2024;73 605,00;;;;;
20-Aug-2024;73 910,00;;;;;
19-Aug-2024;74 060,00;;;;;
16-Aug-2024;73 645,00;;;;;
15-Aug-2024;72 315,00;;;;;
14-Aug-2024;72 275,00;;;;;
13-Aug-2024;72 380,00;;;;;
12-Aug-2024;71 390,00;;;;;
09-Aug-2024;71 670,00;;;;;
08-Aug-2024;70 735,00;;;;;
07-Aug-2024;71 370,00;;;;;
06-Aug-2024;71 360,00;;;;;
05-Aug-2024;72 995,00;;;;;
02-Aug-2024;73 370,00;;;;;
01-Aug-2024;74 885,00;;;;;
31-Jul-2024;73 845,00;;;;;
30-Jul-2024;73 185,00;;;;;
29-Jul-2024;74 160,00;;;;;
26-Jul-2024;74 315,00;;;;;
25-Jul-2024;73 220,00;;;;;
24-Jul-2024;74 700,00;;;;;
23-Jul-2024;75 560,00;;;;;
22-Jul-2024;76 250,00;;;;;
19-Jul-2024;76 565,00;;;;;
18-Jul-2024;78 110,00;;;;;
17-Jul-2024;78 695,00;;;;;
16-Jul-2024;79 170,00;;;;;
15-Jul-2024;79 915,00;;;;;
12-Jul-2024;78 860,00;;;;;
11-Jul-2024;79 675,00;;;;;
10-Jul-2024;79 710,00;;;;;
09-Jul-2024;79 965,00;;;;;
08-Jul-2024;80 020,00;;;;;
05-Jul-2024;79 815,00;;;;;
04-Jul-2024;79 835,00;;;;;
03-Jul-2024;78 550,00;;;;;
02-Jul-2024;78 490,00;;;;;
01-Jul-2024;77 840,00;;;;;
28-Jun-2024;77 660,00;;;;;
27-Jun-2024;77 695,00;;;;;
26-Jun-2024;77 410,00;;;;;
25-Jun-2024;78 370,00;;;;;
24-Jun-2024;78 255,00;;;;;
21-Jun-2024;79 340,00;;;;;
20-Jun-2024;79 530,00;;;;;
19-Jun-2024;78 535,00;;;;;
18-Jun-2024;78 670,00;;;;;
17-Jun-2024;78 830,00;;;;;
14-Jun-2024;79 465,00;;;;;
13-Jun-2024;79 355,00;;;;;
12-Jun-2024;79 575,00;;;;;
11-Jun-2024;79 755,00;;;;;
07-Jun-2024;81 410,00;;;;;
06-Jun-2024;81 130,00;;;;;
05-Jun-2024;80 250,00;;;;;
04-Jun-2024;81 835,00;;;;;
03-Jun-2024;81 620,00;;;;;
31-May-2024;81 855,00;;;;;
30-May-2024;83 405,00;;;;;
29-May-2024;84 250,00;;;;;
28-May-2024;84 590,00;;;;;
27-May-2024;83 355,00;;;;;
24-May-2024;83 315,00;;;;;
23-May-2024;83 030,00;;;;;
22-May-2024;85 655,00;;;;;
21-May-2024;86 435,00;;;;;
20-May-2024;86 970,00;;;;;
17-May-2024;82 575,00;;;;;
16-May-2024;82 035,00;;;;;
15-May-2024;81 320,00;;;;;
14-May-2024;81 530,00;;;;;
13-May-2024;80 385,00;;;;;
10-May-2024;79 925,00;;;;;
09-May-2024;79 650,00;;;;;
08-May-2024;79 770,00;;;;;
07-May-2024;80 595,00;;;;;
06-May-2024;80 785,00;;;;;
30-Apr-2024;81 785,00;;;;;
29-Apr-2024;80 500,00;;;;;
26-Apr-2024;80 025,00;;;;;
25-Apr-2024;78 810,00;;;;;
24-Apr-2024;78 335,00;;;;;
23-Apr-2024;78 410,00;;;;;
22-Apr-2024;80 295,00;;;;;
19-Apr-2024;79 115,00;;;;;
18-Apr-2024;76 870,00;;;;;
17-Apr-2024;76 370,00;;;;;
16-Apr-2024;76 900,00;;;;;
15-Apr-2024;76 280,00;;;;;
12-Apr-2024;76 030,00;;;;;
11-Apr-2024;76 010,00;;;;;
10-Apr-2024;76 035,00;;;;;
09-Apr-2024;75 910,00;;;;;
08-Apr-2024;75 430,00;;;;;
03-Apr-2024;73 390,00;;;;;
02-Apr-2024;72 795,00;;;;;
01-Apr-2024;72 765,00;;;;;
29-Mar-2024;72 085,00;;;;;
28-Mar-2024;71 975,00;;;;;
27-Mar-2024;71 665,00;;;;;
26-Mar-2024;71 895,00;;;;;
25-Mar-2024;72 245,00;;;;;
22-Mar-2024;72 140,00;;;;;
21-Mar-2024;72 870,00;;;;;
20-Mar-2024;72 515,00;;;;;
19-Mar-2024;73 030,00;;;;;
18-Mar-2024;73 010,00;;;;;
15-Mar-2024;72 075,00;;;;;
14-Mar-2024;71 880,00;;;;;
13-Mar-2024;69 650,00;;;;;
12-Mar-2024;69 500,00;;;;;
11-Mar-2024;69 335,00;;;;;
08-Mar-2024;69 630,00;;;;;
07-Mar-2024;69 235,00;;;;;
06-Mar-2024;68 815,00;;;;;
05-Mar-2024;68 945,00;;;;;
04-Mar-2024;68 900,00;;;;;
01-Mar-2024;68 835,00;;;;;
29-Feb-2024;68 730,00;;;;;
28-Feb-2024;68 800,00;;;;;
27-Feb-2024;68 720,00;;;;;
26-Feb-2024;69 050,00;;;;;
23-Feb-2024;69 380,00;;;;;
22-Feb-2024;69 015,00;;;;;
21-Feb-2024;68 905,00;;;;;
20-Feb-2024;68 325,00;;;;;
19-Feb-2024;68 415,00;;;;;
08-Feb-2024;67 700,00;;;;;
07-Feb-2024;68 010,00;;;;;
06-Feb-2024;68 010,00;;;;;
05-Feb-2024;68 545,00;;;;;
02-Feb-2024;68 850,00;;;;;
01-Feb-2024;69 125,00;;;;;
31-Jan-2024;69 180,00;;;;;
30-Jan-2024;68 970,00;;;;;
29-Jan-2024;68 940,00;;;;;
26-Jan-2024;68 990,00;;;;;
25-Jan-2024;68 850,00;;;;;
24-Jan-2024;68 215,00;;;;;
23-Jan-2024;67 920,00;;;;;
22-Jan-2024;68 055,00;;;;;
19-Jan-2024;67 875,00;;;;;
18-Jan-2024;67 710,00;;;;;
17-Jan-2024;68 015,00;;;;;
16-Jan-2024;68 070,00;;;;;
15-Jan-2024;68 010,00;;;;;
12-Jan-2024;68 345,00;;;;;
11-Jan-2024;68 270,00;;;;;
10-Jan-2024;68 185,00;;;;;
09-Jan-2024;68 650,00;;;;;
08-Jan-2024;68 460,00;;;;;
05-Jan-2024;68 845,00;;;;;
04-Jan-2024;68 840,00;;;;;
03-Jan-2024;68 960,00;;;;;
02-Jan-2024;69 160,00;;;;;
29-Dec-2023;69 255,00;;;;;
28-Dec-2023;69 770,00;;;;;
27-Dec-2023;69 280,00;;;;;
26-Dec-2023;69 165,00;;;;;
25-Dec-2023;69 160,00;;;;;
22-Dec-2023;69 425,00;;;;;
21-Dec-2023;69 145,00;;;;;
20-Dec-2023;69 325,00;;;;;
19-Dec-2023;68 780,00;;;;;
18-Dec-2023;68 785,00;;;;;
15-Dec-2023;69 050,00;;;;;
14-Dec-2023;68 565,00;;;;;
13-Dec-2023;68 360,00;;;;;
12-Dec-2023;68 390,00;;;;;
11-Dec-2023;68 800,00;;;;;
08-Dec-2023;68 565,00;;;;;
07-Dec-2023;68 230,00;;;;;
06-Dec-2023;68 730,00;;;;;
05-Dec-2023;69 000,00;;;;;
04-Dec-2023;69 785,00;;;;;
01-Dec-2023;69 490,00;;;;;
30-Nov-2023;68 920,00;;;;;
29-Nov-2023;68 790,00;;;;;
28-Nov-2023;68 500,00;;;;;
27-Nov-2023;68 815,00;;;;;
24-Nov-2023;68 705,00;;;;;
23-Nov-2023;68 510,00;;;;;
22-Nov-2023;68 575,00;;;;;
21-Nov-2023;69 050,00;;;;;
20-Nov-2023;68 705,00;;;;;
17-Nov-2023;68 405,00;;;;;
16-Nov-2023;68 390,00;;;;;
15-Nov-2023;68 155,00;;;;;
14-Nov-2023;67 985,00;;;;;
13-Nov-2023;67 495,00;;;;;
10-Nov-2023;67 710,00;;;;;
09-Nov-2023;67 805,00;;;;;
08-Nov-2023;67 975,00;;;;;
07-Nov-2023;68 080,00;;;;;
06-Nov-2023;67 835,00;;;;;
03-Nov-2023;68 075,00;;;;;
02-Nov-2023;67 835,00;;;;;
01-Nov-2023;67 700,00;;;;;
31-Oct-2023;67 735,00;;;;;
30-Oct-2023;67 755,00;;;;;
27-Oct-2023;66 930,00;;;;;
26-Oct-2023;66 925,00;;;;;
25-Oct-2023;67 350,00;;;;;
24-Oct-2023;66 600,00;;;;;
23-Oct-2023;66 100,00;;;;;
20-Oct-2023;66 680,00;;;;;
19-Oct-2023;66 565,00;;;;;
18-Oct-2023;66 720,00;;;;;
17-Oct-2023;66 200,00;;;;;
16-Oct-2023;66 450,00;;;;;
13-Oct-2023;66 405,00;;;;;
12-Oct-2023;66 745,00;;;;;
11-Oct-2023;66 930,00;;;;;
10-Oct-2023;67 230,00;;;;;
09-Oct-2023;67 580,00;;;;;
28-Sep-2023;67 510,00;;;;;
27-Sep-2023;67 525,00;;;;;
26-Sep-2023;68 035,00;;;;;
25-Sep-2023;68 240,00;;;;;
22-Sep-2023;68 240,00;;;;;
21-Sep-2023;68 765,00;;;;;
20-Sep-2023;68 900,00;;;;;
19-Sep-2023;69 030,00;;;;;
18-Sep-2023;69 570,00;;;;;
15-Sep-2023;69 875,00;;;;;
14-Sep-2023;69 450,00;;;;;
13-Sep-2023;69 440,00;;;;;
12-Sep-2023;69 595,00;;;;;
11-Sep-2023;69 100,00;;;;;
08-Sep-2023;69 200,00;;;;;
07-Sep-2023;69 585,00;;;;;
06-Sep-2023;69 925,00;;;;;
05-Sep-2023;69 875,00;;;;;
04-Sep-2023;70 275,00;;;;;
01-Sep-2023;70 230,00;;;;;
31-Aug-2023;70 125,00;;;;;
30-Aug-2023;69 925,00;;;;;
29-Aug-2023;69 560,00;;;;;
28-Aug-2023;69 590,00;;;;;
25-Aug-2023;69 350,00;;;;;
24-Aug-2023;69 755,00;;;;;
23-Aug-2023;69 490,00;;;;;
22-Aug-2023;68 860,00;;;;;
21-Aug-2023;68 970,00;;;;;
18-Aug-2023;68 895,00;;;;;
17-Aug-2023;68 320,00;;;;;
16-Aug-2023;68 300,00;;;;;
15-Aug-2023;68 635,00;;;;;
14-Aug-2023;68 260,00;;;;;
11-Aug-2023;68 715,00;;;;;
10-Aug-2023;68 780,00;;;;;
09-Aug-2023;68 735,00;;;;;
08-Aug-2023;69 160,00;;;;;
07-Aug-2023;69 305,00;;;;;
04-Aug-2023;69 880,00;;;;;
03-Aug-2023;69 460,00;;;;;
02-Aug-2023;70 095,00;;;;;
01-Aug-2023;70 955,00;;;;;
31-Jul-2023;69 880,00;;;;;
28-Jul-2023;69 050,00;;;;;
27-Jul-2023;69 490,00;;;;;
26-Jul-2023;69 220,00;;;;;
25-Jul-2023;69 015,00;;;;;
24-Jul-2023;68 570,00;;;;;
21-Jul-2023;68 730,00;;;;;
20-Jul-2023;68 670,00;;;;;
19-Jul-2023;68 610,00;;;;;
18-Jul-2023;68 790,00;;;;;
17-Jul-2023;69 380,00;;;;;
14-Jul-2023;69 895,00;;;;;
13-Jul-2023;68 830,00;;;;;
12-Jul-2023;68 090,00;;;;;
11-Jul-2023;68 380,00;;;;;
10-Jul-2023;68 300,00;;;;;
07-Jul-2023;68 190,00;;;;;
06-Jul-2023;68 380,00;;;;;
05-Jul-2023;68 510,00;;;;;
04-Jul-2023;68 815,00;;;;;
03-Jul-2023;69 230,00;;;;;
30-Jun-2023;68 010,00;;;;;
29-Jun-2023;68 050,00;;;;;
28-Jun-2023;68 310,00;;;;;
27-Jun-2023;68 700,00;;;;;
26-Jun-2023;68 970,00;;;;;
21-Jun-2023;69 700,00;;;;;
20-Jun-2023;69 135,00;;;;;
19-Jun-2023;69 125,00;;;;;
16-Jun-2023;68 955,00;;;;;
15-Jun-2023;68 295,00;;;;;
14-Jun-2023;68 340,00;;;;;
13-Jun-2023;67 560,00;;;;;
12-Jun-2023;67 350,00;;;;;
09-Jun-2023;67 360,00;;;;;
08-Jun-2023;67 250,00;;;;;
07-Jun-2023;67 350,00;;;;;
06-Jun-2023;67 205,00;;;;;
05-Jun-2023;66 475,00;;;;;
02-Jun-2023;66 395,00;;;;;
01-Jun-2023;65 835,00;;;;;
31-May-2023;65 325,00;;;;;
30-May-2023;65 765,00;;;;;
29-May-2023;65 560,00;;;;;
26-May-2023;64 090,00;;;;;
25-May-2023;63 790,00;;;;;
24-May-2023;64 280,00;;;;;
23-May-2023;65 315,00;;;;;
22-May-2023;65 495,00;;;;;
19-May-2023;65 740,00;;;;;
18-May-2023;66 135,00;;;;;
17-May-2023;64 690,00;;;;;
16-May-2023;65 275,00;;;;;
15-May-2023;64 765,00;;;;;
12-May-2023;64 645,00;;;;;
11-May-2023;66 640,00;;;;;
10-May-2023;67 440,00;;;;;
09-May-2023;67 530,00;;;;;
08-May-2023;67 215,00;;;;;
05-May-2023;66 685,00;;;;;
04-May-2023;67 305,00;;;;;
28-Apr-2023;67 445,00;;;;;
27-Apr-2023;66 680,00;;;;;
26-Apr-2023;67 560,00;;;;;
25-Apr-2023;68 295,00;;;;;
24-Apr-2023;68 510,00;;;;;
21-Apr-2023;68 910,00;;;;;
20-Apr-2023;69 520,00;;;;;
19-Apr-2023;69 715,00;;;;;
18-Apr-2023;69 695,00;;;;;
17-Apr-2023;69 995,00;;;;;
14-Apr-2023;70 325,00;;;;;
13-Apr-2023;69 410,00;;;;;
12-Apr-2023;69 175,00;;;;;
11-Apr-2023;68 610,00;;;;;
10-Apr-2023;68 870,00;;;;;
07-Apr-2023;68 885,00;;;;;
06-Apr-2023;68 850,00;;;;;
04-Apr-2023;69 250,00;;;;;
03-Apr-2023;69 655,00;;;;;
31-Mar-2023;69 690,00;;;;;
30-Mar-2023;69 650,00;;;;;
29-Mar-2023;69 640,00;;;;;
28-Mar-2023;69 795,00;;;;;
27-Mar-2023;69 455,00;;;;;
24-Mar-2023;69 285,00;;;;;
23-Mar-2023;68 690,00;;;;;
22-Mar-2023;68 200,00;;;;;
21-Mar-2023;67 640,00;;;;;
20-Mar-2023;67 645,00;;;;;
17-Mar-2023;67 310,00;;;;;
16-Mar-2023;67 215,00;;;;;
15-Mar-2023;68 980,00;;;;;
14-Mar-2023;68 725,00;;;;;
13-Mar-2023;69 110,00;;;;;
10-Mar-2023;69 060,00;;;;;
09-Mar-2023;69 350,00;;;;;
08-Mar-2023;68 845,00;;;;;
07-Mar-2023;69 650,00;;;;;
06-Mar-2023;69 335,00;;;;;
03-Mar-2023;69 370,00;;;;;
02-Mar-2023;69 890,00;;;;;
01-Mar-2023;69 775,00;;;;;
28-Feb-2023;68 590,00;;;;;
27-Feb-2023;68 510,00;;;;;
24-Feb-2023;69 275,00;;;;;
23-Feb-2023;70 110,00;;;;;
22-Feb-2023;70 375,00;;;;;
21-Feb-2023;69 750,00;;;;;
20-Feb-2023;69 100,00;;;;;
17-Feb-2023;69 105,00;;;;;
16-Feb-2023;68 420,00;;;;;
15-Feb-2023;68 970,00;;;;;
14-Feb-2023;68 555,00;;;;;
13-Feb-2023;68 120,00;;;;;
10-Feb-2023;68 310,00;;;;;
09-Feb-2023;68 285,00;;;;;
08-Feb-2023;68 265,00;;;;;
07-Feb-2023;67 905,00;;;;;
06-Feb-2023;68 120,00;;;;;
03-Feb-2023;68 400,00;;;;;
02-Feb-2023;69 105,00;;;;;
01-Feb-2023;69 610,00;;;;;
31-Jan-2023;69 525,00;;;;;
30-Jan-2023;69 810,00;;;;;
20-Jan-2023;70 190,00;;;;;
19-Jan-2023;69 710,00;;;;;
18-Jan-2023;69 785,00;;;;;
17-Jan-2023;68 450,00;;;;;
16-Jan-2023;68 570,00;;;;;
13-Jan-2023;68 755,00;;;;;
12-Jan-2023;68 590,00;;;;;
11-Jan-2023;67 530,00;;;;;
10-Jan-2023;66 490,00;;;;;
09-Jan-2023;66 225,00;;;;;
06-Jan-2023;65 220,00;;;;;
05-Jan-2023;64 335,00;;;;;
04-Jan-2023;65 170,00;;;;;
03-Jan-2023;65 840,00;;;;;
30-Dec-2022;66 250,00;;;;;
29-Dec-2022;66 220,00;;;;;
28-Dec-2022;66 265,00;;;;;
27-Dec-2022;66 480,00;;;;;
26-Dec-2022;66 190,00;;;;;
23-Dec-2022;66 080,00;;;;;
22-Dec-2022;66 830,00;;;;;
21-Dec-2022;66 395,00;;;;;
20-Dec-2022;65 825,00;;;;;
19-Dec-2022;66 090,00;;;;;
16-Dec-2022;65 775,00;;;;;
15-Dec-2022;66 175,00;;;;;
14-Dec-2022;66 710,00;;;;;
13-Dec-2022;66 190,00;;;;;
12-Dec-2022;66 275,00;;;;;
09-Dec-2022;66 995,00;;;;;
08-Dec-2022;66 295,00;;;;;
07-Dec-2022;66 315,00;;;;;
06-Dec-2022;66 615,00;;;;;
05-Dec-2022;67 300,00;;;;;
02-Dec-2022;66 410,00;;;;;
01-Dec-2022;66 410,00;;;;;
30-Nov-2022;65 340,00;;;;;
29-Nov-2022;65 560,00;;;;;
28-Nov-2022;64 930,00;;;;;
25-Nov-2022;65 650,00;;;;;
24-Nov-2022;65 520,00;;;;;
23-Nov-2022;65 320,00;;;;;
22-Nov-2022;65 200,00;;;;;
21-Nov-2022;65 320,00;;;;;
18-Nov-2022;66 315,00;;;;;
17-Nov-2022;66 640,00;;;;;
16-Nov-2022;67 065,00;;;;;
15-Nov-2022;67 330,00;;;;;
14-Nov-2022;67 835,00;;;;;
11-Nov-2022;68 590,00;;;;;
10-Nov-2022;67 375,00;;;;;
09-Nov-2022;66 840,00;;;;;
08-Nov-2022;66 285,00;;;;;
07-Nov-2022;66 440,00;;;;;
04-Nov-2022;64 685,00;;;;;
03-Nov-2022;64 740,00;;;;;
02-Nov-2022;65 015,00;;;;;
01-Nov-2022;64 385,00;;;;;
31-Oct-2022;63 840,00;;;;;
28-Oct-2022;64 635,00;;;;;
27-Oct-2022;64 715,00;;;;;
26-Oct-2022;63 980,00;;;;;
25-Oct-2022;64 290,00;;;;;
24-Oct-2022;64 550,00;;;;;
21-Oct-2022;64 080,00;;;;;
20-Oct-2022;62 920,00;;;;;
19-Oct-2022;63 050,00;;;;;
18-Oct-2022;63 590,00;;;;;
17-Oct-2022;64 600,00;;;;;
14-Oct-2022;64 785,00;;;;;
13-Oct-2022;64 090,00;;;;;
12-Oct-2022;63 825,00;;;;;
11-Oct-2022;64 000,00;;;;;
10-Oct-2022;63 120,00;;;;;
30-Sep-2022;62 695,00;;;;;
29-Sep-2022;62 465,00;;;;;
28-Sep-2022;61 430,00;;;;;
27-Sep-2022;61 530,00;;;;;
26-Sep-2022;61 655,00;;;;;
23-Sep-2022;63 110,00;;;;;
22-Sep-2022;63 140,00;;;;;
21-Sep-2022;63 140,00;;;;;
20-Sep-2022;63 335,00;;;;;
19-Sep-2022;63 530,00;;;;;
16-Sep-2022;62 900,00;;;;;
15-Sep-2022;63 350,00;;;;;
14-Sep-2022;63 175,00;;;;;
13-Sep-2022;63 905,00;;;;;
09-Sep-2022;63 715,00;;;;;
08-Sep-2022;61 900,00;;;;;
07-Sep-2022;61 875,00;;;;;
06-Sep-2022;61 820,00;;;;;
05-Sep-2022;60 895,00;;;;;
02-Sep-2022;60 555,00;;;;;
01-Sep-2022;61 775,00;;;;;
31-Aug-2022;62 800,00;;;;;
30-Aug-2022;63 160,00;;;;;
29-Aug-2022;63 780,00;;;;;
26-Aug-2022;64 320,00;;;;;
25-Aug-2022;63 365,00;;;;;
24-Aug-2022;63 750,00;;;;;
23-Aug-2022;63 600,00;;;;;
22-Aug-2022;63 650,00;;;;;
19-Aug-2022;62 985,00;;;;;
18-Aug-2022;62 350,00;;;;;
17-Aug-2022;62 545,00;;;;;
16-Aug-2022;62 440,00;;;;;
15-Aug-2022;62 320,00;;;;;
12-Aug-2022;63 070,00;;;;;
11-Aug-2022;62 575,00;;;;;
10-Aug-2022;61 810,00;;;;;
09-Aug-2022;61 560,00;;;;;
08-Aug-2022;61 450,00;;;;;
05-Aug-2022;60 545,00;;;;;
04-Aug-2022;59 970,00;;;;;
03-Aug-2022;60 285,00;;;;;
02-Aug-2022;60 215,00;;;;;
01-Aug-2022;61 615,00;;;;;
29-Jul-2022;60 370,00;;;;;
28-Jul-2022;60 000,00;;;;;
27-Jul-2022;58 680,00;;;;;
26-Jul-2022;58 945,00;;;;;
25-Jul-2022;57 665,00;;;;;
22-Jul-2022;57 105,00;;;;;
21-Jul-2022;56 395,00;;;;;
20-Jul-2022;56 860,00;;;;;
19-Jul-2022;56 235,00;;;;;
18-Jul-2022;55 925,00;;;;;
15-Jul-2022;55 090,00;;;;;
14-Jul-2022;56 310,00;;;;;
13-Jul-2022;56 465,00;;;;;
12-Jul-2022;58 475,00;;;;;
11-Jul-2022;58 545,00;;;;;
08-Jul-2022;59 865,00;;;;;
07-Jul-2022;58 410,00;;;;;
06-Jul-2022;58 435,00;;;;;
05-Jul-2022;61 260,00;;;;;
04-Jul-2022;61 550,00;;;;;
01-Jul-2022;62 920,00;;;;;
30-Jun-2022;64 300,00;;;;;
29-Jun-2022;64 200,00;;;;;
28-Jun-2022;64 140,00;;;;;
27-Jun-2022;64 510,00;;;;;
24-Jun-2022;64 340,00;;;;;
23-Jun-2022;66 035,00;;;;;
22-Jun-2022;68 190,00;;;;;
21-Jun-2022;68 740,00;;;;;
20-Jun-2022;68 815,00;;;;;
17-Jun-2022;70 035,00;;;;;
16-Jun-2022;71 285,00;;;;;
15-Jun-2022;71 265,00;;;;;
14-Jun-2022;71 690,00;;;;;
13-Jun-2022;72 205,00;;;;;
10-Jun-2022;72 750,00;;;;;
09-Jun-2022;73 035,00;;;;;
08-Jun-2022;72 955,00;;;;;
07-Jun-2022;73 015,00;;;;;
06-Jun-2022;73 255,00;;;;;
02-Jun-2022;72 550,00;;;;;
01-Jun-2022;72 160,00;;;;;
31-May-2022;72 615,00;;;;;
30-May-2022;72 720,00;;;;;
27-May-2022;72 610,00;;;;;
26-May-2022;71 950,00;;;;;
25-May-2022;72 275,00;;;;;
24-May-2022;72 530,00;;;;;
23-May-2022;72 415,00;;;;;
20-May-2022;72 175,00;;;;;
19-May-2022;71 755,00;;;;;
18-May-2022;72 090,00;;;;;
17-May-2022;72 200,00;;;;;
16-May-2022;71 695,00;;;;;
13-May-2022;71 220,00;;;;;
12-May-2022;72 120,00;;;;;
11-May-2022;72 005,00;;;;;
10-May-2022;71 970,00;;;;;
09-May-2022;72 480,00;;;;;
06-May-2022;72 860,00;;;;;
05-May-2022;73 765,00;;;;;
29-Apr-2022;73 980,00;;;;;
28-Apr-2022;74 020,00;;;;;
27-Apr-2022;73 795,00;;;;;
26-Apr-2022;73 945,00;;;;;
25-Apr-2022;74 390,00;;;;;
22-Apr-2022;75 110,00;;;;;
21-Apr-2022;74 905,00;;;;;
20-Apr-2022;74 790,00;;;;;
19-Apr-2022;75 615,00;;;;;
18-Apr-2022;75 570,00;;;;;
15-Apr-2022;75 400,00;;;;;
14-Apr-2022;74 400,00;;;;;
13-Apr-2022;74 530,00;;;;;
12-Apr-2022;73 830,00;;;;;
11-Apr-2022;73 750,00;;;;;
08-Apr-2022;73 820,00;;;;;
07-Apr-2022;73 805,00;;;;;
06-Apr-2022;74 010,00;;;;;
01-Apr-2022;73 675,00;;;;;
31-Mar-2022;73 630,00;;;;;
30-Mar-2022;73 960,00;;;;;
29-Mar-2022;74 195,00;;;;;
28-Mar-2022;73 380,00;;;;;
25-Mar-2022;73 795,00;;;;;
24-Mar-2022;73 925,00;;;;;
23-Mar-2022;73 420,00;;;;;
22-Mar-2022;73 515,00;;;;;
21-Mar-2022;73 480,00;;;;;
18-Mar-2022;73 300,00;;;;;
17-Mar-2022;72 680,00;;;;;
16-Mar-2022;72 070,00;;;;;
15-Mar-2022;71 815,00;;;;;
14-Mar-2022;72 270,00;;;;;
11-Mar-2022;72 200,00;;;;;
10-Mar-2022;72 050,00;;;;;
09-Mar-2022;73 110,00;;;;;
08-Mar-2022;72 965,00;;;;;
07-Mar-2022;75 095,00;;;;;
04-Mar-2022;72 875,00;;;;;
03-Mar-2022;72 575,00;;;;;
02-Mar-2022;71 585,00;;;;;
01-Mar-2022;70 885,00;;;;;
28-Feb-2022;70 880,00;;;;;
25-Feb-2022;71 135,00;;;;;
24-Feb-2022;70 860,00;;;;;
23-Feb-2022;71 190,00;;;;;
22-Feb-2022;71 205,00;;;;;
21-Feb-2022;71 540,00;;;;;
18-Feb-2022;71 560,00;;;;;
17-Feb-2022;71 575,00;;;;;
16-Feb-2022;71 570,00;;;;;
15-Feb-2022;71 110,00;;;;;
14-Feb-2022;71 510,00;;;;;
11-Feb-2022;72 595,00;;;;;
10-Feb-2022;72 250,00;;;;;
09-Feb-2022;70 520,00;;;;;
08-Feb-2022;70 750,00;;;;;
07-Feb-2022;71 115,00;;;;;
28-Jan-2022;70 515,00;;;;;
27-Jan-2022;70 505,00;;;;;
26-Jan-2022;70 280,00;;;;;
25-Jan-2022;70 080,00;;;;;
24-Jan-2022;70 900,00;;;;;
21-Jan-2022;71 050,00;;;;;
20-Jan-2022;70 805,00;;;;;
19-Jan-2022;70 385,00;;;;;
18-Jan-2022;70 530,00;;;;;
17-Jan-2022;70 450,00;;;;;
14-Jan-2022;71 580,00;;;;;
13-Jan-2022;72 230,00;;;;;
12-Jan-2022;70 920,00;;;;;
11-Jan-2022;69 905,00;;;;;
10-Jan-2022;70 095,00;;;;;
07-Jan-2022;69 830,00;;;;;
06-Jan-2022;70 010,00;;;;;
05-Jan-2022;70 510,00;;;;;
04-Jan-2022;69 885,00;;;;;
31-Dec-2021;69 950,00;;;;;
30-Dec-2021;70 075,00;;;;;
29-Dec-2021;70 160,00;;;;;
28-Dec-2021;70 330,00;;;;;
27-Dec-2021;69 700,00;;;;;
24-Dec-2021;69 890,00;;;;;
23-Dec-2021;69 915,00;;;;;
22-Dec-2021;69 590,00;;;;;
21-Dec-2021;69 425,00;;;;;
20-Dec-2021;69 230,00;;;;;
17-Dec-2021;69 575,00;;;;;
16-Dec-2021;68 530,00;;;;;
15-Dec-2021;68 910,00;;;;;
14-Dec-2021;68 910,00;;;;;
13-Dec-2021;69 630,00;;;;;
10-Dec-2021;69 805,00;;;;;
09-Dec-2021;70 015,00;;;;;
08-Dec-2021;69 875,00;;;;;
07-Dec-2021;69 825,00;;;;;
06-Dec-2021;69 965,00;;;;;
03-Dec-2021;69 975,00;;;;;
02-Dec-2021;70 020,00;;;;;
01-Dec-2021;70 375,00;;;;;
30-Nov-2021;70 840,00;;;;;
29-Nov-2021;71 225,00;;;;;
26-Nov-2021;71 810,00;;;;;
25-Nov-2021;72 500,00;;;;;
24-Nov-2021;71 925,00;;;;;
23-Nov-2021;72 560,00;;;;;
22-Nov-2021;72 190,00;;;;;
19-Nov-2021;72 550,00;;;;;
18-Nov-2021;70 450,00;;;;;
17-Nov-2021;71 055,00;;;;;
16-Nov-2021;71 855,00;;;;;
15-Nov-2021;71 550,00;;;;;
12-Nov-2021;71 525,00;;;;;
11-Nov-2021;70 810,00;;;;;
10-Nov-2021;70 650,00;;;;;
09-Nov-2021;71 230,00;;;;;
08-Nov-2021;70 995,00;;;;;
05-Nov-2021;70 330,00;;;;;
04-Nov-2021;71 330,00;;;;;
03-Nov-2021;70 960,00;;;;;
02-Nov-2021;71 300,00;;;;;
01-Nov-2021;71 190,00;;;;;
29-Oct-2021;71 645,00;;;;;
28-Oct-2021;70 815,00;;;;;
27-Oct-2021;72 180,00;;;;;
26-Oct-2021;72 710,00;;;;;
25-Oct-2021;72 775,00;;;;;
22-Oct-2021;73 210,00;;;;;
21-Oct-2021;75 225,00;;;;;
20-Oct-2021;73 485,00;;;;;
19-Oct-2021;75 800,00;;;;;
18-Oct-2021;75 980,00;;;;;
15-Oct-2021;74 090,00;;;;;
14-Oct-2021;72 200,00;;;;;
13-Oct-2021;70 200,00;;;;;
12-Oct-2021;70 415,00;;;;;
11-Oct-2021;69 975,00;;;;;
08-Oct-2021;70 010,00;;;;;
30-Sep-2021;68 770,00;;;;;
29-Sep-2021;68 945,00;;;;;
28-Sep-2021;69 535,00;;;;;
27-Sep-2021;70 115,00;;;;;
24-Sep-2021;69 400,00;;;;;
23-Sep-2021;69 130,00;;;;;
22-Sep-2021;69 140,00;;;;;
17-Sep-2021;69 930,00;;;;;
16-Sep-2021;70 660,00;;;;;
15-Sep-2021;69 890,00;;;;;
14-Sep-2021;70 565,00;;;;;
13-Sep-2021;71 520,00;;;;;
10-Sep-2021;70 025,00;;;;;
09-Sep-2021;68 780,00;;;;;
08-Sep-2021;69 295,00;;;;;
07-Sep-2021;69 625,00;;;;;
06-Sep-2021;69 780,00;;;;;
03-Sep-2021;69 525,00;;;;;
02-Sep-2021;69 455,00;;;;;
01-Sep-2021;69 965,00;;;;;
31-Aug-2021;70 345,00;;;;;
30-Aug-2021;70 115,00;;;;;
27-Aug-2021;69 190,00;;;;;
26-Aug-2021;69 350,00;;;;;
25-Aug-2021;69 625,00;;;;;
24-Aug-2021;68 975,00;;;;;
23-Aug-2021;68 290,00;;;;;
20-Aug-2021;67 205,00;;;;;
19-Aug-2021;67 730,00;;;;;
18-Aug-2021;69 215,00;;;;;
17-Aug-2021;70 030,00;;;;;
16-Aug-2021;70 355,00;;;;;
13-Aug-2021;70 245,00;;;;;
12-Aug-2021;70 355,00;;;;;
11-Aug-2021;70 030,00;;;;;
10-Aug-2021;69 560,00;;;;;
09-Aug-2021;69 620,00;;;;;
06-Aug-2021;69 785,00;;;;;
05-Aug-2021;69 700,00;;;;;
04-Aug-2021;70 280,00;;;;;
03-Aug-2021;71 045,00;;;;;
02-Aug-2021;71 750,00;;;;;
30-Jul-2021;71 875,00;;;;;
29-Jul-2021;71 805,00;;;;;
28-Jul-2021;72 420,00;;;;;
27-Jul-2021;72 715,00;;;;;
26-Jul-2021;71 265,00;;;;;
23-Jul-2021;70 090,00;;;;;
22-Jul-2021;69 015,00;;;;;
21-Jul-2021;68 650,00;;;;;
20-Jul-2021;68 390,00;;;;;
19-Jul-2021;69 250,00;;;;;
16-Jul-2021;69 715,00;;;;;
15-Jul-2021;68 855,00;;;;;
14-Jul-2021;68 805,00;;;;;
13-Jul-2021;69 390,00;;;;;
12-Jul-2021;69 515,00;;;;;
09-Jul-2021;68 730,00;;;;;
08-Jul-2021;68 895,00;;;;;
07-Jul-2021;68 525,00;;;;;
06-Jul-2021;69 715,00;;;;;
05-Jul-2021;68 675,00;;;;;
02-Jul-2021;68 040,00;;;;;
01-Jul-2021;68 680,00;;;;;
30-Jun-2021;68 390,00;;;;;
29-Jun-2021;68 165,00;;;;;
28-Jun-2021;68 315,00;;;;;
25-Jun-2021;68 875,00;;;;;
24-Jun-2021;68 650,00;;;;;
23-Jun-2021;68 240,00;;;;;
22-Jun-2021;67 210,00;;;;;
21-Jun-2021;66 875,00;;;;;
18-Jun-2021;67 790,00;;;;;
17-Jun-2021;69 190,00;;;;;
16-Jun-2021;69 315,00;;;;;
15-Jun-2021;69 995,00;;;;;
11-Jun-2021;70 745,00;;;;;
10-Jun-2021;71 310,00;;;;;
09-Jun-2021;71 770,00;;;;;
08-Jun-2021;71 360,00;;;;;
07-Jun-2021;71 565,00;;;;;
04-Jun-2021;71 055,00;;;;;
03-Jun-2021;72 940,00;;;;;
02-Jun-2021;73 660,00;;;;;
01-Jun-2021;73 815,00;;;;;
31-May-2021;73 665,00;;;;;
28-May-2021;73 440,00;;;;;
27-May-2021;71 360,00;;;;;
26-May-2021;71 755,00;;;;;
25-May-2021;72 415,00;;;;;
24-May-2021;71 425,00;;;;;
21-May-2021;72 020,00;;;;;
20-May-2021;72 535,00;;;;;
19-May-2021;74 915,00;;;;;
18-May-2021;75 765,00;;;;;
17-May-2021;74 640,00;;;;;
14-May-2021;74 910,00;;;;;
13-May-2021;76 005,00;;;;;
12-May-2021;76 065,00;;;;;
11-May-2021;75 410,00;;;;;
10-May-2021;76 940,00;;;;;
07-May-2021;74 205,00;;;;;
06-May-2021;72 820,00;;;;;
30-Apr-2021;71 725,00;;;;;
29-Apr-2021;72 375,00;;;;;
28-Apr-2021;70 980,00;;;;;
27-Apr-2021;71 925,00;;;;;
26-Apr-2021;69 960,00;;;;;
23-Apr-2021;69 160,00;;;;;
22-Apr-2021;68 880,00;;;;;
21-Apr-2021;68 580,00;;;;;
20-Apr-2021;69 000,00;;;;;
19-Apr-2021;68 240,00;;;;;
16-Apr-2021;68 590,00;;;;;
15-Apr-2021;67 220,00;;;;;
14-Apr-2021;66 185,00;;;;;
13-Apr-2021;65 720,00;;;;;
12-Apr-2021;65 735,00;;;;;
09-Apr-2021;66 805,00;;;;;
08-Apr-2021;66 405,00;;;;;
07-Apr-2021;66 920,00;;;;;
06-Apr-2021;67 150,00;;;;;
02-Apr-2021;65 910,00;;;;;
01-Apr-2021;65 515,00;;;;;
31-Mar-2021;65 180,00;;;;;
30-Mar-2021;66 170,00;;;;;
29-Mar-2021;66 270,00;;;;;
26-Mar-2021;65 705,00;;;;;
25-Mar-2021;65 930,00;;;;;
24-Mar-2021;66 120,00;;;;;
23-Mar-2021;66 810,00;;;;;
22-Mar-2021;66 870,00;;;;;
19-Mar-2021;66 650,00;;;;;
18-Mar-2021;67 150,00;;;;;
17-Mar-2021;66 165,00;;;;;
16-Mar-2021;67 250,00;;;;;
15-Mar-2021;67 760,00;;;;;
12-Mar-2021;66 850,00;;;;;
11-Mar-2021;65 585,00;;;;;
10-Mar-2021;65 560,00;;;;;
09-Mar-2021;66 590,00;;;;;
08-Mar-2021;66 525,00;;;;;
05-Mar-2021;64 785,00;;;;;
04-Mar-2021;67 030,00;;;;;
03-Mar-2021;67 870,00;;;;;
02-Mar-2021;66 190,00;;;;;
01-Mar-2021;67 590,00;;;;;
26-Feb-2021;68 445,00;;;;;
25-Feb-2021;69 970,00;;;;;
24-Feb-2021;68 140,00;;;;;
23-Feb-2021;67 620,00;;;;;
22-Feb-2021;67 095,00;;;;;
19-Feb-2021;63 260,00;;;;;
18-Feb-2021;62 700,00;;;;;
10-Feb-2021;60 215,00;;;;;
09-Feb-2021;59 400,00;;;;;
08-Feb-2021;58 945,00;;;;;
05-Feb-2021;58 020,00;;;;;
04-Feb-2021;57 830,00;;;;;
03-Feb-2021;57 210,00;;;;;
02-Feb-2021;57 755,00;;;;;
01-Feb-2021;57 855,00;;;;;
29-Jan-2021;58 195,00;;;;;
28-Jan-2021;57 960,00;;;;;
27-Jan-2021;58 810,00;;;;;
26-Jan-2021;58 865,00;;;;;
25-Jan-2021;59 090,00;;;;;
22-Jan-2021;58 935,00;;;;;
21-Jan-2021;59 265,00;;;;;
20-Jan-2021;59 050,00;;;;;
19-Jan-2021;59 040,00;;;;;
18-Jan-2021;58 685,00;;;;;
15-Jan-2021;59 645,00;;;;;
14-Jan-2021;58 710,00;;;;;
13-Jan-2021;58 845,00;;;;;
12-Jan-2021;58 245,00;;;;;
11-Jan-2021;59 500,00;;;;;
08-Jan-2021;60 365,00;;;;;
07-Jan-2021;59 345,00;;;;;
06-Jan-2021;59 170,00;;;;;
05-Jan-2021;58 135,00;;;;;
04-Jan-2021;58 065,00;;;;;
31-Dec-2020;57 930,00;;;;;
30-Dec-2020;58 130,00;;;;;
29-Dec-2020;58 570,00;;;;;
28-Dec-2020;58 805,00;;;;;
25-Dec-2020;58 255,00;;;;;
24-Dec-2020;58 170,00;;;;;
23-Dec-2020;57 590,00;;;;;
22-Dec-2020;58 580,00;;;;;
21-Dec-2020;58 855,00;;;;;
18-Dec-2020;59 080,00;;;;;
17-Dec-2020;58 090,00;;;;;
16-Dec-2020;57 895,00;;;;;
15-Dec-2020;57 435,00;;;;;
14-Dec-2020;57 935,00;;;;;
11-Dec-2020;58 410,00;;;;;
10-Dec-2020;57 025,00;;;;;
09-Dec-2020;57 280,00;;;;;
08-Dec-2020;57 030,00;;;;;
07-Dec-2020;57 375,00;;;;;
04-Dec-2020;57 270,00;;;;;
03-Dec-2020;57 255,00;;;;;
02-Dec-2020;57 260,00;;;;;
01-Dec-2020;57 350,00;;;;;
30-Nov-2020;57 340,00;;;;;
27-Nov-2020;55 655,00;;;;;
26-Nov-2020;55 150,00;;;;;
25-Nov-2020;54 945,00;;;;;
24-Nov-2020;54 115,00;;;;;
23-Nov-2020;54 170,00;;;;;
20-Nov-2020;53 155,00;;;;;
19-Nov-2020;52 890,00;;;;;
18-Nov-2020;52 730,00;;;;;
17-Nov-2020;53 245,00;;;;;
16-Nov-2020;53 320,00;;;;;
13-Nov-2020;52 040,00;;;;;
12-Nov-2020;51 895,00;;;;;
11-Nov-2020;51 990,00;;;;;
10-Nov-2020;52 220,00;;;;;
09-Nov-2020;52 270,00;;;;;
06-Nov-2020;51 645,00;;;;;
05-Nov-2020;51 660,00;;;;;
04-Nov-2020;51 710,00;;;;;
03-Nov-2020;51 755,00;;;;;
02-Nov-2020;51 125,00;;;;;
30-Oct-2020;51 550,00;;;;;
29-Oct-2020;51 600,00;;;;;
28-Oct-2020;51 745,00;;;;;
27-Oct-2020;51 565,00;;;;;
26-Oct-2020;51 955,00;;;;;
23-Oct-2020;52 240,00;;;;;
22-Oct-2020;52 380,00;;;;;
21-Oct-2020;52 260,00;;;;;
20-Oct-2020;51 455,00;;;;;
19-Oct-2020;51 630,00;;;;;
16-Oct-2020;51 835,00;;;;;
15-Oct-2020;51 395,00;;;;;
14-Oct-2020;51 490,00;;;;;
13-Oct-2020;51 560,00;;;;;
12-Oct-2020;51 615,00;;;;;
09-Oct-2020;51 615,00;;;;;
30-Sep-2020;51 270,00;;;;;
29-Sep-2020;51 160,00;;;;;
28-Sep-2020;51 025,00;;;;;
25-Sep-2020;50 895,00;;;;;
24-Sep-2020;50 740,00;;;;;
23-Sep-2020;51 645,00;;;;;
22-Sep-2020;51 880,00;;;;;
21-Sep-2020;52 490,00;;;;;
18-Sep-2020;52 220,00;;;;;
17-Sep-2020;51 480,00;;;;;
16-Sep-2020;51 910,00;;;;;
15-Sep-2020;52 165,00;;;;;
14-Sep-2020;52 295,00;;;;;
11-Sep-2020;51 565,00;;;;;
10-Sep-2020;52 155,00;;;;;
09-Sep-2020;52 065,00;;;;;
08-Sep-2020;52 545,00;;;;;
07-Sep-2020;52 665,00;;;;;
04-Sep-2020;51 485,00;;;;;
03-Sep-2020;52 170,00;;;;;
02-Sep-2020;51 975,00;;;;;
01-Sep-2020;52 420,00;;;;;
31-Aug-2020;52 075,00;;;;;
28-Aug-2020;51 830,00;;;;;
27-Aug-2020;51 460,00;;;;;
26-Aug-2020;51 420,00;;;;;
25-Aug-2020;51 395,00;;;;;
24-Aug-2020;51 320,00;;;;;
21-Aug-2020;52 095,00;;;;;
20-Aug-2020;52 215,00;;;;;
19-Aug-2020;52 300,00;;;;;
18-Aug-2020;51 155,00;;;;;
17-Aug-2020;50 395,00;;;;;
14-Aug-2020;50 065,00;;;;;
13-Aug-2020;50 565,00;;;;;
12-Aug-2020;50 075,00;;;;;
11-Aug-2020;50 825,00;;;;;
10-Aug-2020;50 125,00;;;;;
07-Aug-2020;51 460,00;;;;;
06-Aug-2020;51 445,00;;;;;
05-Aug-2020;51 410,00;;;;;
04-Aug-2020;51 730,00;;;;;
03-Aug-2020;51 010,00;;;;;
31-Jul-2020;51 915,00;;;;;
30-Jul-2020;51 905,00;;;;;
29-Jul-2020;51 860,00;;;;;
28-Jul-2020;52 025,00;;;;;
27-Jul-2020;51 750,00;;;;;
24-Jul-2020;51 960,00;;;;;
23-Jul-2020;51 900,00;;;;;
22-Jul-2020;52 645,00;;;;;
21-Jul-2020;51 985,00;;;;;
20-Jul-2020;51 410,00;;;;;
17-Jul-2020;51 700,00;;;;;
16-Jul-2020;51 240,00;;;;;
15-Jul-2020;52 475,00;;;;;
14-Jul-2020;52 130,00;;;;;
13-Jul-2020;53 025,00;;;;;
10-Jul-2020;50 625,00;;;;;
09-Jul-2020;50 595,00;;;;;
08-Jul-2020;49 860,00;;;;;
07-Jul-2020;49 630,00;;;;;
06-Jul-2020;49 125,00;;;;;
03-Jul-2020;49 235,00;;;;;
02-Jul-2020;49 485,00;;;;;
01-Jul-2020;49 445,00;;;;;
30-Jun-2020;48 915,00;;;;;
29-Jun-2020;48 780,00;;;;;
24-Jun-2020;48 160,00;;;;;
23-Jun-2020;47 860,00;;;;;
22-Jun-2020;47 910,00;;;;;
19-Jun-2020;47 490,00;;;;;
18-Jun-2020;47 105,00;;;;;
17-Jun-2020;46 915,00;;;;;
16-Jun-2020;47 080,00;;;;;
15-Jun-2020;46 840,00;;;;;
12-Jun-2020;46 770,00;;;;;
11-Jun-2020;47 420,00;;;;;
10-Jun-2020;46 860,00;;;;;
09-Jun-2020;46 360,00;;;;;
08-Jun-2020;45 715,00;;;;;
05-Jun-2020;44 995,00;;;;;
04-Jun-2020;44 875,00;;;;;
03-Jun-2020;45 110,00;;;;;
02-Jun-2020;44 900,00;;;;;
01-Jun-2020;44 725,00;;;;;
29-May-2020;44 145,00;;;;;
28-May-2020;44 035,00;;;;;
27-May-2020;44 180,00;;;;;
26-May-2020;44 040,00;;;;;
25-May-2020;43 795,00;;;;;
22-May-2020;43 790,00;;;;;
21-May-2020;44 620,00;;;;;
20-May-2020;44 040,00;;;;;
19-May-2020;44 070,00;;;;;
18-May-2020;43 270,00;;;;;
15-May-2020;43 350,00;;;;;
14-May-2020;43 155,00;;;;;
13-May-2020;43 090,00;;;;;
12-May-2020;43 600,00;;;;;
11-May-2020;44 140,00;;;;;
08-May-2020;43 610,00;;;;;
07-May-2020;43 025,00;;;;;
06-May-2020;42 840,00;;;;;
30-Apr-2020;43 035,00;;;;;
29-Apr-2020;42 835,00;;;;;
28-Apr-2020;42 475,00;;;;;
27-Apr-2020;42 870,00;;;;;
24-Apr-2020;42 120,00;;;;;
23-Apr-2020;41 985,00;;;;;
22-Apr-2020;41 050,00;;;;;
21-Apr-2020;42 035,00;;;;;
20-Apr-2020;42 665,00;;;;;
17-Apr-2020;42 475,00;;;;;
16-Apr-2020;41 780,00;;;;;
15-Apr-2020;41 850,00;;;;;
14-Apr-2020;41 975,00;;;;;
13-Apr-2020;41 930,00;;;;;
10-Apr-2020;40 960,00;;;;;
09-Apr-2020;40 960,00;;;;;
08-Apr-2020;40 730,00;;;;;
07-Apr-2020;40 835,00;;;;;
03-Apr-2020;39 750,00;;;;;
02-Apr-2020;39 195,00;;;;;
01-Apr-2020;39 590,00;;;;;
31-Mar-2020;39 450,00;;;;;
30-Mar-2020;38 640,00;;;;;
27-Mar-2020;38 900,00;;;;;
26-Mar-2020;38 970,00;;;;;
25-Mar-2020;38 790,00;;;;;
24-Mar-2020;37 965,00;;;;;
23-Mar-2020;36 650,00;;;;;
20-Mar-2020;38 335,00;;;;;
19-Mar-2020;37 575,00;;;;;
18-Mar-2020;41 410,00;;;;;
17-Mar-2020;42 170,00;;;;;
16-Mar-2020;43 200,00;;;;;
13-Mar-2020;42 760,00;;;;;
12-Mar-2020;43 180,00;;;;;
11-Mar-2020;44 280,00;;;;;
10-Mar-2020;44 050,00;;;;;
09-Mar-2020;43 535,00;;;;;
06-Mar-2020;44 750,00;;;;;
05-Mar-2020;45 060,00;;;;;
04-Mar-2020;45 025,00;;;;;
03-Mar-2020;45 355,00;;;;;
02-Mar-2020;44 795,00;;;;;
28-Feb-2020;44 700,00;;;;;
27-Feb-2020;45 205,00;;;;;
26-Feb-2020;45 385,00;;;;;
25-Feb-2020;45 535,00;;;;;
24-Feb-2020;45 555,00;;;;;
21-Feb-2020;45 935,00;;;;;
20-Feb-2020;46 025,00;;;;;
19-Feb-2020;46 015,00;;;;;
18-Feb-2020;45 970,00;;;;;
17-Feb-2020;45 870,00;;;;;
14-Feb-2020;45 670,00;;;;;
13-Feb-2020;45 520,00;;;;;
12-Feb-2020;45 405,00;;;;;
11-Feb-2020;45 375,00;;;;;
10-Feb-2020;45 355,00;;;;;
07-Feb-2020;45 595,00;;;;;
06-Feb-2020;45 770,00;;;;;
05-Feb-2020;45 270,00;;;;;
04-Feb-2020;44 970,00;;;;;
03-Feb-2020;44 930,00;;;;;
23-Jan-2020;48 035,00;;;;;
22-Jan-2020;48 270,00;;;;;
21-Jan-2020;48 415,00;;;;;
20-Jan-2020;48 865,00;;;;;
17-Jan-2020;48 945,00;;;;;
16-Jan-2020;48 970,00;;;;;
15-Jan-2020;49 080,00;;;;;
14-Jan-2020;49 000,00;;;;;
13-Jan-2020;48 605,00;;;;;
10-Jan-2020;48 615,00;;;;;
09-Jan-2020;48 795,00;;;;;
08-Jan-2020;48 660,00;;;;;
07-Jan-2020;48 775,00;;;;;
06-Jan-2020;48 745,00;;;;;
03-Jan-2020;48 955,00;;;;;
02-Jan-2020;49 085,00;;;;;
31-Dec-2019;49 045,00;;;;;
30-Dec-2019;49 230,00;;;;;
27-Dec-2019;49 450,00;;;;;
26-Dec-2019;49 350,00;;;;;
25-Dec-2019;49 285,00;;;;;
24-Dec-2019;48 920,00;;;;;
23-Dec-2019;48 820,00;;;;;
20-Dec-2019;49 065,00;;;;;
19-Dec-2019;48 850,00;;;;;
18-Dec-2019;48 985,00;;;;;
17-Dec-2019;48 985,00;;;;;
16-Dec-2019;48 685,00;;;;;
13-Dec-2019;48 960,00;;;;;
12-Dec-2019;48 915,00;;;;;
11-Dec-2019;48 495,00;;;;;
10-Dec-2019;48 435,00;;;;;
09-Dec-2019;48 175,00;;;;;
06-Dec-2019;47 385,00;;;;;
05-Dec-2019;47 280,00;;;;;
04-Dec-2019;47 100,00;;;;;
03-Dec-2019;47 165,00;;;;;
02-Dec-2019;47 355,00;;;;;
29-Nov-2019;47 315,00;;;;;
28-Nov-2019;47 365,00;;;;;
27-Nov-2019;47 345,00;;;;;
26-Nov-2019;47 135,00;;;;;
25-Nov-2019;47 185,00;;;;;
22-Nov-2019;46 935,00;;;;;
21-Nov-2019;47 085,00;;;;;
20-Nov-2019;47 205,00;;;;;
19-Nov-2019;46 970,00;;;;;
18-Nov-2019;47 035,00;;;;;
15-Nov-2019;46 965,00;;;;;
14-Nov-2019;47 040,00;;;;;
13-Nov-2019;47 065,00;;;;;
12-Nov-2019;47 140,00;;;;;
11-Nov-2019;47 190,00;;;;;
08-Nov-2019;47 385,00;;;;;
07-Nov-2019;47 145,00;;;;;
06-Nov-2019;47 355,00;;;;;
05-Nov-2019;47 210,00;;;;;
04-Nov-2019;47 050,00;;;;;
01-Nov-2019;46 975,00;;;;;
31-Oct-2019;47 210,00;;;;;
30-Oct-2019;47 400,00;;;;;
29-Oct-2019;47 360,00;;;;;
28-Oct-2019;47 385,00;;;;;
25-Oct-2019;47 240,00;;;;;
24-Oct-2019;47 365,00;;;;;
23-Oct-2019;47 055,00;;;;;
22-Oct-2019;47 190,00;;;;;
21-Oct-2019;47 200,00;;;;;
18-Oct-2019;46 750,00;;;;;
17-Oct-2019;46 710,00;;;;;
16-Oct-2019;46 930,00;;;;;
15-Oct-2019;46 995,00;;;;;
14-Oct-2019;47 100,00;;;;;
11-Oct-2019;47 075,00;;;;;
10-Oct-2019;46 755,00;;;;;
09-Oct-2019;46 810,00;;;;;
08-Oct-2019;47 045,00;;;;;
30-Sep-2019;47 320,00;;;;;
27-Sep-2019;46 790,00;;;;;
26-Sep-2019;47 255,00;;;;;
25-Sep-2019;47 255,00;;;;;
24-Sep-2019;47 340,00;;;;;
23-Sep-2019;47 345,00;;;;;
20-Sep-2019;47 425,00;;;;;
19-Sep-2019;47 480,00;;;;;
18-Sep-2019;47 525,00;;;;;
17-Sep-2019;47 525,00;;;;;
16-Sep-2019;47 810,00;;;;;
12-Sep-2019;47 405,00;;;;;
11-Sep-2019;47 305,00;;;;;
10-Sep-2019;47 475,00;;;;;
09-Sep-2019;47 385,00;;;;;
06-Sep-2019;47 565,00;;;;;
05-Sep-2019;47 165,00;;;;;
04-Sep-2019;46 350,00;;;;;
03-Sep-2019;46 520,00;;;;;
02-Sep-2019;46 650,00;;;;;
30-Aug-2019;46 745,00;;;;;
29-Aug-2019;46 635,00;;;;;
28-Aug-2019;46 610,00;;;;;
27-Aug-2019;46 465,00;;;;;
26-Aug-2019;46 070,00;;;;;
23-Aug-2019;46 320,00;;;;;
22-Aug-2019;46 435,00;;;;;
21-Aug-2019;46 410,00;;;;;
20-Aug-2019;46 675,00;;;;;
19-Aug-2019;46 495,00;;;;;
16-Aug-2019;46 480,00;;;;;
15-Aug-2019;46 385,00;;;;;
14-Aug-2019;46 650,00;;;;;
13-Aug-2019;46 570,00;;;;;
12-Aug-2019;46 575,00;;;;;
09-Aug-2019;46 625,00;;;;;
08-Aug-2019;46 500,00;;;;;
07-Aug-2019;46 170,00;;;;;
06-Aug-2019;46 145,00;;;;;
05-Aug-2019;45 980,00;;;;;
02-Aug-2019;46 460,00;;;;;
01-Aug-2019;46 665,00;;;;;
31-Jul-2019;46 865,00;;;;;
30-Jul-2019;47 335,00;;;;;
29-Jul-2019;46 950,00;;;;;
26-Jul-2019;46 990,00;;;;;
25-Jul-2019;47 030,00;;;;;
24-Jul-2019;47 030,00;;;;;
23-Jul-2019;47 335,00;;;;;
22-Jul-2019;47 640,00;;;;;
19-Jul-2019;47 700,00;;;;;
18-Jul-2019;46 810,00;;;;;
17-Jul-2019;46 925,00;;;;;
16-Jul-2019;46 925,00;;;;;
15-Jul-2019;46 825,00;;;;;
12-Jul-2019;46 695,00;;;;;
11-Jul-2019;46 570,00;;;;;
10-Jul-2019;45 895,00;;;;;
09-Jul-2019;46 240,00;;;;;
08-Jul-2019;46 445,00;;;;;
05-Jul-2019;46 500,00;;;;;
04-Jul-2019;46 590,00;;;;;
03-Jul-2019;46 440,00;;;;;
02-Jul-2019;46 665,00;;;;;
01-Jul-2019;47 350,00;;;;;
28-Jun-2019;47 080,00;;;;;
27-Jun-2019;47 125,00;;;;;
26-Jun-2019;47 310,00;;;;;
25-Jun-2019;46 985,00;;;;;
24-Jun-2019;46 860,00;;;;;
21-Jun-2019;46 930,00;;;;;
20-Jun-2019;46 860,00;;;;;
19-Jun-2019;46 910,00;;;;;
18-Jun-2019;46 410,00;;;;;
17-Jun-2019;46 185,00;;;;;
14-Jun-2019;46 505,00;;;;;
13-Jun-2019;46 375,00;;;;;
12-Jun-2019;46 655,00;;;;;
11-Jun-2019;46 795,00;;;;;
10-Jun-2019;46 320,00;;;;;
06-Jun-2019;46 070,00;;;;;
05-Jun-2019;46 675,00;;;;;
04-Jun-2019;46 370,00;;;;;
03-Jun-2019;46 240,00;;;;;
31-May-2019;46 550,00;;;;;
30-May-2019;46 685,00;;;;;
29-May-2019;47 055,00;;;;;
28-May-2019;47 255,00;;;;;
27-May-2019;47 125,00;;;;;
24-May-2019;47 040,00;;;;;
23-May-2019;46 830,00;;;;;
22-May-2019;47 535,00;;;;;
21-May-2019;47 835,00;;;;;
20-May-2019;47 830,00;;;;;
17-May-2019;47 940,00;;;;;
16-May-2019;47 860,00;;;;;
15-May-2019;47 680,00;;;;;
14-May-2019;47 580,00;;;;;
13-May-2019;47 660,00;;;;;
10-May-2019;48 000,00;;;;;
09-May-2019;47 660,00;;;;;
08-May-2019;48 025,00;;;;;
07-May-2019;48 440,00;;;;;
06-May-2019;48 075,00;;;;;
30-Apr-2019;48 950,00;;;;;
29-Apr-2019;48 875,00;;;;;
26-Apr-2019;48 880,00;;;;;
25-Apr-2019;49 305,00;;;;;
24-Apr-2019;49 100,00;;;;;
23-Apr-2019;49 240,00;;;;;
22-Apr-2019;49 500,00;;;;;
19-Apr-2019;49 480,00;;;;;
18-Apr-2019;49 655,00;;;;;
17-Apr-2019;49 625,00;;;;;
16-Apr-2019;49 445,00;;;;;
15-Apr-2019;49 550,00;;;;;
12-Apr-2019;49 115,00;;;;;
11-Apr-2019;49 360,00;;;;;
10-Apr-2019;49 470,00;;;;;
09-Apr-2019;49 435,00;;;;;
08-Apr-2019;49 385,00;;;;;
04-Apr-2019;49 600,00;;;;;
03-Apr-2019;49 260,00;;;;;
02-Apr-2019;49 220,00;;;;;
01-Apr-2019;49 310,00;;;;;
29-Mar-2019;49 865,00;;;;;
28-Mar-2019;49 470,00;;;;;
27-Mar-2019;49 410,00;;;;;
26-Mar-2019;49 270,00;;;;;
25-Mar-2019;49 430,00;;;;;
22-Mar-2019;50 030,00;;;;;
21-Mar-2019;50 340,00;;;;;
20-Mar-2019;50 210,00;;;;;
19-Mar-2019;50 160,00;;;;;
18-Mar-2019;50 170,00;;;;;
15-Mar-2019;49 590,00;;;;;
14-Mar-2019;49 870,00;;;;;
13-Mar-2019;49 990,00;;;;;
12-Mar-2019;49 850,00;;;;;
11-Mar-2019;49 615,00;;;;;
08-Mar-2019;49 730,00;;;;;
07-Mar-2019;49 920,00;;;;;
06-Mar-2019;50 020,00;;;;;
05-Mar-2019;50 285,00;;;;;
04-Mar-2019;50 070,00;;;;;
01-Mar-2019;49 935,00;;;;;
28-Feb-2019;50 015,00;;;;;
27-Feb-2019;49 925,00;;;;;
26-Feb-2019;49 825,00;;;;;
25-Feb-2019;50 000,00;;;;;
22-Feb-2019;49 395,00;;;;;
21-Feb-2019;49 530,00;;;;;
20-Feb-2019;49 450,00;;;;;
19-Feb-2019;49 035,00;;;;;
18-Feb-2019;48 515,00;;;;;
15-Feb-2019;48 170,00;;;;;
14-Feb-2019;48 040,00;;;;;
13-Feb-2019;47 910,00;;;;;
12-Feb-2019;48 135,00;;;;;
11-Feb-2019;48 190,00;;;;;
01-Feb-2019;47 830,00;;;;;
31-Jan-2019;47 860,00;;;;;
30-Jan-2019;47 540,00;;;;;
29-Jan-2019;47 300,00;;;;;
28-Jan-2019;47 600,00;;;;;
25-Jan-2019;47 265,00;;;;;
24-Jan-2019;47 225,00;;;;;
23-Jan-2019;47 415,00;;;;;
22-Jan-2019;47 550,00;;;;;
21-Jan-2019;47 945,00;;;;;
18-Jan-2019;47 800,00;;;;;
17-Jan-2019;47 465,00;;;;;
16-Jan-2019;47 250,00;;;;;
15-Jan-2019;47 070,00;;;;;
14-Jan-2019;47 220,00;;;;;
11-Jan-2019;47 210,00;;;;;
10-Jan-2019;47 430,00;;;;;
09-Jan-2019;47 650,00;;;;;
08-Jan-2019;47 510,00;;;;;
07-Jan-2019;47 560,00;;;;;
04-Jan-2019;46 890,00;;;;;
03-Jan-2019;47 450,00;;;;;
02-Jan-2019;48 030,00;;;;;
28-Dec-2018;48 245,00;;;;;
27-Dec-2018;48 525,00;;;;;
26-Dec-2018;48 060,00;;;;;
25-Dec-2018;47 910,00;;;;;
24-Dec-2018;48 380,00;;;;;
21-Dec-2018;48 440,00;;;;;
20-Dec-2018;48 345,00;;;;;
19-Dec-2018;48 320,00;;;;;
18-Dec-2018;49 080,00;;;;;
17-Dec-2018;49 180,00;;;;;
14-Dec-2018;49 160,00;;;;;
13-Dec-2018;49 250,00;;;;;
12-Dec-2018;49 355,00;;;;;
11-Dec-2018;49 420,00;;;;;
10-Dec-2018;49 515,00;;;;;
07-Dec-2018;49 540,00;;;;;
06-Dec-2018;49 470,00;;;;;
05-Dec-2018;49 570,00;;;;;
04-Dec-2018;50 045,00;;;;;
03-Dec-2018;50 410,00;;;;;
30-Nov-2018;49 740,00;;;;;
29-Nov-2018;49 750,00;;;;;
28-Nov-2018;49 135,00;;;;;
27-Nov-2018;49 350,00;;;;;
26-Nov-2018;49 470,00;;;;;
23-Nov-2018;49 850,00;;;;;
22-Nov-2018;49 600,00;;;;;
21-Nov-2018;49 390,00;;;;;
20-Nov-2018;49 880,00;;;;;
19-Nov-2018;49 810,00;;;;;
16-Nov-2018;49 560,00;;;;;
15-Nov-2018;49 130,00;;;;;
14-Nov-2018;48 940,00;;;;;
13-Nov-2018;48 845,00;;;;;
12-Nov-2018;49 145,00;;;;;
09-Nov-2018;49 450,00;;;;;
08-Nov-2018;49 610,00;;;;;
07-Nov-2018;49 500,00;;;;;
06-Nov-2018;49 610,00;;;;;
05-Nov-2018;49 950,00;;;;;
02-Nov-2018;49 190,00;;;;;
01-Nov-2018;48 775,00;;;;;
31-Oct-2018;49 140,00;;;;;
30-Oct-2018;49 560,00;;;;;
29-Oct-2018;49 880,00;;;;;
26-Oct-2018;49 895,00;;;;;
25-Oct-2018;49 520,00;;;;;
24-Oct-2018;50 090,00;;;;;
23-Oct-2018;50 380,00;;;;;
22-Oct-2018;50 510,00;;;;;
19-Oct-2018;50 045,00;;;;;
18-Oct-2018;50 250,00;;;;;
17-Oct-2018;50 170,00;;;;;
16-Oct-2018;50 460,00;;;;;
15-Oct-2018;50 900,00;;;;;
12-Oct-2018;50 550,00;;;;;
11-Oct-2018;50 075,00;;;;;
10-Oct-2018;50 925,00;;;;;
09-Oct-2018;50 520,00;;;;;
08-Oct-2018;50 290,00;;;;;
28-Sep-2018;50 285,00;;;;;
27-Sep-2018;50 510,00;;;;;
26-Sep-2018;50 725,00;;;;;
25-Sep-2018;50 495,00;;;;;
21-Sep-2018;50 010,00;;;;;
20-Sep-2018;49 960,00;;;;;
19-Sep-2018;50 030,00;;;;;
18-Sep-2018;48 850,00;;;;;
17-Sep-2018;48 305,00;;;;;
14-Sep-2018;48 780,00;;;;;
13-Sep-2018;48 635,00;;;;;
12-Sep-2018;47 890,00;;;;;
11-Sep-2018;47 925,00;;;;;
10-Sep-2018;47 820,00;;;;;
07-Sep-2018;48 030,00;;;;;
06-Sep-2018;47 960,00;;;;;
05-Sep-2018;47 680,00;;;;;
04-Sep-2018;48 255,00;;;;;
03-Sep-2018;48 300,00;;;;;
31-Aug-2018;48 650,00;;;;;
30-Aug-2018;48 810,00;;;;;
29-Aug-2018;49 090,00;;;;;
28-Aug-2018;48 625,00;;;;;
27-Aug-2018;48 830,00;;;;;
24-Aug-2018;48 470,00;;;;;
23-Aug-2018;48 300,00;;;;;
22-Aug-2018;48 770,00;;;;;
21-Aug-2018;48 715,00;;;;;
20-Aug-2018;48 510,00;;;;;
17-Aug-2018;48 070,00;;;;;
16-Aug-2018;47 895,00;;;;;
15-Aug-2018;48 920,00;;;;;
14-Aug-2018;49 530,00;;;;;
13-Aug-2018;49 570,00;;;;;
10-Aug-2018;49 820,00;;;;;
09-Aug-2018;49 540,00;;;;;
08-Aug-2018;49 495,00;;;;;
07-Aug-2018;49 315,00;;;;;
06-Aug-2018;49 325,00;;;;;
03-Aug-2018;49 235,00;;;;;
02-Aug-2018;49 160,00;;;;;
01-Aug-2018;49 910,00;;;;;
31-Jul-2018;49 700,00;;;;;
30-Jul-2018;49 800,00;;;;;
27-Jul-2018;49 940,00;;;;;
26-Jul-2018;49 940,00;;;;;
25-Jul-2018;49 915,00;;;;;
24-Jul-2018;49 210,00;;;;;
23-Jul-2018;48 760,00;;;;;
20-Jul-2018;48 260,00;;;;;
19-Jul-2018;48 820,00;;;;;
18-Jul-2018;48 495,00;;;;;
17-Jul-2018;48 755,00;;;;;
16-Jul-2018;48 880,00;;;;;
13-Jul-2018;48 610,00;;;;;
12-Jul-2018;48 480,00;;;;;
11-Jul-2018;48 030,00;;;;;
10-Jul-2018;49 645,00;;;;;
09-Jul-2018;49 605,00;;;;;
06-Jul-2018;48 885,00;;;;;
05-Jul-2018;49 670,00;;;;;
04-Jul-2018;50 710,00;;;;;
03-Jul-2018;51 105,00;;;;;
02-Jul-2018;51 235,00;;;;;
29-Jun-2018;51 200,00;;;;;
28-Jun-2018;51 410,00;;;;;
27-Jun-2018;51 310,00;;;;;
26-Jun-2018;51 170,00;;;;;
25-Jun-2018;51 740,00;;;;;
22-Jun-2018;51 445,00;;;;;
21-Jun-2018;51 660,00;;;;;
20-Jun-2018;51 560,00;;;;;
19-Jun-2018;52 295,00;;;;;
15-Jun-2018;53 110,00;;;;;
14-Jun-2018;53 375,00;;;;;
13-Jun-2018;53 250,00;;;;;
12-Jun-2018;53 435,00;;;;;
11-Jun-2018;53 810,00;;;;;
08-Jun-2018;53 460,00;;;;;
07-Jun-2018;53 635,00;;;;;
06-Jun-2018;52 595,00;;;;;
05-Jun-2018;51 860,00;;;;;
04-Jun-2018;51 875,00;;;;;
01-Jun-2018;51 300,00;;;;;
31-May-2018;51 120,00;;;;;
30-May-2018;51 100,00;;;;;
29-May-2018;51 370,00;;;;;
28-May-2018;51 250,00;;;;;
25-May-2018;51 375,00;;;;;
24-May-2018;51 180,00;;;;;
23-May-2018;51 600,00;;;;;
22-May-2018;51 285,00;;;;;
21-May-2018;51 250,00;;;;;
18-May-2018;51 045,00;;;;;
17-May-2018;50 970,00;;;;;
16-May-2018;50 770,00;;;;;
15-May-2018;50 970,00;;;;;
14-May-2018;51 210,00;;;;;
11-May-2018;51 150,00;;;;;
10-May-2018;50 955,00;;;;;
09-May-2018;50 755,00;;;;;
08-May-2018;51 030,00;;;;;
07-May-2018;50 900,00;;;;;
04-May-2018;50 920,00;;;;;
03-May-2018;50 770,00;;;;;
02-May-2018;50 790,00;;;;;
27-Apr-2018;51 645,00;;;;;
26-Apr-2018;51 805,00;;;;;
25-Apr-2018;51 770,00;;;;;
24-Apr-2018;51 660,00;;;;;
23-Apr-2018;51 890,00;;;;;
20-Apr-2018;51 615,00;;;;;
19-Apr-2018;51 870,00;;;;;
18-Apr-2018;50 950,00;;;;;
17-Apr-2018;50 960,00;;;;;
16-Apr-2018;50 450,00;;;;;
13-Apr-2018;50 620,00;;;;;
12-Apr-2018;50 760,00;;;;;
11-Apr-2018;51 275,00;;;;;
10-Apr-2018;51 090,00;;;;;
09-Apr-2018;50 430,00;;;;;
04-Apr-2018;50 570,00;;;;;
03-Apr-2018;50 550,00;;;;;
02-Apr-2018;50 160,00;;;;;
30-Mar-2018;49 790,00;;;;;
29-Mar-2018;49 620,00;;;;;
28-Mar-2018;49 160,00;;;;;
27-Mar-2018;49 300,00;;;;;
26-Mar-2018;48 855,00;;;;;
23-Mar-2018;49 825,00;;;;;
22-Mar-2018;50 870,00;;;;;
21-Mar-2018;50 535,00;;;;;
20-Mar-2018;50 920,00;;;;;
19-Mar-2018;50 850,00;;;;;
16-Mar-2018;51 375,00;;;;;
15-Mar-2018;51 765,00;;;;;
14-Mar-2018;51 530,00;;;;;
13-Mar-2018;51 390,00;;;;;
12-Mar-2018;51 580,00;;;;;
09-Mar-2018;51 075,00;;;;;
08-Mar-2018;51 770,00;;;;;
07-Mar-2018;51 990,00;;;;;
06-Mar-2018;51 850,00;;;;;
05-Mar-2018;51 785,00;;;;;
02-Mar-2018;51 960,00;;;;;
01-Mar-2018;52 000,00;;;;;
28-Feb-2018;52 440,00;;;;;
27-Feb-2018;52 935,00;;;;;
26-Feb-2018;52 960,00;;;;;
23-Feb-2018;53 040,00;;;;;
22-Feb-2018;52 260,00;;;;;
14-Feb-2018;52 115,00;;;;;
13-Feb-2018;51 555,00;;;;;
12-Feb-2018;51 215,00;;;;;
09-Feb-2018;51 320,00;;;;;
08-Feb-2018;51 610,00;;;;;
07-Feb-2018;52 800,00;;;;;
06-Feb-2018;52 590,00;;;;;
05-Feb-2018;52 690,00;;;;;
02-Feb-2018;52 845,00;;;;;
01-Feb-2018;52 840,00;;;;;
31-Jan-2018;52 700,00;;;;;
30-Jan-2018;53 150,00;;;;;
29-Jan-2018;53 355,00;;;;;
26-Jan-2018;53 240,00;;;;;
25-Jan-2018;53 530,00;;;;;
24-Jan-2018;52 610,00;;;;;
23-Jan-2018;53 405,00;;;;;
22-Jan-2018;53 415,00;;;;;
19-Jan-2018;53 470,00;;;;;
18-Jan-2018;53 540,00;;;;;
17-Jan-2018;53 640,00;;;;;
16-Jan-2018;54 470,00;;;;;
15-Jan-2018;54 320,00;;;;;
12-Jan-2018;54 340,00;;;;;
11-Jan-2018;54 715,00;;;;;
10-Jan-2018;54 580,00;;;;;
09-Jan-2018;54 470,00;;;;;
08-Jan-2018;54 350,00;;;;;
05-Jan-2018;54 765,00;;;;;
04-Jan-2018;54 610,00;;;;;
03-Jan-2018;54 630,00;;;;;
02-Jan-2018;54 735,00;;;;;
29-Dec-2017;55 280,00;;;;;
28-Dec-2017;54 920,00;;;;;
27-Dec-2017;54 640,00;;;;;
26-Dec-2017;54 310,00;;;;;
25-Dec-2017;54 620,00;;;;;
22-Dec-2017;53 930,00;;;;;
21-Dec-2017;53 875,00;;;;;
20-Dec-2017;53 370,00;;;;;
19-Dec-2017;53 300,00;;;;;
18-Dec-2017;53 385,00;;;;;
15-Dec-2017;52 580,00;;;;;
14-Dec-2017;52 440,00;;;;;
13-Dec-2017;52 010,00;;;;;
12-Dec-2017;51 860,00;;;;;
11-Dec-2017;51 550,00;;;;;
08-Dec-2017;51 385,00;;;;;
07-Dec-2017;51 420,00;;;;;
06-Dec-2017;51 330,00;;;;;
05-Dec-2017;53 245,00;;;;;
04-Dec-2017;53 395,00;;;;;
01-Dec-2017;52 730,00;;;;;
30-Nov-2017;52 590,00;;;;;
29-Nov-2017;53 130,00;;;;;
28-Nov-2017;53 470,00;;;;;
27-Nov-2017;54 285,00;;;;;
26-Nov-2017;53 960,00;;;;;
24-Nov-2017;53 960,00;;;;;
23-Nov-2017;53 830,00;;;;;
22-Nov-2017;53 850,00;;;;;
21-Nov-2017;53 210,00;;;;;
20-Nov-2017;52 880,00;;;;;
17-Nov-2017;52 780,00;;;;;
16-Nov-2017;52 950,00;;;;;
15-Nov-2017;52 800,00;;;;;
14-Nov-2017;54 020,00;;;;;
13-Nov-2017;53 470,00;;;;;
10-Nov-2017;53 390,00;;;;;
09-Nov-2017;53 610,00;;;;;
08-Nov-2017;53 730,00;;;;;
07-Nov-2017;54 510,00;;;;;
06-Nov-2017;54 400,00;;;;;
03-Nov-2017;54 510,00;;;;;
02-Nov-2017;54 355,00;;;;;
01-Nov-2017;54 590,00;;;;;
31-Oct-2017;53 730,00;;;;;
30-Oct-2017;53 730,00;;;;;
27-Oct-2017;54 595,00;;;;;
26-Oct-2017;55 235,00;;;;;
25-Oct-2017;55 520,00;;;;;
24-Oct-2017;55 930,00;;;;;
23-Oct-2017;55 005,00;;;;;
20-Oct-2017;55 090,00;;;;;
19-Oct-2017;54 950,00;;;;;
18-Oct-2017;55 280,00;;;;;
17-Oct-2017;55 660,00;;;;;
16-Oct-2017;53 970,00;;;;;
13-Oct-2017;53 670,00;;;;;
12-Oct-2017;53 565,00;;;;;
11-Oct-2017;52 700,00;;;;;
10-Oct-2017;52 400,00;;;;;
09-Oct-2017;52 340,00;;;;;
29-Sep-2017;51 495,00;;;;;
28-Sep-2017;50 520,00;;;;;
27-Sep-2017;50 495,00;;;;;
26-Sep-2017;50 810,00;;;;;
25-Sep-2017;50 420,00;;;;;
22-Sep-2017;49 725,00;;;;;
21-Sep-2017;50 300,00;;;;;
20-Sep-2017;50 750,00;;;;;
19-Sep-2017;50 750,00;;;;;
18-Sep-2017;50 600,00;;;;;
15-Sep-2017;50 380,00;;;;;
14-Sep-2017;50 610,00;;;;;
13-Sep-2017;51 195,00;;;;;
12-Sep-2017;51 415,00;;;;;
11-Sep-2017;51 210,00;;;;;
08-Sep-2017;52 585,00;;;;;
07-Sep-2017;53 085,00;;;;;
06-Sep-2017;52 970,00;;;;;
05-Sep-2017;53 310,00;;;;;
04-Sep-2017;53 035,00;;;;;
01-Sep-2017;52 585,00;;;;;
31-Aug-2017;52 640,00;;;;;
30-Aug-2017;52 560,00;;;;;
29-Aug-2017;52 615,00;;;;;
28-Aug-2017;52 315,00;;;;;
25-Aug-2017;52 295,00;;;;;
24-Aug-2017;51 540,00;;;;;
23-Aug-2017;51 210,00;;;;;
22-Aug-2017;51 385,00;;;;;
21-Aug-2017;50 920,00;;;;;
18-Aug-2017;50 530,00;;;;;
17-Aug-2017;51 090,00;;;;;
16-Aug-2017;49 935,00;;;;;
15-Aug-2017;50 095,00;;;;;
14-Aug-2017;50 030,00;;;;;
11-Aug-2017;49 760,00;;;;;
10-Aug-2017;50 535,00;;;;;
09-Aug-2017;50 810,00;;;;;
08-Aug-2017;50 430,00;;;;;
07-Aug-2017;50 015,00;;;;;
04-Aug-2017;50 100,00;;;;;
03-Aug-2017;50 215,00;;;;;
02-Aug-2017;49 850,00;;;;;
01-Aug-2017;50 125,00;;;;;
31-Jul-2017;50 220,00;;;;;
28-Jul-2017;49 760,00;;;;;
27-Jul-2017;49 925,00;;;;;
26-Jul-2017;49 780,00;;;;;
25-Jul-2017;48 090,00;;;;;
24-Jul-2017;47 720,00;;;;;
21-Jul-2017;47 695,00;;;;;
20-Jul-2017;47 630,00;;;;;
19-Jul-2017;47 570,00;;;;;
18-Jul-2017;47 690,00;;;;;
17-Jul-2017;47 250,00;;;;;
14-Jul-2017;46 940,00;;;;;
13-Jul-2017;47 025,00;;;;;
12-Jul-2017;47 110,00;;;;;
11-Jul-2017;46 660,00;;;;;
10-Jul-2017;46 820,00;;;;;
07-Jul-2017;46 735,00;;;;;
06-Jul-2017;46 760,00;;;;;
05-Jul-2017;47 095,00;;;;;
04-Jul-2017;46 970,00;;;;;
03-Jul-2017;47 155,00;;;;;
30-Jun-2017;47 115,00;;;;;
29-Jun-2017;47 165,00;;;;;
28-Jun-2017;46 565,00;;;;;
27-Jun-2017;46 300,00;;;;;
26-Jun-2017;46 270,00;;;;;
23-Jun-2017;45 820,00;;;;;
22-Jun-2017;45 855,00;;;;;
21-Jun-2017;45 360,00;;;;;
20-Jun-2017;45 690,00;;;;;
19-Jun-2017;45 415,00;;;;;
16-Jun-2017;45 515,00;;;;;
15-Jun-2017;45 480,00;;;;;
14-Jun-2017;45 580,00;;;;;
13-Jun-2017;45 900,00;;;;;
12-Jun-2017;46 240,00;;;;;
09-Jun-2017;45 715,00;;;;;
08-Jun-2017;45 005,00;;;;;
07-Jun-2017;45 110,00;;;;;
06-Jun-2017;45 100,00;;;;;
05-Jun-2017;45 240,00;;;;;
02-Jun-2017;45 280,00;;;;;
01-Jun-2017;45 260,00;;;;;
31-May-2017;45 565,00;;;;;
26-May-2017;45 820,00;;;;;
25-May-2017;45 820,00;;;;;
24-May-2017;45 780,00;;;;;
23-May-2017;45 910,00;;;;;
22-May-2017;45 760,00;;;;;
19-May-2017;45 200,00;;;;;
18-May-2017;45 020,00;;;;;
17-May-2017;45 335,00;;;;;
16-May-2017;45 210,00;;;;;
15-May-2017;45 245,00;;;;;
12-May-2017;44 965,00;;;;;
11-May-2017;44 900,00;;;;;
10-May-2017;44 950,00;;;;;
09-May-2017;44 765,00;;;;;
08-May-2017;44 975,00;;;;;
05-May-2017;45 235,00;;;;;
04-May-2017;45 575,00;;;;;
03-May-2017;46 605,00;;;;;
02-May-2017;46 825,00;;;;;
28-Apr-2017;46 230,00;;;;;
27-Apr-2017;46 175,00;;;;;
26-Apr-2017;46 190,00;;;;;
25-Apr-2017;45 970,00;;;;;
24-Apr-2017;45 845,00;;;;;
21-Apr-2017;45 800,00;;;;;
20-Apr-2017;45 485,00;;;;;
19-Apr-2017;45 840,00;;;;;
18-Apr-2017;46 305,00;;;;;
17-Apr-2017;46 355,00;;;;;
14-Apr-2017;45 880,00;;;;;
13-Apr-2017;45 845,00;;;;;
12-Apr-2017;46 560,00;;;;;
11-Apr-2017;46 725,00;;;;;
10-Apr-2017;46 970,00;;;;;
07-Apr-2017;47 520,00;;;;;
06-Apr-2017;47 625,00;;;;;
05-Apr-2017;47 115,00;;;;;
31-Mar-2017;47 335,00;;;;;
30-Mar-2017;47 100,00;;;;;
29-Mar-2017;47 040,00;;;;;
28-Mar-2017;46 505,00;;;;;
27-Mar-2017;46 040,00;;;;;
24-Mar-2017;46 675,00;;;;;
23-Mar-2017;46 870,00;;;;;
22-Mar-2017;46 345,00;;;;;
21-Mar-2017;46 960,00;;;;;
20-Mar-2017;47 660,00;;;;;
17-Mar-2017;47 600,00;;;;;
16-Mar-2017;47 640,00;;;;;
15-Mar-2017;47 225,00;;;;;
14-Mar-2017;46 960,00;;;;;
13-Mar-2017;46 680,00;;;;;
10-Mar-2017;46 230,00;;;;;
09-Mar-2017;46 520,00;;;;;
08-Mar-2017;46 970,00;;;;;
07-Mar-2017;47 400,00;;;;;
06-Mar-2017;47 950,00;;;;;
03-Mar-2017;47 710,00;;;;;
02-Mar-2017;48 275,00;;;;;
01-Mar-2017;48 050,00;;;;;
28-Feb-2017;47 540,00;;;;;
27-Feb-2017;47 710,00;;;;;
24-Feb-2017;47 225,00;;;;;
23-Feb-2017;48 370,00;;;;;
22-Feb-2017;48 540,00;;;;;
21-Feb-2017;48 795,00;;;;;
20-Feb-2017;48 270,00;;;;;
17-Feb-2017;48 435,00;;;;;
16-Feb-2017;48 950,00;;;;;
15-Feb-2017;48 710,00;;;;;
14-Feb-2017;49 390,00;;;;;
13-Feb-2017;49 640,00;;;;;
10-Feb-2017;46 885,00;;;;;
09-Feb-2017;47 210,00;;;;;
08-Feb-2017;47 055,00;;;;;
07-Feb-2017;46 630,00;;;;;
06-Feb-2017;46 490,00;;;;;
03-Feb-2017;46 700,00;;;;;
26-Jan-2017;47 430,00;;;;;
25-Jan-2017;47 400,00;;;;;
24-Jan-2017;46 785,00;;;;;
23-Jan-2017;46 875,00;;;;;
20-Jan-2017;46 430,00;;;;;
19-Jan-2017;46 565,00;;;;;
18-Jan-2017;46 230,00;;;;;
17-Jan-2017;46 890,00;;;;;
16-Jan-2017;47 725,00;;;;;
13-Jan-2017;47 315,00;;;;;
12-Jan-2017;46 790,00;;;;;
11-Jan-2017;46 770,00;;;;;
10-Jan-2017;45 545,00;;;;;
09-Jan-2017;45 425,00;;;;;
06-Jan-2017;45 195,00;;;;;
05-Jan-2017;45 510,00;;;;;
04-Jan-2017;44 770,00;;;;;
03-Jan-2017;45 710,00;;;;;
01-Jan-2017;51 420,00;;;;;
