Date,Price_Dailymetal,Price_COMEX,Price_SA_LOB,Price_LAC,Price_EA_Carbonate,Price_EA_Carbonate_Batt
2016-12-31,20.92,14.0,10.0,10.13,37.75,43.7
2017-01-31,20.92,14.0,10.0,10.13,37.75,43.7
2017-02-28,20.92,14.0,10.25,10.13,37.75,43.7
2017-03-31,20.92,14.0,10.25,10.13,37.75,43.7
2017-04-30,20.92,14.0,10.5,10.13,37.75,43.7
2017-05-10,20.92,14.0,10.5,10.13,37.75,43.7
2017-05-11,20.92,14.0,10.5,10.13,37.75,43.7
2017-05-12,20.92,14.0,10.5,10.13,37.75,43.7
2017-05-15,20.92,14.0,10.5,10.13,37.75,43.7
2017-05-16,20.92,14.0,10.5,10.13,37.75,43.7
2017-05-17,20.92,14.0,10.5,10.13,37.75,43.7
2017-05-18,20.92,14.0,10.5,10.13,37.75,43.7
2017-05-19,21.689,14.0,10.5,10.13,37.75,43.7
2017-05-22,21.689,14.0,10.5,10.13,37.75,43.7
2017-05-23,21.689,14.0,10.5,10.13,37.75,43.7
2017-05-24,21.689,14.0,10.5,10.13,37.75,43.7
2017-05-25,21.689,14.0,10.5,10.13,37.75,43.7
2017-05-26,21.689,14.0,10.5,10.13,37.75,43.7
2017-05-30,21.689,14.0,10.5,10.13,37.75,43.7
2017-05-31,21.689,14.0,10.5,10.13,37.75,43.7
2017-06-01,21.997,14.0,10.5455,10.13,37.75,43.7
2017-06-02,21.997,14.0,10.5909,10.13,37.75,43.7
2017-06-05,21.997,14.0,10.6364,10.13,37.75,43.7
2017-06-06,22.228,14.0,10.6818,10.13,37.75,43.7
2017-06-07,22.228,14.0,10.7273,10.13,37.75,43.7
2017-06-08,22.228,14.0,10.7727,10.13,37.75,43.7
2017-06-09,22.228,14.0,10.8182,10.13,37.75,43.7
2017-06-12,22.228,14.0,10.8636,10.13,37.75,43.7
2017-06-13,22.228,14.0,10.9091,10.13,37.75,43.7
2017-06-14,22.228,14.0,10.9545,10.13,37.75,43.7
2017-06-15,22.228,14.0,11.0,10.13,37.75,43.7
2017-06-16,22.228,14.0,11.0455,10.13,37.75,43.7
2017-06-19,22.228,14.0,11.0909,10.13,37.75,43.7
2017-06-20,22.228,14.0,11.1364,10.13,37.75,43.7
2017-06-21,22.228,14.0,11.1818,10.13,37.75,43.7
2017-06-22,22.228,14.0,11.2273,10.13,37.75,43.7
2017-06-23,22.228,14.0,11.2727,10.13,37.75,43.7
2017-06-26,22.382,14.0,11.3182,10.13,37.75,43.7
2017-06-27,22.382,14.0,11.3636,10.13,37.75,43.7
2017-06-28,22.382,14.0,11.4091,10.13,37.75,43.7
2017-06-29,22.382,14.0,11.4545,10.13,37.75,43.7
2017-06-30,22.382,14.0,11.5,10.13,37.75,43.7
2017-07-03,22.382,14.0,11.5476,10.13,37.75,43.7
2017-07-04,22.382,14.0,11.5952,10.13,37.75,43.7
2017-07-05,22.382,14.0,11.6429,10.13,37.75,43.7
2017-07-06,22.382,14.0,11.6905,10.13,37.75,43.7
2017-07-07,22.382,14.0,11.7381,10.13,37.75,43.7
2017-07-10,22.382,14.0,11.7857,10.13,37.75,43.7
2017-07-11,22.382,14.0,11.8333,10.13,37.75,43.7
2017-07-12,22.382,14.0,11.881,10.13,37.75,43.7
2017-07-13,22.382,14.0,11.9286,10.13,37.75,43.7
2017-07-14,22.382,14.0,11.9762,10.13,37.75,43.7
2017-07-17,22.382,14.0,12.0238,10.13,37.75,43.7
2017-07-18,22.382,14.0,12.0714,10.13,37.75,43.7
2017-07-19,22.382,14.0,12.119,10.13,37.75,43.7
2017-07-20,22.382,14.0,12.1667,10.13,37.75,43.7
2017-07-21,22.382,14.0,12.2143,10.13,37.75,43.7
2017-07-24,22.382,14.0,12.2619,10.13,37.75,43.7
2017-07-25,22.382,14.0,12.3095,10.13,37.75,43.7
2017-07-26,22.382,14.0,12.3571,10.13,37.75,43.7
2017-07-27,22.382,14.0,12.4048,10.13,37.75,43.7
2017-07-28,22.382,14.0,12.4524,10.13,37.75,43.7
2017-07-31,22.843,14.0,12.5,10.13,37.75,43.7
2017-08-01,22.843,14.0,12.5568,10.13,37.75,43.7
2017-08-02,22.843,14.0,12.6136,10.13,37.75,43.7
2017-08-03,22.843,14.0,12.6705,10.13,37.75,43.7
2017-08-04,22.843,14.0,12.7273,10.13,37.75,43.7
2017-08-07,22.843,14.0,12.7841,10.13,37.75,43.7
2017-08-08,22.843,14.0,12.8409,10.13,37.75,43.7
2017-08-10,23.305,14.0,12.8977,10.13,37.75,43.7
2017-08-11,23.305,14.0,12.9545,10.13,37.75,43.7
2017-08-14,23.305,14.0,13.0114,10.13,37.75,43.7
2017-08-15,23.305,14.0,13.0682,10.13,37.75,43.7
2017-08-16,23.305,14.0,13.125,10.13,37.75,43.7
2017-08-17,23.305,14.0,13.1818,10.13,37.75,43.7
2017-08-18,23.305,14.0,13.2386,10.13,37.75,43.7
2017-08-21,23.305,14.0,13.2955,10.13,37.75,43.7
2017-08-22,23.997,14.0,13.3523,10.13,37.75,43.7
2017-08-23,23.997,14.0,13.4091,10.13,37.75,43.7
2017-08-24,23.997,14.0,13.4659,10.13,37.75,43.7
2017-08-25,23.997,14.0,13.5227,10.13,37.75,43.7
2017-08-28,23.997,14.0,13.5795,10.13,37.75,43.7
2017-08-29,23.997,14.0,13.6364,10.13,37.75,43.7
2017-08-30,23.997,14.0,13.6932,10.13,37.75,43.7
2017-08-31,23.997,14.0,13.75,10.13,37.75,43.7
2017-09-01,23.997,14.0,13.75,10.13,37.75,43.7
2017-09-04,23.997,14.0,13.75,10.13,37.75,43.7
2017-09-05,23.997,14.0,13.75,10.13,37.75,43.7
2017-09-06,23.997,14.0,13.75,10.13,37.75,43.7
2017-09-07,23.997,14.0,13.75,10.13,37.75,43.7
2017-09-08,23.997,14.0,13.75,10.13,37.75,43.7
2017-09-11,24.305,14.0,13.75,10.13,37.75,43.7
2017-09-12,24.305,14.0,13.75,10.13,37.75,43.7
2017-09-13,24.305,14.0,13.75,10.13,37.75,43.7
2017-09-14,24.305,14.0,13.75,10.13,37.75,43.7
2017-09-15,24.305,14.0,13.75,10.13,37.75,43.7
2017-09-18,24.305,14.0,13.75,10.13,37.75,43.7
2017-09-19,25.074,14.0,13.75,10.13,37.75,43.7
2017-09-20,25.074,14.0,13.75,10.13,37.75,43.7
2017-09-21,25.074,14.0,13.75,10.13,37.75,43.7
2017-09-22,25.074,14.0,13.75,10.13,37.75,43.7
2017-09-26,25.074,14.0,13.75,10.13,37.75,43.7
2017-09-27,25.074,14.0,13.75,10.13,37.75,43.7
2017-09-28,25.074,14.0,13.75,10.13,37.75,43.7
2017-09-29,25.074,14.0,13.75,10.13,37.75,43.7
2017-09-30,25.074,14.0,13.75,10.13,37.75,43.7
2017-10-09,25.074,14.0,13.7574,10.13,37.75,43.7
2017-10-10,25.074,14.0,13.7647,10.13,37.75,43.7
2017-10-11,25.843,14.0,13.7721,10.13,37.75,43.7
2017-10-12,26.304,14.0,13.7794,10.13,37.75,43.7
2017-10-13,26.304,14.0,13.7868,10.13,37.75,43.7
2017-10-16,26.304,14.0,13.7941,10.13,37.75,43.7
2017-10-17,26.304,14.0,13.8015,10.13,37.75,43.7
2017-10-18,26.304,14.0,13.8088,10.13,37.75,43.7
2017-10-19,26.304,14.0,13.8162,10.13,37.75,43.7
2017-10-20,26.304,14.0,13.8235,10.13,37.75,43.7
2017-10-23,26.304,14.0,13.8309,10.13,37.75,43.7
2017-10-24,26.304,14.0,13.8382,10.13,37.75,43.7
2017-10-25,26.304,14.0,13.8456,10.13,37.75,43.7
2017-10-26,26.304,14.0,13.8529,10.13,37.75,43.7
2017-10-27,26.304,14.0,13.8603,10.13,37.75,43.7
2017-10-30,26.304,14.0,13.8676,10.13,37.75,43.7
2017-10-31,26.304,14.0,13.875,10.13,37.75,43.7
2017-11-01,26.304,14.0,13.8807,10.13,37.75,43.7
2017-11-02,26.304,14.0,13.8864,10.13,37.75,43.7
2017-11-03,26.304,14.0,13.892,10.13,37.75,43.7
2017-11-06,26.304,14.0,13.8977,10.13,37.75,43.7
2017-11-07,26.304,14.0,13.9034,10.13,37.75,43.7
2017-11-08,26.304,14.0,13.9091,10.13,37.75,43.7
2017-11-09,26.304,14.0,13.9148,10.13,37.75,43.7
2017-11-10,26.304,14.0,13.9205,10.13,37.75,43.7
2017-11-13,26.304,14.0,13.9261,10.13,37.75,43.7
2017-11-14,26.304,14.0,13.9318,10.13,37.75,43.7
2017-11-15,26.304,14.0,13.9375,10.13,37.75,43.7
2017-11-16,26.304,14.0,13.9432,10.13,37.75,43.7
2017-11-17,26.304,14.0,13.9489,10.13,37.75,43.7
2017-11-20,26.304,14.0,13.9545,10.13,37.75,43.7
2017-11-21,26.304,14.0,13.9602,10.13,37.75,43.7
2017-11-22,26.304,14.0,13.9659,10.13,37.75,43.7
2017-11-23,26.304,14.0,13.9716,10.13,37.75,43.7
2017-11-24,26.304,14.0,13.9773,10.13,37.75,43.7
2017-11-27,26.304,14.0,13.983,10.13,37.75,43.7
2017-11-28,26.304,14.0,13.9886,10.13,37.75,43.7
2017-11-29,26.304,14.0,13.9943,10.13,37.75,43.7
2017-11-30,26.304,14.0,14.0,10.13,37.75,43.7
2017-12-01,26.304,14.0,14.0,10.13,37.75,43.7
2017-12-04,26.304,14.0,14.0,10.13,37.75,43.7
2017-12-05,26.304,14.0,14.0,10.13,37.75,43.7
2017-12-06,26.304,14.0,14.0,10.13,37.75,43.7
2017-12-07,26.304,14.0,14.0,10.13,37.75,43.7
2017-12-08,26.304,14.0,14.0,10.13,37.75,43.7
2017-12-11,26.304,14.0,14.0,10.13,37.75,43.7
2017-12-12,26.304,14.0,14.0,10.13,37.75,43.7
2017-12-13,26.304,14.0,14.0,10.13,37.75,43.7
2017-12-14,25.997,14.0,14.0,10.13,37.75,43.7
2017-12-15,25.997,14.0,14.0,10.13,37.75,43.7
2017-12-18,25.997,14.0,14.0,10.13,37.75,43.7
2017-12-19,25.997,14.0,14.0,10.13,37.75,43.7
2017-12-20,25.997,14.0,14.0,10.13,37.75,43.7
2017-12-21,25.535,14.0,14.0,10.13,37.75,43.7
2017-12-22,25.535,14.0,14.0,10.13,37.75,43.7
2017-12-25,25.535,14.0,14.0,10.13,37.75,43.7
2017-12-26,25.535,14.0,14.0,10.13,37.75,43.7
2017-12-27,25.535,14.0,14.0,10.13,37.75,43.7
2017-12-28,25.535,14.0,14.0,10.13,37.75,43.7
2017-12-29,25.535,14.0,14.0,10.13,37.75,43.7
2017-12-31,25.535,14.0,14.0,10.13,37.75,43.7
2018-01-02,25.535,14.0,14.0227,10.13,37.75,43.7
2018-01-03,25.535,14.0,14.0455,10.13,37.75,43.7
2018-01-04,25.535,14.0,14.0682,10.13,37.75,43.7
2018-01-05,25.227,14.0,14.0909,10.13,37.75,43.7
2018-01-08,25.227,14.0,14.1136,10.13,37.75,43.7
2018-01-09,24.843,14.0,14.1364,10.13,37.75,43.7
2018-01-10,24.843,14.0,14.1591,10.13,37.75,43.7
2018-01-11,24.843,14.0,14.1818,10.13,37.75,43.7
2018-01-12,24.843,14.0,14.2045,10.13,37.75,43.7
2018-01-15,24.381,14.0,14.2273,10.13,37.75,43.7
2018-01-16,24.381,14.0,14.25,10.13,37.75,43.7
2018-01-17,24.381,14.0,14.2727,10.13,37.75,43.7
2018-01-18,24.381,14.0,14.2955,10.13,37.75,43.7
2018-01-19,24.074,14.0,14.3182,10.13,37.75,43.7
2018-01-22,24.074,14.0,14.3409,10.13,37.75,43.7
2018-01-23,24.074,14.0,14.3636,10.13,37.75,43.7
2018-01-24,23.766,14.0,14.3864,10.13,37.75,43.7
2018-01-25,23.766,14.0,14.4091,10.13,37.75,43.7
2018-01-26,23.766,14.0,14.4318,10.13,37.75,43.7
2018-01-29,23.766,14.0,14.4545,10.13,37.75,43.7
2018-01-30,23.766,14.0,14.4773,10.13,37.75,43.7
2018-01-31,23.766,14.0,14.5,10.13,37.75,43.7
2018-02-01,23.766,14.0,14.5,10.13,37.75,43.7
2018-02-02,23.766,14.0,14.5,10.13,37.75,43.7
2018-02-05,23.766,14.0,14.5,10.13,37.75,43.7
2018-02-06,23.766,14.0,14.5,10.13,37.75,43.7
2018-02-07,23.766,14.0,14.5,10.13,37.75,43.7
2018-02-08,23.766,14.0,14.5,10.13,37.75,43.7
2018-02-09,23.766,14.0,14.5,10.13,37.75,43.7
2018-02-22,23.766,14.0,14.5,10.13,37.75,43.7
2018-02-23,23.766,14.0,14.5,10.13,37.75,43.7
2018-02-26,23.766,14.0,14.5,10.13,37.75,43.7
2018-02-27,23.766,14.0,14.5,10.13,37.75,43.7
2018-02-28,23.766,14.0,14.5,10.13,37.75,43.7
2018-03-01,23.766,14.0,14.5109,10.13,37.75,43.7
2018-03-02,23.766,14.0,14.5217,10.13,37.75,43.7
2018-03-05,23.766,14.0,14.5326,10.13,37.75,43.7
2018-03-06,23.766,14.0,14.5435,10.13,37.75,43.7
2018-03-07,23.766,14.0,14.5543,10.13,37.75,43.7
2018-03-08,23.766,14.0,14.5652,10.13,37.75,43.7
2018-03-09,23.766,14.0,14.5761,10.13,37.75,43.7
2018-03-12,23.766,14.0,14.587,10.13,37.75,43.7
2018-03-13,23.766,14.0,14.5978,10.13,37.75,43.7
2018-03-14,23.766,14.0,14.6087,10.13,37.75,43.7
2018-03-15,23.766,14.0,14.6196,10.13,37.75,43.7
2018-03-16,23.766,14.0,14.6304,10.13,37.75,43.7
2018-03-19,23.766,14.0,14.6413,10.13,37.75,43.7
2018-03-20,23.766,14.0,14.6522,10.13,37.75,43.7
2018-03-21,23.766,14.0,14.663,10.13,37.75,43.7
2018-03-22,23.766,14.0,14.6739,10.13,37.75,43.7
2018-03-23,23.766,14.0,14.6848,10.13,37.75,43.7
2018-03-26,23.766,14.0,14.6957,10.13,37.75,43.7
2018-03-27,23.766,14.0,14.7065,10.13,37.75,43.7
2018-03-28,23.766,14.0,14.7174,10.13,37.75,43.7
2018-03-29,23.766,14.0,14.7283,10.13,37.75,43.7
2018-03-30,23.766,14.0,14.7391,10.13,37.75,43.7
2018-03-31,23.766,14.0,14.75,10.13,37.75,43.7
2018-04-02,23.766,14.0,14.75,10.13,37.75,43.7
2018-04-03,23.612,14.0,14.75,10.13,37.75,43.7
2018-04-04,23.612,14.0,14.75,10.13,37.75,43.7
2018-04-09,23.612,14.0,14.75,10.13,37.75,43.7
2018-04-10,23.612,14.0,14.75,10.13,37.75,43.7
2018-04-11,23.612,14.0,14.75,10.13,37.75,43.7
2018-04-12,23.305,14.0,14.75,10.13,37.75,43.7
2018-04-13,22.997,14.0,14.75,10.13,37.75,43.7
2018-04-16,22.536,14.0,14.75,10.13,37.75,43.7
2018-04-17,22.536,14.0,14.75,10.13,37.75,43.7
2018-04-18,22.536,14.0,14.75,10.13,37.75,43.7
2018-04-19,22.536,14.0,14.75,10.13,37.75,43.7
2018-04-20,22.536,14.0,14.75,10.13,37.75,43.7
2018-04-23,22.536,14.0,14.75,10.13,37.75,43.7
2018-04-24,22.382,14.0,14.75,10.13,37.75,43.7
2018-04-25,22.382,14.0,14.75,10.13,37.75,43.7
2018-04-26,22.074,14.0,14.75,10.13,37.75,43.7
2018-04-27,22.074,14.0,14.75,10.13,37.75,43.7
2018-04-30,21.9585,14.0,14.75,10.13,37.75,43.7
2018-05-02,21.843,14.0,14.7955,10.13,37.75,43.7
2018-05-03,21.689,14.0,14.8409,10.13,37.75,43.7
2018-05-04,21.689,14.0,14.8864,10.13,37.75,43.7
2018-05-07,21.689,14.0,14.9318,10.13,37.75,43.7
2018-05-08,21.689,14.0,14.9773,10.13,37.75,43.7
2018-05-09,21.689,14.0,15.0227,10.13,37.75,43.7
2018-05-10,21.689,14.0,15.0682,10.13,37.75,43.7
2018-05-11,21.689,14.0,15.1136,10.13,37.75,43.7
2018-05-14,21.689,14.0,15.1591,10.13,37.75,43.7
2018-05-15,21.689,14.0,15.2045,10.13,37.75,43.7
2018-05-16,21.689,14.0,15.25,10.13,37.75,43.7
2018-05-17,21.689,14.0,15.2955,10.13,37.75,43.7
2018-05-18,21.689,14.0,15.3409,10.13,37.75,43.7
2018-05-21,21.689,14.0,15.3864,10.13,37.75,43.7
2018-05-22,21.689,14.0,15.4318,10.13,37.75,43.7
2018-05-23,21.689,14.0,15.4773,10.13,37.75,43.7
2018-05-24,21.689,14.0,15.5227,10.13,37.75,43.7
2018-05-25,21.689,14.0,15.5682,10.13,37.75,43.7
2018-05-28,21.382,14.0,15.6136,10.13,37.75,43.7
2018-05-29,20.92,14.0,15.6591,10.13,37.75,43.7
2018-05-30,20.459,14.0,15.7045,10.13,37.75,43.7
2018-05-31,20.459,14.0,15.75,10.13,37.75,43.7
2018-06-01,20.459,14.0,15.75,10.13,37.75,43.7
2018-06-04,20.459,14.0,15.75,10.13,37.75,43.7
2018-06-05,19.997,14.0,15.75,10.13,37.75,43.7
2018-06-06,19.536,14.0,15.75,10.13,37.75,43.7
2018-06-07,19.536,14.0,15.75,10.13,37.75,43.7
2018-06-08,19.536,14.0,15.75,10.13,37.75,43.7
2018-06-11,19.536,14.0,15.75,10.13,37.75,43.7
2018-06-12,19.536,14.0,15.75,10.13,37.75,43.7
2018-06-13,19.536,14.0,15.75,10.13,37.75,43.7
2018-06-14,19.536,14.0,15.75,10.13,37.75,43.7
2018-06-15,19.228,14.0,15.75,10.13,37.75,43.7
2018-06-19,19.228,14.0,15.75,10.13,37.75,43.7
2018-06-20,19.228,14.0,15.75,10.13,37.75,43.7
2018-06-21,19.228,14.0,15.75,10.13,37.75,43.7
2018-06-22,19.228,14.0,15.75,10.13,37.75,43.7
2018-06-25,19.228,14.0,15.75,10.13,37.75,43.7
2018-06-26,19.228,14.0,15.75,10.13,37.75,43.7
2018-06-27,18.921,14.0,15.75,10.13,37.75,43.7
2018-06-28,18.921,14.0,15.75,10.13,37.75,43.7
2018-06-29,18.921,14.0,15.75,10.13,37.75,43.7
2018-06-30,18.921,14.0,15.75,10.13,37.75,43.7
2018-07-02,18.921,14.0,15.7159,10.13,37.75,43.7
2018-07-03,18.613,14.0,15.6818,10.13,37.75,43.7
2018-07-04,18.305,14.0,15.6477,10.13,37.75,43.7
2018-07-05,18.305,14.0,15.6136,10.13,37.75,43.7
2018-07-06,18.305,14.0,15.5795,10.13,37.75,43.7
2018-07-09,18.305,14.0,15.5455,10.13,37.75,43.7
2018-07-10,17.998,14.0,15.5114,10.13,37.75,43.7
2018-07-11,17.998,14.0,15.4773,10.13,37.75,43.7
2018-07-12,17.998,14.0,15.4432,10.13,37.75,43.7
2018-07-13,17.998,14.0,15.4091,10.13,37.75,43.7
2018-07-16,17.998,14.0,15.375,10.13,37.75,43.7
2018-07-17,17.998,14.0,15.3409,10.13,37.75,43.7
2018-07-18,17.998,14.0,15.3068,10.13,37.75,43.7
2018-07-19,17.998,14.0,15.2727,10.13,37.75,43.7
2018-07-20,17.998,14.0,15.2386,10.13,37.75,43.7
2018-07-23,17.536,14.0,15.2045,10.13,37.75,43.7
2018-07-24,17.075,14.0,15.1705,10.13,37.75,43.7
2018-07-25,16.613,14.0,15.1364,10.13,37.75,43.7
2018-07-26,16.306,14.0,15.1023,10.13,37.75,43.7
2018-07-27,16.306,14.0,15.0682,10.13,37.75,43.7
2018-07-30,15.844,14.0,15.0341,10.13,37.75,43.7
2018-07-31,15.844,14.0,15.0,10.13,37.75,43.7
2018-08-01,15.536,14.0,15.0,10.13,37.75,43.7
2018-08-02,15.383,14.0,15.0,10.13,37.75,43.7
2018-08-03,15.075,14.0,15.0,10.13,37.75,43.7
2018-08-06,14.921,14.0,15.0,10.13,37.75,43.7
2018-08-07,14.921,14.0,15.0,10.13,37.75,43.7
2018-08-08,14.921,14.0,15.0,10.13,37.75,43.7
2018-08-09,14.921,14.0,15.0,10.13,37.75,43.7
2018-08-10,14.921,14.0,15.0,10.13,37.75,43.7
2018-08-13,14.767,14.0,15.0,10.13,37.75,43.7
2018-08-14,14.613,14.0,15.0,10.13,37.75,43.7
2018-08-15,14.46,14.0,15.0,10.13,37.75,43.7
2018-08-16,14.46,14.0,15.0,10.13,37.75,43.7
2018-08-17,14.306,14.0,15.0,10.13,37.75,43.7
2018-08-20,14.306,14.0,15.0,10.13,37.75,43.7
2018-08-21,14.306,14.0,15.0,10.13,37.75,43.7
2018-08-22,13.998,14.0,15.0,10.13,37.75,43.7
2018-08-23,13.691,14.0,15.0,10.13,37.75,43.7
2018-08-24,13.537,14.0,15.0,10.13,37.75,43.7
2018-08-27,13.229,14.0,15.0,10.13,37.75,43.7
2018-08-28,12.921,14.0,15.0,10.13,37.75,43.7
2018-08-29,12.921,14.0,15.0,10.13,37.75,43.7
2018-08-30,12.921,14.0,15.0,10.13,37.75,43.7
2018-08-31,12.921,14.0,15.0,10.13,37.75,43.7
2018-09-03,12.921,14.0,14.975,10.13,37.75,43.7
2018-09-04,12.921,14.0,14.95,10.13,37.75,43.7
2018-09-05,12.921,14.0,14.925,10.13,37.75,43.7
2018-09-06,12.921,14.0,14.9,10.13,37.75,43.7
2018-09-07,12.921,14.0,14.875,10.13,37.75,43.7
2018-09-10,12.921,14.0,14.85,10.13,37.75,43.7
2018-09-11,12.921,14.0,14.825,10.13,37.75,43.7
2018-09-12,12.921,14.0,14.8,10.13,37.75,43.7
2018-09-13,12.921,14.0,14.775,10.13,37.75,43.7
2018-09-14,12.921,14.0,14.75,10.13,37.75,43.7
2018-09-17,12.768,14.0,14.725,10.13,37.75,43.7
2018-09-18,12.614,14.0,14.7,10.13,37.75,43.7
2018-09-19,12.614,14.0,14.675,10.13,37.75,43.7
2018-09-20,12.383,14.0,14.65,10.13,37.75,43.7
2018-09-21,12.383,14.0,14.625,10.13,37.75,43.7
2018-09-25,12.383,14.0,14.6,10.13,37.75,43.7
2018-09-26,12.383,14.0,14.575,10.13,37.75,43.7
2018-09-27,12.383,14.0,14.55,10.13,37.75,43.7
2018-09-28,12.383,14.0,14.525,10.13,37.75,43.7
2018-09-30,12.383,14.0,14.5,10.13,37.75,43.7
2018-10-08,12.383,14.0,14.4931,10.13,37.75,43.7
2018-10-09,12.152,14.0,14.4861,10.13,37.75,43.7
2018-10-10,11.998,14.0,14.4792,10.13,37.75,43.7
2018-10-11,11.998,14.0,14.4722,10.13,37.75,43.7
2018-10-12,11.998,14.0,14.4653,10.13,37.75,43.7
2018-10-15,11.998,14.0,14.4583,10.13,37.75,43.7
2018-10-16,11.998,14.0,14.4514,10.13,37.75,43.7
2018-10-17,11.998,14.0,14.4444,10.13,37.75,43.7
2018-10-18,11.998,14.0,14.4375,10.13,37.75,43.7
2018-10-19,11.998,14.0,14.4306,10.13,37.75,43.7
2018-10-22,11.998,14.0,14.4236,10.13,37.75,43.7
2018-10-23,11.998,14.0,14.4167,10.13,37.75,43.7
2018-10-24,11.998,14.0,14.4097,10.13,37.75,43.7
2018-10-25,11.998,14.0,14.4028,10.13,37.75,43.7
2018-10-26,11.998,14.0,14.3958,10.13,37.75,43.7
2018-10-29,11.998,14.0,14.3889,10.13,37.75,43.7
2018-10-30,11.998,14.0,14.3819,10.13,37.75,43.7
2018-10-31,11.998,14.0,14.375,10.13,37.75,43.7
2018-11-01,12.306,14.0,14.3352,10.13,37.75,43.7
2018-11-02,12.306,14.0,14.2955,10.13,37.75,43.7
2018-11-05,12.306,14.0,14.2557,10.13,37.75,43.7
2018-11-06,12.306,14.0,14.2159,10.13,37.75,43.7
2018-11-07,12.306,14.0,14.1761,10.13,37.75,43.7
2018-11-08,12.306,14.0,14.1364,10.13,37.75,43.7
2018-11-09,12.306,14.0,14.0966,10.13,37.75,43.7
2018-11-12,12.306,14.0,14.0568,10.13,37.75,43.7
2018-11-13,12.306,14.0,14.017,10.13,37.75,43.7
2018-11-14,12.306,14.0,13.9773,10.13,37.75,43.7
2018-11-15,12.306,14.0,13.9375,10.13,37.75,43.7
2018-11-16,12.306,14.0,13.8977,10.13,37.75,43.7
2018-11-19,12.306,14.0,13.858,10.13,37.75,43.7
2018-11-20,12.306,14.0,13.8182,10.13,37.75,43.7
2018-11-21,12.306,14.0,13.7784,10.13,37.75,43.7
2018-11-22,12.306,14.0,13.7386,10.13,37.75,43.7
2018-11-23,12.306,14.0,13.6989,10.13,37.75,43.7
2018-11-26,12.306,14.0,13.6591,10.13,37.75,43.7
2018-11-27,12.306,14.0,13.6193,10.13,37.75,43.7
2018-11-28,12.306,14.0,13.5795,10.13,37.75,43.7
2018-11-29,12.306,14.0,13.5398,10.13,37.75,43.7
2018-11-30,12.306,14.0,13.5,10.13,37.75,43.7
2018-12-03,12.306,14.0,13.5,10.13,37.75,43.7
2018-12-04,12.306,14.0,13.5,10.13,37.75,43.7
2018-12-05,12.306,14.0,13.5,10.13,37.75,43.7
2018-12-06,12.306,14.0,13.5,10.13,37.75,43.7
2018-12-07,12.306,14.0,13.5,10.13,37.75,43.7
2018-12-10,12.306,14.0,13.5,10.13,37.75,43.7
2018-12-11,12.306,14.0,13.5,10.13,37.75,43.7
2018-12-12,12.306,14.0,13.5,10.13,37.75,43.7
2018-12-13,12.306,14.0,13.5,10.13,37.75,43.7
2018-12-14,12.306,14.0,13.5,10.13,37.75,43.7
2018-12-17,12.306,14.0,13.5,10.13,37.75,43.7
2018-12-18,12.306,14.0,13.5,10.13,37.75,43.7
2018-12-19,12.229,14.0,13.5,10.13,37.75,43.7
2018-12-20,12.229,14.0,13.5,10.13,37.75,43.7
2018-12-21,12.229,14.0,13.5,10.13,37.75,43.7
2018-12-24,12.229,14.0,13.5,10.13,37.75,43.7
2018-12-25,12.229,14.0,13.5,10.13,37.75,43.7
2018-12-26,12.229,14.0,13.5,10.13,37.75,43.7
2018-12-27,12.229,14.0,13.5,10.13,37.75,43.7
2018-12-28,12.229,14.0,13.5,10.13,37.75,43.7
2018-12-31,12.229,14.0,13.5,10.13,37.75,43.7
2019-01-02,12.229,14.0,13.4881,10.13,37.75,43.7
2019-01-03,12.229,14.0,13.4762,10.13,37.75,43.7
2019-01-07,12.229,14.0,13.4643,10.13,37.75,43.7
2019-01-08,12.152,14.0,13.4524,10.13,37.75,43.7
2019-01-09,12.152,14.0,13.4405,10.13,37.75,43.7
2019-01-10,12.152,14.0,13.4286,10.13,37.75,43.7
2019-01-11,12.075,14.0,13.4167,10.13,37.75,43.7
2019-01-14,12.075,14.0,13.4048,10.13,37.75,43.7
2019-01-15,11.922,14.0,13.3929,10.13,37.75,43.7
2019-01-16,11.922,14.0,13.381,10.13,37.75,43.7
2019-01-17,11.922,14.0,13.369,10.13,37.75,43.7
2019-01-18,11.922,14.0,13.3571,10.13,37.75,43.7
2019-01-21,11.922,14.0,13.3452,10.13,37.75,43.7
2019-01-22,11.922,14.0,13.3333,10.13,37.75,43.7
2019-01-23,11.922,14.0,13.3214,10.13,37.75,43.7
2019-01-24,11.922,14.0,13.3095,10.13,37.75,43.7
2019-01-25,11.922,14.0,13.2976,10.13,37.75,43.7
2019-01-28,11.922,14.0,13.2857,10.13,37.75,43.7
2019-01-29,11.922,14.0,13.2738,10.13,37.75,43.7
2019-01-30,11.922,14.0,13.2619,10.13,37.75,43.7
2019-01-31,11.922,14.0,13.25,10.13,37.75,43.7
2019-02-01,11.922,14.0,13.2333,10.13,37.75,43.7
2019-02-11,11.922,14.0,13.2167,10.13,37.75,43.7
2019-02-12,11.922,14.0,13.2,10.13,37.75,43.7
2019-02-13,11.922,14.0,13.1833,10.13,37.75,43.7
2019-02-14,11.922,14.0,13.1667,10.13,37.75,43.7
2019-02-15,11.922,14.0,13.15,10.13,37.75,43.7
2019-02-18,11.922,14.0,13.1333,10.13,37.75,43.7
2019-02-19,12.075,14.0,13.1167,10.13,37.75,43.7
2019-02-20,12.075,14.0,13.1,10.13,37.75,43.7
2019-02-21,12.075,14.0,13.0833,10.13,37.75,43.7
2019-02-22,12.075,14.0,13.0667,10.13,37.75,43.7
2019-02-25,12.075,14.0,13.05,10.13,37.75,43.7
2019-02-26,12.075,14.0,13.0333,10.13,37.75,43.7
2019-02-27,12.075,14.0,13.0167,10.13,37.75,43.7
2019-02-28,12.075,14.0,13.0,10.13,37.75,43.7
2019-03-01,11.922,14.0,13.0,10.13,37.75,43.7
2019-03-04,11.922,14.0,13.0,10.13,37.75,43.7
2019-03-05,11.922,14.0,13.0,10.13,37.75,43.7
2019-03-06,11.922,14.0,13.0,10.13,37.75,43.7
2019-03-07,11.922,14.0,13.0,10.13,37.75,43.7
2019-03-08,11.614,14.0,13.0,10.13,37.75,43.7
2019-03-11,11.614,14.0,13.0,10.13,37.75,43.7
2019-03-12,11.614,14.0,13.0,10.13,37.75,43.7
2019-03-13,11.614,14.0,13.0,10.13,37.75,43.7
2019-03-14,11.614,14.0,13.0,10.13,37.75,43.7
2019-03-15,11.614,14.0,13.0,10.13,37.75,43.7
2019-03-18,11.614,14.0,13.0,10.13,37.75,43.7
2019-03-19,11.614,14.0,13.0,10.13,37.75,43.7
2019-03-20,11.614,14.0,13.0,10.13,37.75,43.7
2019-03-21,11.614,14.0,13.0,10.13,37.75,43.7
2019-03-22,11.614,14.0,13.0,10.13,37.75,43.7
2019-03-25,11.614,14.0,13.0,10.13,37.75,43.7
2019-03-26,11.614,14.0,13.0,10.13,37.75,43.7
2019-03-27,11.768,14.0,13.0,10.13,37.75,43.7
2019-03-28,11.768,14.0,13.0,10.13,37.75,43.7
2019-03-29,11.768,14.0,13.0,10.13,37.75,43.7
2019-03-31,11.768,14.0,13.0,10.13,37.75,43.7
2019-04-01,11.768,14.0,12.9881,10.13,37.75,43.7
2019-04-02,11.768,14.0,12.9762,10.13,37.75,43.7
2019-04-03,11.768,14.0,12.9643,10.13,37.75,43.7
2019-04-04,11.768,14.0,12.9524,10.13,37.75,43.7
2019-04-08,11.768,14.0,12.9405,10.13,37.75,43.7
2019-04-09,11.768,14.0,12.9286,10.13,37.75,43.7
2019-04-10,11.691,14.0,12.9167,10.13,37.75,43.7
2019-04-11,11.691,14.0,12.9048,10.13,37.75,43.7
2019-04-12,11.691,14.0,12.8929,10.13,37.75,43.7
2019-04-15,11.691,14.0,12.881,10.13,37.75,43.7
2019-04-16,11.691,14.0,12.869,10.13,37.75,43.7
2019-04-17,11.691,14.0,12.8571,10.13,37.75,43.7
2019-04-18,11.691,14.0,12.8452,10.13,37.75,43.7
2019-04-19,11.691,14.0,12.8333,10.13,37.75,43.7
2019-04-22,11.691,14.0,12.8214,10.13,37.75,43.7
2019-04-23,11.768,14.0,12.8095,10.13,37.75,43.7
2019-04-24,11.768,14.0,12.7976,10.13,37.75,43.7
2019-04-25,11.768,14.0,12.7857,10.13,37.75,43.7
2019-04-26,11.768,14.0,12.7738,10.13,37.75,43.7
2019-04-29,11.768,14.0,12.7619,10.13,37.75,43.7
2019-04-30,11.768,14.0,12.75,10.13,37.75,43.7
2019-05-06,11.768,14.0,12.725,10.13,37.75,43.7
2019-05-07,11.768,14.0,12.7,10.13,37.75,43.7
2019-05-08,11.768,14.0,12.675,10.13,37.75,43.7
2019-05-09,11.768,14.0,12.65,10.13,37.75,43.7
2019-05-10,11.768,14.0,12.625,10.13,37.75,43.7
2019-05-13,11.768,14.0,12.6,10.13,37.75,43.7
2019-05-14,11.768,14.0,12.575,10.13,37.75,43.7
2019-05-15,11.768,14.0,12.55,10.13,37.75,43.7
2019-05-16,11.768,14.0,12.525,10.13,37.75,43.7
2019-05-17,11.768,14.0,12.5,10.13,37.75,43.7
2019-05-20,11.768,14.0,12.475,10.13,37.75,43.7
2019-05-21,11.768,14.0,12.45,10.13,37.75,43.7
2019-05-22,11.768,14.0,12.425,10.13,37.75,43.7
2019-05-23,11.768,14.0,12.4,10.13,37.75,43.7
2019-05-24,11.768,14.0,12.375,10.13,37.75,43.7
2019-05-27,11.845,14.0,12.35,10.13,37.75,43.7
2019-05-28,11.845,14.0,12.325,10.13,37.75,43.7
2019-05-29,11.845,14.0,12.3,10.13,37.75,43.7
2019-05-30,11.845,14.0,12.275,10.13,37.75,43.7
2019-05-31,11.845,14.0,12.25,10.13,37.75,43.7
2019-06-03,11.845,14.0,12.2125,10.13,37.75,43.7
2019-06-04,11.845,14.0,12.175,10.13,37.75,43.7
2019-06-05,11.845,14.0,12.1375,10.13,37.75,43.7
2019-06-06,11.845,14.0,12.1,10.13,37.75,43.7
2019-06-10,11.845,14.0,12.0625,10.13,37.75,43.7
2019-06-11,11.845,14.0,12.025,10.13,37.75,43.7
2019-06-12,11.845,14.0,11.9875,10.13,37.75,43.7
2019-06-13,11.691,14.0,11.95,10.13,37.75,43.7
2019-06-14,11.614,14.0,11.9125,10.13,37.75,43.7
2019-06-17,11.614,14.0,11.875,10.13,37.75,43.7
2019-06-18,11.614,14.0,11.8375,10.13,37.75,43.7
2019-06-19,11.537,14.0,11.8,10.13,37.75,43.7
2019-06-20,11.537,14.0,11.7625,10.13,37.75,43.7
2019-06-21,11.537,14.0,11.725,10.13,37.75,43.7
2019-06-24,11.46,14.0,11.6875,10.13,37.75,43.7
2019-06-25,11.46,14.0,11.65,10.13,37.75,43.7
2019-06-26,11.46,14.0,11.6125,10.13,37.75,43.7
2019-06-27,11.306,14.0,11.575,10.13,37.75,43.7
2019-06-28,11.306,14.0,11.5375,10.13,37.75,43.7
2019-06-30,11.229,14.0,11.5,10.13,37.75,43.7
2019-07-01,11.152,14.0,11.4565,10.13,37.75,43.7
2019-07-02,11.152,14.0,11.413,10.13,37.75,43.7
2019-07-03,11.152,14.0,11.3696,10.13,37.75,43.7
2019-07-04,11.152,14.0,11.3261,10.13,37.75,43.7
2019-07-05,11.152,14.0,11.2826,10.13,37.75,43.7
2019-07-08,11.075,14.0,11.2391,10.13,37.75,43.7
2019-07-09,10.999,14.0,11.1957,10.13,37.75,43.7
2019-07-10,10.999,14.0,11.1522,10.13,37.75,43.7
2019-07-11,10.845,14.0,11.1087,10.13,37.75,43.7
2019-07-12,10.845,14.0,11.0652,10.13,37.75,43.7
2019-07-15,10.845,14.0,11.0217,10.13,37.75,43.7
2019-07-16,10.845,14.0,10.9783,10.13,37.75,43.7
2019-07-17,10.845,14.0,10.9348,10.13,37.75,43.7
2019-07-18,10.845,14.0,10.8913,10.13,37.75,43.7
2019-07-19,10.768,14.0,10.8478,10.13,37.75,43.7
2019-07-22,10.768,14.0,10.8043,10.13,37.75,43.7
2019-07-23,10.537,14.0,10.7609,10.13,37.75,43.7
2019-07-24,10.537,14.0,10.7174,10.13,37.75,43.7
2019-07-25,10.537,14.0,10.6739,10.13,37.75,43.7
2019-07-26,10.383,14.0,10.6304,10.13,37.75,43.7
2019-07-29,10.306,14.0,10.587,10.13,37.75,43.7
2019-07-30,10.306,14.0,10.5435,10.13,37.75,43.7
2019-07-31,10.306,14.0,10.5,10.13,37.75,43.7
2019-08-01,10.306,14.0,10.4946,10.13,37.75,43.7
2019-08-02,10.229,14.0,10.4891,10.13,37.75,43.7
2019-08-05,10.153,14.0,10.4837,10.13,37.75,43.7
2019-08-06,10.153,14.0,10.4783,10.13,37.75,43.7
2019-08-07,10.076,14.0,10.4728,10.13,37.75,43.7
2019-08-08,10.076,14.0,10.4674,10.13,37.75,43.7
2019-08-09,10.076,14.0,10.462,10.13,37.75,43.7
2019-08-12,10.076,14.0,10.4565,10.13,37.75,43.7
2019-08-13,9.9987,14.0,10.4511,10.13,37.75,43.7
2019-08-14,9.9987,14.0,10.4457,10.13,37.75,43.7
2019-08-15,9.9218,14.0,10.4402,10.13,37.75,43.7
2019-08-16,9.8449,14.0,10.4348,10.13,37.75,43.7
2019-08-19,9.768,14.0,10.4293,10.13,37.75,43.7
2019-08-20,9.768,14.0,10.4239,10.13,37.75,43.7
2019-08-21,9.768,14.0,10.4185,10.13,37.75,43.7
2019-08-22,9.691,14.0,10.413,10.13,37.75,43.7
2019-08-23,9.6141,14.0,10.4076,10.13,37.75,43.7
2019-08-26,9.6141,14.0,10.4022,10.13,37.75,43.7
2019-08-27,9.6141,14.0,10.3967,10.13,37.75,43.7
2019-08-28,9.6141,14.0,10.3913,10.13,37.75,43.7
2019-08-29,9.4603,14.0,10.3859,10.13,37.75,43.7
2019-08-30,9.4603,14.0,10.3804,10.13,37.75,43.7
2019-08-31,9.4603,14.0,10.375,10.13,37.75,43.7
2019-09-02,9.4603,14.0,10.3684,10.13,37.75,43.7
2019-09-03,9.4603,14.0,10.3618,10.13,37.75,43.7
2019-09-04,9.4603,14.0,10.3553,10.13,37.75,43.7
2019-09-05,9.4603,14.0,10.3487,10.13,37.75,43.7
2019-09-06,9.4603,14.0,10.3421,10.13,37.75,43.7
2019-09-09,9.4603,14.0,10.3355,10.13,37.75,43.7
2019-09-10,9.4603,14.0,10.3289,10.13,37.75,43.7
2019-09-11,9.4603,14.0,10.3224,10.13,37.75,43.7
2019-09-12,9.4603,14.0,10.3158,10.13,37.75,43.7
2019-09-16,9.4603,14.0,10.3092,10.13,37.75,43.7
2019-09-17,9.2296,14.0,10.3026,10.13,37.75,43.7
2019-09-18,9.2296,14.0,10.2961,10.13,37.75,43.7
2019-09-19,9.1527,14.0,10.2895,10.13,37.75,43.7
2019-09-20,9.1527,14.0,10.2829,10.13,37.75,43.7
2019-09-23,9.1527,14.0,10.2763,10.13,37.75,43.7
2019-09-24,9.0757,14.0,10.2697,10.13,37.75,43.7
2019-09-26,9.0757,14.0,10.2632,10.13,37.75,43.7
2019-09-27,9.0757,14.0,10.2566,10.13,37.75,43.7
2019-09-30,9.0757,14.0,10.25,10.13,37.75,43.7
2019-10-08,9.0757,14.0,10.2417,10.13,37.75,43.7
2019-10-09,9.0757,14.0,10.2333,10.13,37.75,43.7
2019-10-10,9.0757,14.0,10.225,10.13,37.75,43.7
2019-10-11,9.0757,14.0,10.2167,10.13,37.75,43.7
2019-10-14,9.0757,14.0,10.2083,10.13,37.75,43.7
2019-10-15,9.0757,14.0,10.2,10.13,37.75,43.7
2019-10-16,9.0757,14.0,10.1917,10.13,37.75,43.7
2019-10-17,9.0757,14.0,10.1833,10.13,37.75,43.7
2019-10-18,9.0757,14.0,10.175,10.13,37.75,43.7
2019-10-21,9.0757,14.0,10.1667,10.13,37.75,43.7
2019-10-22,8.9988,14.0,10.1583,10.13,37.75,43.7
2019-10-23,8.9988,14.0,10.15,10.13,37.75,43.7
2019-10-24,8.9988,14.0,10.1417,10.13,37.75,43.7
2019-10-25,8.9988,14.0,10.1333,10.13,37.75,43.7
2019-10-28,8.9988,14.0,10.125,10.13,37.75,43.7
2019-10-29,8.9988,14.0,10.1167,10.13,37.75,43.7
2019-10-30,8.9988,14.0,10.1083,10.13,37.75,43.7
2019-10-31,8.9988,14.0,10.1,10.13,37.75,43.7
2019-11-01,8.9988,14.0,10.0727,10.13,37.75,43.7
2019-11-04,8.9219,14.0,10.0455,10.13,37.75,43.7
2019-11-05,8.9219,14.0,10.0182,10.13,37.75,43.7
2019-11-06,8.9219,14.0,9.9909,10.13,37.75,43.7
2019-11-07,8.9219,14.0,9.9636,10.13,37.75,43.7
2019-11-08,8.9219,14.0,9.9364,10.13,37.75,43.7
2019-11-11,8.9219,14.0,9.9091,10.13,37.75,43.7
2019-11-12,8.9219,14.0,9.8818,10.13,37.75,43.7
2019-11-13,8.845,14.0,9.8545,10.13,37.75,43.7
2019-11-14,8.845,14.0,9.8273,10.13,37.75,43.7
2019-11-15,8.6912,14.0,9.8,10.13,37.75,43.7
2019-11-18,8.6912,14.0,9.7727,10.13,37.75,43.7
2019-11-19,8.6912,14.0,9.7455,10.13,37.75,43.7
2019-11-20,8.6912,14.0,9.7182,10.13,37.75,43.7
2019-11-21,8.6143,14.0,9.6909,10.13,37.75,43.7
2019-11-22,8.6143,14.0,9.6636,10.13,37.75,43.7
2019-11-25,8.3835,14.0,9.6364,10.13,37.75,43.7
2019-11-26,8.3835,14.0,9.6091,10.13,37.75,43.7
2019-11-27,8.3835,14.0,9.5818,10.13,37.75,43.7
2019-11-28,8.3835,14.0,9.5545,10.13,37.75,43.7
2019-11-29,8.3066,14.0,9.5273,10.13,37.75,43.7
2019-11-30,8.2681,14.0,9.5,10.13,37.75,43.7
2019-12-02,8.2297,14.0,9.4886,10.13,37.75,43.7
2019-12-03,8.0759,14.0,9.4773,10.13,37.75,43.7
2019-12-04,8.0759,14.0,9.4659,10.13,37.75,43.7
2019-12-05,8.0759,14.0,9.4545,10.13,37.75,43.7
2019-12-06,8.0759,14.0,9.4432,10.13,37.75,43.7
2019-12-09,7.999,14.0,9.4318,10.13,37.75,43.7
2019-12-10,7.999,14.0,9.4205,10.13,37.75,43.7
2019-12-11,7.999,14.0,9.4091,10.13,37.75,43.7
2019-12-12,7.999,14.0,9.3977,10.13,37.75,43.7
2019-12-13,7.8451,14.0,9.3864,10.13,37.75,43.7
2019-12-16,7.8451,14.0,9.375,10.13,37.75,43.7
2019-12-17,7.8451,14.0,9.3636,10.13,37.75,43.7
2019-12-18,7.8451,14.0,9.3523,10.13,37.75,43.7
2019-12-19,7.8451,14.0,9.3409,10.13,37.75,43.7
2019-12-20,7.8451,14.0,9.3295,10.13,37.75,43.7
2019-12-23,7.8451,14.0,9.3182,10.13,37.75,43.7
2019-12-24,7.8451,14.0,9.3068,10.13,37.75,43.7
2019-12-25,7.7682,14.0,9.2955,10.13,37.75,43.7
2019-12-26,7.7682,14.0,9.2841,10.13,37.75,43.7
2019-12-27,7.6144,14.0,9.2727,10.13,37.75,43.7
2019-12-30,7.6144,14.0,9.2614,10.13,37.75,43.7
2019-12-31,7.6144,14.0,9.25,10.13,37.75,43.7
2020-01-02,7.6144,14.0,9.1923,10.13,37.75,43.7
2020-01-03,7.6144,14.0,9.1346,10.13,37.75,43.7
2020-01-06,7.6144,14.0,9.0769,10.13,37.75,43.7
2020-01-07,7.6144,14.0,9.0192,10.13,37.75,43.7
2020-01-08,7.6144,14.0,8.9615,10.13,37.75,43.7
2020-01-10,7.5375,14.0,8.9038,10.13,37.75,43.7
2020-01-13,7.5375,14.0,8.8462,10.13,37.75,43.7
2020-01-14,7.5375,14.0,8.7885,10.13,37.75,43.7
2020-01-15,7.5375,14.0,8.7308,10.13,37.75,43.7
2020-01-17,7.5375,14.0,8.6731,10.13,37.75,43.7
2020-01-20,7.5375,14.0,8.6154,10.13,37.75,43.7
2020-01-21,7.5375,14.0,8.5577,10.13,37.75,43.7
2020-01-31,7.5375,14.0,8.5,10.13,37.75,43.7
2020-02-03,7.5375,14.0,8.5,10.13,37.75,43.7
2020-02-04,7.5375,14.0,8.5,10.13,37.75,43.7
2020-02-05,7.5375,14.0,8.5,10.13,37.75,43.7
2020-02-06,7.5375,14.0,8.5,10.13,37.75,43.7
2020-02-07,7.5375,14.0,8.5,10.13,37.75,43.7
2020-02-10,7.5375,14.0,8.5,10.13,37.75,43.7
2020-02-11,7.5375,14.0,8.5,10.13,37.75,43.7
2020-02-12,7.5375,14.0,8.5,10.13,37.75,43.7
2020-02-13,7.5375,14.0,8.5,10.13,37.75,43.7
2020-02-14,7.5375,14.0,8.5,10.13,37.75,43.7
2020-02-17,7.5375,14.0,8.5,10.13,37.75,43.7
2020-02-18,7.5375,14.0,8.5,10.13,37.75,43.7
2020-02-19,7.5375,14.0,8.5,10.13,37.75,43.7
2020-02-20,7.5375,14.0,8.5,10.13,37.75,43.7
2020-02-21,7.5375,14.0,8.5,10.13,37.75,43.7
2020-02-24,7.5375,14.0,8.5,10.13,37.75,43.7
2020-02-25,7.5375,14.0,8.5,10.13,37.75,43.7
2020-02-26,7.5375,14.0,8.5,10.13,37.75,43.7
2020-02-27,7.5375,14.0,8.5,10.13,37.75,43.7
2020-02-28,7.3837,14.0,8.5,10.13,37.75,43.7
2020-02-29,7.3837,14.0,8.5,10.13,37.75,43.7
2020-03-02,7.3837,14.0,8.4716,10.13,37.75,43.7
2020-03-03,7.3837,14.0,8.4432,10.13,37.75,43.7
2020-03-04,7.3837,14.0,8.4148,10.13,37.75,43.7
2020-03-05,7.3837,14.0,8.3864,10.13,37.75,43.7
2020-03-06,7.3837,14.0,8.358,10.13,37.75,43.7
2020-03-09,7.2298,14.0,8.3295,10.13,37.75,43.7
2020-03-10,7.2298,14.0,8.3011,10.13,37.75,43.7
2020-03-11,7.2298,14.0,8.2727,10.13,37.75,43.7
2020-03-12,7.2298,14.0,8.2443,10.13,37.75,43.7
2020-03-13,7.2298,14.0,8.2159,10.13,37.75,43.7
2020-03-16,7.2298,14.0,8.1875,10.13,37.75,43.7
2020-03-17,7.2298,14.0,8.1591,10.13,37.75,43.7
2020-03-18,7.2298,14.0,8.1307,10.13,37.75,43.7
2020-03-19,7.2298,14.0,8.1023,10.13,37.75,43.7
2020-03-20,7.076,14.0,8.0739,10.13,37.75,43.7
2020-03-23,7.076,14.0,8.0455,10.13,37.75,43.7
2020-03-24,7.076,14.0,8.017,10.13,37.75,43.7
2020-03-25,7.076,14.0,7.9886,10.13,37.75,43.7
2020-03-26,7.076,14.0,7.9602,10.13,37.75,43.7
2020-03-27,7.076,14.0,7.9318,10.13,37.75,43.7
2020-03-30,7.076,14.0,7.9034,10.13,37.75,43.7
2020-03-31,7.076,14.0,7.875,10.13,37.75,43.7
2020-04-01,7.076,14.0,7.8125,10.13,37.75,43.7
2020-04-02,7.076,14.0,7.75,10.13,37.75,43.7
2020-04-03,7.076,14.0,7.6875,10.13,37.75,43.7
2020-04-06,6.9991,14.0,7.625,10.13,37.75,43.7
2020-04-07,6.9991,14.0,7.5625,10.13,37.75,43.7
2020-04-08,6.9991,14.0,7.5,10.13,37.75,43.7
2020-04-09,6.9991,14.0,7.4375,10.13,37.75,43.7
2020-04-10,6.9991,14.0,7.375,10.13,37.75,43.7
2020-04-13,6.9991,14.0,7.3125,10.13,37.75,43.7
2020-04-14,6.9991,14.0,7.25,10.13,37.75,43.7
2020-04-15,6.9991,14.0,7.1875,10.13,37.75,43.7
2020-04-16,6.9991,14.0,7.125,10.13,37.75,43.7
2020-04-17,6.9991,14.0,7.0625,10.13,37.75,43.7
2020-04-20,6.9991,14.0,7.0,10.13,37.75,43.7
2020-04-21,6.8068,14.0,6.9375,10.13,37.75,43.7
2020-04-22,6.8068,14.0,6.875,10.13,37.75,43.7
2020-04-23,6.8068,14.0,6.8125,10.13,37.75,43.7
2020-04-24,6.8068,14.0,6.75,10.13,37.75,43.7
2020-04-27,6.8068,14.0,6.6875,10.13,37.75,43.7
2020-04-28,6.8068,14.0,6.625,10.13,37.75,43.7
2020-04-29,6.8068,14.0,6.5625,10.13,37.75,43.7
2020-04-30,6.8068,14.0,6.5,10.13,37.75,43.7
2020-05-01,6.8068,14.0,6.5114,10.13,37.75,43.7
2020-05-04,6.8068,14.0,6.5227,10.13,37.75,43.7
2020-05-05,6.7299,14.0,6.5341,10.13,37.75,43.7
2020-05-06,6.7299,14.0,6.5455,10.13,37.75,43.7
2020-05-07,6.7299,14.0,6.5568,10.13,37.75,43.7
2020-05-08,6.7299,14.0,6.5682,10.13,37.75,43.7
2020-05-11,6.7299,14.0,6.5795,10.13,37.75,43.7
2020-05-12,6.7299,14.0,6.5909,10.13,37.75,43.7
2020-05-13,6.7299,14.0,6.6023,10.13,37.75,43.7
2020-05-14,6.7299,14.0,6.6136,10.13,37.75,43.7
2020-05-15,6.7299,14.0,6.625,10.13,37.75,43.7
2020-05-18,6.5376,14.0,6.6364,10.13,37.75,43.7
2020-05-19,6.5376,14.0,6.6477,10.13,37.75,43.7
2020-05-20,6.5376,14.0,6.6591,10.13,37.75,43.7
2020-05-21,6.5376,14.0,6.6705,10.13,37.75,43.7
2020-05-22,6.5376,14.0,6.6818,10.13,37.75,43.7
2020-05-25,6.5376,14.0,6.6932,10.13,37.75,43.7
2020-05-26,6.5376,14.0,6.7045,10.13,37.75,43.7
2020-05-27,6.5376,14.0,6.7159,10.13,37.75,43.7
2020-05-28,6.5376,14.0,6.7273,10.13,37.75,43.7
2020-05-29,6.5376,14.0,6.7386,10.13,37.75,43.7
2020-05-31,6.5376,14.0,6.75,10.13,37.75,43.7
2020-06-01,6.5376,14.0,6.75,10.13,37.75,43.7
2020-06-02,6.5376,14.0,6.75,10.13,37.75,43.7
2020-06-03,6.5376,14.0,6.75,10.13,37.75,43.7
2020-06-04,6.5376,14.0,6.75,10.13,37.75,43.7
2020-06-05,6.5376,14.0,6.75,10.13,37.75,43.7
2020-06-08,6.5376,14.0,6.75,10.13,37.75,43.7
2020-06-09,6.3838,14.0,6.75,10.13,37.75,43.7
2020-06-10,6.3838,14.0,6.75,10.13,37.75,43.7
2020-06-11,6.3838,14.0,6.75,10.13,37.75,43.7
2020-06-12,6.3838,14.0,6.75,10.13,37.75,43.7
2020-06-15,6.3838,14.0,6.75,10.13,37.75,43.7
2020-06-16,6.3838,14.0,6.75,10.13,37.75,43.7
2020-06-17,6.3838,14.0,6.75,10.13,37.75,43.7
2020-06-18,6.3838,14.0,6.75,10.13,37.75,43.7
2020-06-19,6.3838,14.0,6.75,10.13,37.75,43.7
2020-06-22,6.23,14.0,6.75,10.13,37.75,43.7
2020-06-23,6.23,14.0,6.75,10.13,37.75,43.7
2020-06-24,6.23,14.0,6.75,10.13,37.75,43.7
2020-06-25,6.23,14.0,6.75,10.13,37.75,43.7
2020-06-26,6.23,14.0,6.75,10.13,37.75,43.7
2020-06-29,6.23,14.0,6.75,10.13,37.75,43.7
2020-06-30,6.23,14.0,6.75,10.13,37.75,43.7
2020-07-01,6.23,14.0,6.7391,10.13,37.75,43.7
2020-07-02,6.23,14.0,6.7283,10.13,37.75,43.7
2020-07-03,6.23,14.0,6.7174,10.13,37.75,43.7
2020-07-06,6.23,14.0,6.7065,10.13,37.75,43.7
2020-07-07,6.23,14.0,6.6957,10.13,37.75,43.7
2020-07-08,6.23,14.0,6.6848,10.13,37.75,43.7
2020-07-09,6.23,14.0,6.6739,10.13,37.75,43.7
2020-07-10,6.23,14.0,6.663,10.13,37.75,43.7
2020-07-13,6.23,14.0,6.6522,10.13,37.75,43.7
2020-07-14,5.9992,14.0,6.6413,10.13,37.75,43.7
2020-07-15,5.9992,14.0,6.6304,10.13,37.75,43.7
2020-07-16,5.9992,14.0,6.6196,10.13,37.75,43.7
2020-07-17,5.9992,14.0,6.6087,10.13,37.75,43.7
2020-07-20,5.9992,14.0,6.5978,10.13,37.75,43.7
2020-07-21,5.9992,14.0,6.587,10.13,37.75,43.7
2020-07-22,5.9992,14.0,6.5761,10.13,37.75,43.7
2020-07-23,5.9992,14.0,6.5652,10.13,37.75,43.7
2020-07-24,5.9992,14.0,6.5543,10.13,37.75,43.7
2020-07-27,5.9992,14.0,6.5435,10.13,37.75,43.7
2020-07-28,5.9992,14.0,6.5326,10.13,37.75,43.7
2020-07-29,5.9992,14.0,6.5217,10.13,37.75,43.7
2020-07-30,5.9992,14.0,6.5109,10.13,37.75,43.7
2020-07-31,5.9992,14.0,6.5,10.13,37.75,43.7
2020-08-03,5.9992,14.0,6.4881,10.13,37.75,43.7
2020-08-04,5.9992,14.0,6.4762,10.13,37.75,43.7
2020-08-05,5.9992,14.0,6.4643,10.13,37.75,43.7
2020-08-06,5.9992,14.0,6.4524,10.13,37.75,43.7
2020-08-07,5.9992,14.0,6.4405,10.13,37.75,43.7
2020-08-10,5.9992,14.0,6.4286,10.13,37.75,43.7
2020-08-11,5.9992,14.0,6.4167,10.13,37.75,43.7
2020-08-12,5.9992,14.0,6.4048,10.13,37.75,43.7
2020-08-13,5.9992,14.0,6.3929,10.13,37.75,43.7
2020-08-14,5.9992,14.0,6.381,10.13,37.75,43.7
2020-08-17,5.9992,14.0,6.369,10.13,37.75,43.7
2020-08-18,5.9992,14.0,6.3571,10.13,37.75,43.7
2020-08-19,5.9992,14.0,6.3452,10.13,37.75,43.7
2020-08-20,5.9992,14.0,6.3333,10.13,37.75,43.7
2020-08-21,5.9992,14.0,6.3214,10.13,37.75,43.7
2020-08-24,5.9992,14.0,6.3095,10.13,37.75,43.7
2020-08-25,5.9992,14.0,6.2976,10.13,37.75,43.7
2020-08-26,5.9992,14.0,6.2857,10.13,37.75,43.7
2020-08-27,5.9992,14.0,6.2738,10.13,37.75,43.7
2020-08-28,5.9992,14.0,6.2619,10.13,37.75,43.7
2020-08-31,5.9992,14.0,6.25,10.13,37.75,43.7
2020-09-01,5.9992,14.0,6.2381,10.13,37.75,43.7
2020-09-03,5.9992,14.0,6.2262,10.13,37.75,43.7
2020-09-04,5.9992,14.0,6.2143,10.13,37.75,43.7
2020-09-07,5.9992,14.0,6.2024,10.13,37.75,43.7
2020-09-08,5.9992,14.0,6.1905,10.13,37.75,43.7
2020-09-09,5.9992,14.0,6.1786,10.13,37.75,43.7
2020-09-10,5.9992,14.0,6.1667,10.13,37.75,43.7
2020-09-11,5.9992,14.0,6.1548,10.13,37.75,43.7
2020-09-14,5.9992,14.0,6.1429,10.13,37.75,43.7
2020-09-15,5.9992,14.0,6.131,10.13,37.75,43.7
2020-09-16,5.9992,14.0,6.119,10.13,37.75,43.7
2020-09-17,5.9992,14.0,6.1071,10.13,37.75,43.7
2020-09-18,5.9992,14.0,6.0952,10.13,37.75,43.7
2020-09-21,5.9992,14.0,6.0833,10.13,37.75,43.7
2020-09-22,5.9992,14.0,6.0714,10.13,37.75,43.7
2020-09-23,5.9992,14.0,6.0595,10.13,37.75,43.7
2020-09-24,5.9992,14.0,6.0476,10.13,37.75,43.7
2020-09-25,5.9992,14.0,6.0357,10.13,37.75,43.7
2020-09-28,5.9992,14.0,6.0238,10.13,37.75,43.7
2020-09-29,5.9992,14.0,6.0119,10.13,37.75,43.7
2020-09-30,5.9992,14.0,6.0,10.13,37.75,43.7
2020-10-01,5.9992,14.0,5.9935,10.13,37.75,43.7
2020-10-02,5.9992,14.0,5.987,10.13,37.75,43.7
2020-10-05,5.9992,14.0,5.9804,10.13,37.75,43.7
2020-10-06,5.9992,14.0,5.9739,10.13,37.75,43.7
2020-10-07,5.9992,14.0,5.9674,10.13,37.75,43.7
2020-10-08,5.9992,14.0,5.9609,10.13,37.75,43.7
2020-10-09,5.9992,14.0,5.9543,10.13,37.75,43.7
2020-10-12,5.9992,14.0,5.9478,10.13,37.75,43.7
2020-10-13,5.9992,14.0,5.9413,10.13,37.75,43.7
2020-10-14,5.9992,14.0,5.9348,10.13,37.75,43.7
2020-10-15,5.9992,14.0,5.9283,10.13,37.75,43.7
2020-10-16,5.9992,14.0,5.9217,10.13,37.75,43.7
2020-10-19,5.9992,14.0,5.9152,10.13,37.75,43.7
2020-10-20,5.9992,14.0,5.9087,10.13,37.75,43.7
2020-10-21,5.9992,14.0,5.9022,10.13,37.75,43.7
2020-10-22,5.9992,14.0,5.8957,10.13,37.75,43.7
2020-10-23,5.9992,14.0,5.8891,10.13,37.75,43.7
2020-10-26,5.9992,14.0,5.8826,10.13,37.75,43.7
2020-10-27,5.9992,14.0,5.8761,10.13,37.75,43.7
2020-10-28,5.9992,14.0,5.8696,10.13,37.75,43.7
2020-10-29,5.9992,14.0,5.863,10.13,37.75,43.7
2020-10-30,5.9992,14.0,5.8565,10.13,37.75,43.7
2020-10-31,5.9992,14.0,5.85,10.13,37.75,43.7
2020-11-02,5.9992,14.0,5.8571,10.13,37.75,43.7
2020-11-03,5.9992,14.0,5.8643,10.13,37.75,43.7
2020-11-04,5.9992,14.0,5.8714,10.13,37.75,43.7
2020-11-05,5.9992,14.0,5.8786,10.13,37.75,43.7
2020-11-06,5.9992,14.0,5.8857,10.13,37.75,43.7
2020-11-09,5.9992,14.0,5.8929,10.13,37.75,43.7
2020-11-10,5.9992,14.0,5.9,10.13,37.75,43.7
2020-11-11,5.9992,14.0,5.9071,10.13,37.75,43.7
2020-11-12,5.9992,14.0,5.9143,10.13,37.75,43.7
2020-11-13,5.9992,14.0,5.9214,10.13,37.75,43.7
2020-11-16,5.9992,14.0,5.9286,10.13,37.75,43.7
2020-11-17,5.9992,14.0,5.9357,10.13,37.75,43.7
2020-11-18,5.9992,14.0,5.9429,10.13,37.75,43.7
2020-11-19,5.9992,14.0,5.95,10.13,37.75,43.7
2020-11-20,5.9992,14.0,5.9571,10.13,37.75,43.7
2020-11-23,5.9992,14.0,5.9643,10.13,37.75,43.7
2020-11-24,5.9992,14.0,5.9714,10.13,37.75,43.7
2020-11-25,5.9992,14.0,5.9786,10.13,37.75,43.7
2020-11-26,5.9992,14.0,5.9857,10.13,37.75,43.7
2020-11-27,5.9992,14.0,5.9929,10.13,37.75,43.7
2020-11-30,5.9992,14.0,6.0,10.13,37.75,43.7
2020-12-01,6.3069,14.0,6.0054,10.13,37.75,43.7
2020-12-02,6.3069,14.0,6.0109,10.13,37.75,43.7
2020-12-03,6.3069,14.0,6.0163,10.13,37.75,43.7
2020-12-04,6.3069,14.0,6.0217,10.13,37.75,43.7
2020-12-07,6.3069,14.0,6.0272,10.13,37.75,43.7
2020-12-08,6.3069,14.0,6.0326,10.13,37.75,43.7
2020-12-09,6.3069,14.0,6.038,10.13,37.75,43.7
2020-12-10,6.3069,14.0,6.0435,10.13,37.75,43.7
2020-12-11,6.3069,14.0,6.0489,10.13,37.75,43.7
2020-12-14,6.3069,14.0,6.0543,10.13,37.75,43.7
2020-12-15,6.3069,14.0,6.0598,10.13,37.75,43.7
2020-12-16,6.3069,14.0,6.0652,10.13,37.75,43.7
2020-12-17,6.3069,14.0,6.0707,10.13,37.75,43.7
2020-12-18,6.3069,14.0,6.0761,10.13,37.75,43.7
2020-12-21,7.076,14.0,6.0815,10.13,37.75,43.7
2020-12-22,7.076,14.0,6.087,10.13,37.75,43.7
2020-12-23,7.076,14.0,6.0924,10.13,37.75,43.7
2020-12-24,7.076,14.0,6.0978,10.13,37.75,43.7
2020-12-25,7.076,14.0,6.1033,10.13,37.75,43.7
2020-12-28,7.1529,14.0,6.1087,10.13,37.75,43.7
2020-12-29,7.1529,14.0,6.1141,10.13,37.75,43.7
2020-12-30,7.1529,14.0,6.1196,10.13,37.75,43.7
2020-12-31,7.1529,14.0,6.125,10.13,37.75,43.7
2021-01-01,7.1529,14.0,6.1534,10.13,37.75,43.7
2021-01-04,7.1529,14.0,6.1818,10.13,37.75,43.7
2021-01-05,7.1529,14.0,6.2102,10.13,37.75,43.7
2021-01-06,7.1529,14.0,6.2386,10.13,37.75,43.7
2021-01-07,7.1529,14.0,6.267,10.13,37.75,43.7
2021-01-08,7.1529,14.0,6.2955,10.13,37.75,43.7
2021-01-11,7.1529,14.0,6.3239,10.13,37.75,43.7
2021-01-12,7.1529,14.0,6.3523,10.13,37.75,43.7
2021-01-13,7.1529,14.0,6.3807,10.13,37.75,43.7
2021-01-14,8.3066,14.0,6.4091,10.13,37.75,43.7
2021-01-15,8.3066,14.0,6.4375,10.13,37.75,43.7
2021-01-18,8.3066,14.0,6.4659,10.13,37.75,43.7
2021-01-19,8.3066,14.0,6.4943,10.13,37.75,43.7
2021-01-20,8.3066,14.0,6.5227,10.13,37.75,43.7
2021-01-21,8.7681,14.0,6.5511,10.13,37.75,43.7
2021-01-22,8.7681,14.0,6.5795,10.13,37.75,43.7
2021-01-25,8.7681,14.0,6.608,10.13,37.75,43.7
2021-01-26,8.7681,14.0,6.6364,10.13,37.75,43.7
2021-01-27,8.7681,14.0,6.6648,10.13,37.75,43.7
2021-01-28,9.6141,14.0,6.6932,10.13,37.75,43.7
2021-01-29,9.6141,14.0,6.7216,10.13,37.75,43.7
2021-01-31,9.6141,14.0,6.75,10.13,37.75,43.7
2021-02-01,9.6141,14.0,6.8036,10.13,37.75,43.7
2021-02-02,9.6141,14.0,6.8571,10.13,37.75,43.7
2021-02-03,10.076,14.0,6.9107,10.13,37.75,43.7
2021-02-04,10.076,14.0,6.9643,10.13,37.75,43.7
2021-02-05,10.076,14.0,7.0179,10.13,37.75,43.7
2021-02-08,10.076,14.0,7.0714,10.13,37.75,43.7
2021-02-09,10.076,14.0,7.125,10.13,37.75,43.7
2021-02-10,10.076,14.0,7.1786,10.13,37.75,43.7
2021-02-11,10.383,14.0,7.2321,10.13,37.75,43.7
2021-02-12,10.383,14.0,7.2857,10.13,37.75,43.7
2021-02-15,10.383,14.0,7.3393,10.13,37.75,43.7
2021-02-16,10.383,14.0,7.3929,10.13,37.75,43.7
2021-02-17,10.383,14.0,7.4464,10.13,37.75,43.7
2021-02-18,10.383,14.0,7.5,10.13,37.75,43.7
2021-02-19,10.383,14.0,7.5536,10.13,37.75,43.7
2021-02-22,10.383,14.0,7.6071,10.13,37.75,43.7
2021-02-23,10.383,14.0,7.6607,10.13,37.75,43.7
2021-02-24,10.383,14.0,7.7143,10.13,37.75,43.7
2021-02-25,10.845,14.0,7.7679,10.13,37.75,43.7
2021-02-26,10.845,14.0,7.8214,10.13,37.75,43.7
2021-02-28,10.845,14.0,7.875,10.13,37.75,43.7
2021-03-01,10.845,14.0,7.8804,10.13,37.75,43.7
2021-03-02,10.845,14.0,7.8859,10.13,37.75,43.7
2021-03-03,10.845,14.0,7.8913,10.13,37.75,43.7
2021-03-04,10.845,14.0,7.8967,10.13,37.75,43.7
2021-03-05,10.845,14.0,7.9022,10.13,37.75,43.7
2021-03-08,10.845,14.0,7.9076,10.13,37.75,43.7
2021-03-09,10.845,14.0,7.913,10.13,37.75,43.7
2021-03-10,10.845,14.0,7.9185,10.13,37.75,43.7
2021-03-11,13.075,14.0,7.9239,10.13,37.75,43.7
2021-03-12,13.075,14.0,7.9293,10.13,37.75,43.7
2021-03-15,13.075,14.0,7.9348,10.13,37.75,43.7
2021-03-16,13.075,14.0,7.9402,10.13,37.75,43.7
2021-03-17,13.075,14.0,7.9457,10.13,37.75,43.7
2021-03-18,13.075,14.0,7.9511,10.13,37.75,43.7
2021-03-19,13.075,14.0,7.9565,10.13,37.75,43.7
2021-03-22,13.075,14.0,7.962,10.13,37.75,43.7
2021-03-23,13.075,14.0,7.9674,10.13,37.75,43.7
2021-03-24,13.075,14.0,7.9728,10.13,37.75,43.7
2021-03-25,13.075,14.0,7.9783,10.13,37.75,43.7
2021-03-26,13.075,14.0,7.9837,10.13,37.75,43.7
2021-03-29,13.075,14.0,7.9891,10.13,37.75,43.7
2021-03-30,13.075,14.0,7.9946,10.13,37.75,43.7
2021-03-31,13.075,14.0,8.0,10.13,37.75,43.7
2021-04-01,13.075,14.0,8.0341,10.13,37.75,43.7
2021-04-02,13.075,14.0,8.0682,10.13,37.75,43.7
2021-04-05,13.075,14.0,8.1023,10.13,37.75,43.7
2021-04-06,13.844,14.0,8.1364,10.13,37.75,43.7
2021-04-07,13.844,14.0,8.1705,10.13,37.75,43.7
2021-04-08,13.844,14.0,8.2045,10.13,37.75,43.7
2021-04-09,13.844,14.0,8.2386,10.13,37.75,43.7
2021-04-12,13.844,14.0,8.2727,10.13,37.75,43.7
2021-04-13,13.844,14.0,8.3068,10.13,37.75,43.7
2021-04-14,13.844,14.0,8.3409,10.13,37.75,43.7
2021-04-15,13.844,14.0,8.375,10.13,37.75,43.7
2021-04-16,13.844,14.0,8.4091,10.13,37.75,43.7
2021-04-19,13.844,14.0,8.4432,10.13,37.75,43.7
2021-04-20,13.844,14.0,8.4773,10.13,37.75,43.7
2021-04-21,13.844,14.0,8.5114,10.13,37.75,43.7
2021-04-22,13.844,14.0,8.5455,10.13,37.75,43.7
2021-04-23,13.844,14.0,8.5795,10.13,37.75,43.7
2021-04-26,13.844,14.0,8.6136,10.13,37.75,43.7
2021-04-27,13.844,14.0,8.6477,10.13,37.75,43.7
2021-04-28,13.844,14.0,8.6818,10.13,37.75,43.7
2021-04-29,13.844,14.0,8.7159,10.13,37.75,43.7
2021-04-30,13.844,14.0,8.75,10.13,37.75,43.7
2021-05-03,13.844,14.0,8.7738,10.13,37.75,43.7
2021-05-04,13.844,14.0,8.7976,10.13,37.75,43.7
2021-05-05,13.844,14.0,8.8214,10.13,37.75,43.7
2021-05-06,13.844,14.0,8.8452,10.13,37.75,43.7
2021-05-07,13.844,14.0,8.869,10.13,37.75,43.7
2021-05-10,13.844,14.0,8.8929,10.13,37.75,43.7
2021-05-11,13.691,14.0,8.9167,10.13,37.75,43.7
2021-05-12,13.691,14.0,8.9405,10.13,37.75,43.7
2021-05-13,13.691,13.0,8.9643,10.13,37.75,43.7
2021-05-14,13.691,13.0,8.9881,10.13,37.75,43.7
2021-05-17,13.691,13.0,9.0119,10.13,37.75,43.7
2021-05-18,13.691,13.0,9.0357,10.13,37.75,43.7
2021-05-19,13.691,13.0,9.0595,10.13,37.75,43.7
2021-05-20,13.691,13.0,9.0833,10.13,37.75,43.7
2021-05-21,13.691,13.0,9.1071,10.13,37.75,43.7
2021-05-24,13.691,14.0,9.131,10.13,37.75,43.7
2021-05-25,13.691,14.0,9.1548,10.13,37.75,43.7
2021-05-26,13.691,14.0,9.1786,10.13,37.75,43.7
2021-05-27,13.691,13.0,9.2024,10.13,37.75,43.7
2021-05-28,13.691,14.0,9.2262,10.13,37.75,43.7
2021-05-31,13.691,14.0,9.25,10.13,37.75,43.7
2021-06-01,13.691,14.0,9.2614,10.13,37.75,43.7
2021-06-02,13.691,14.0,9.2727,10.13,37.75,43.7
2021-06-03,13.691,14.0,9.2841,10.13,37.75,43.7
2021-06-04,13.691,14.0,9.2955,10.13,37.75,43.7
2021-06-07,13.691,14.0,9.3068,10.13,37.75,43.7
2021-06-08,13.691,14.0,9.3182,10.13,37.75,43.7
2021-06-09,13.691,14.0,9.3295,10.13,37.75,43.7
2021-06-10,13.691,14.0,9.3409,10.13,37.75,43.7
2021-06-11,13.691,14.0,9.3523,10.13,37.75,43.7
2021-06-14,13.691,14.0,9.3636,10.13,37.75,43.7
2021-06-15,13.691,14.0,9.375,10.13,37.75,43.7
2021-06-16,13.691,14.0,9.3864,10.13,37.75,43.7
2021-06-17,13.691,14.0,9.3977,10.13,37.75,43.7
2021-06-18,13.691,15.0,9.4091,10.13,37.75,43.7
2021-06-21,13.691,15.0,9.4205,10.13,37.75,43.7
2021-06-22,13.691,15.0,9.4318,10.13,37.75,43.7
2021-06-23,13.691,15.0,9.4432,10.13,37.75,43.7
2021-06-24,13.691,14.0,9.4545,10.13,37.75,43.7
2021-06-25,13.691,15.0,9.4659,10.13,37.75,43.7
2021-06-28,13.691,15.0,9.4773,10.13,37.75,43.7
2021-06-29,13.691,15.0,9.4886,10.13,37.75,43.7
2021-06-30,13.691,15.0,9.5,10.13,37.75,43.7
2021-07-01,13.691,15.0,9.5435,10.13,37.75,43.7
2021-07-02,13.691,15.0,9.587,10.13,37.75,43.7
2021-07-05,13.691,15.0,9.6304,10.13,37.75,43.7
2021-07-06,13.691,15.0,9.6739,10.13,37.75,43.7
2021-07-07,13.691,15.0,9.7174,10.13,37.75,43.7
2021-07-08,13.691,15.0,9.7609,10.13,37.75,43.7
2021-07-09,13.691,15.0,9.8043,10.13,37.75,43.7
2021-07-12,13.691,15.0,9.8478,10.13,37.75,43.7
2021-07-13,13.691,15.0,9.8913,10.13,37.75,43.7
2021-07-14,13.691,15.0,9.9348,10.13,37.75,43.7
2021-07-15,13.691,15.0,9.9783,10.13,37.75,43.7
2021-07-16,13.691,15.0,10.0217,10.13,37.75,43.7
2021-07-19,13.691,15.0,10.0652,10.13,37.75,43.7
2021-07-20,13.691,15.0,10.1087,10.13,37.75,43.7
2021-07-21,13.691,15.0,10.1522,10.13,37.75,43.7
2021-07-22,13.691,15.0,10.1957,10.13,37.75,43.7
2021-07-23,13.691,15.0,10.2391,10.13,37.75,43.7
2021-07-26,13.691,15.0,10.2826,10.13,37.75,43.7
2021-07-27,13.691,15.0,10.3261,10.13,37.75,43.7
2021-07-28,13.691,15.0,10.3696,10.13,37.75,43.7
2021-07-29,13.779,16.0,10.413,10.13,37.75,43.7
2021-07-30,13.773,16.0,10.4565,10.13,37.75,43.7
2021-07-31,13.773,16.0,10.5,10.13,37.75,43.7
2021-08-02,13.773,16.0,10.5227,10.13,37.75,43.7
2021-08-03,13.767,16.0,10.5455,10.13,37.75,43.7
2021-08-04,14.319,16.0,10.5682,10.13,37.75,43.7
2021-08-05,14.318,16.0,10.5909,10.13,37.75,43.7
2021-08-06,14.3,16.0,10.6136,10.13,37.75,43.7
2021-08-09,14.279,16.0,10.6364,10.13,37.75,43.7
2021-08-10,14.271,16.0,10.6591,10.13,37.75,43.7
2021-08-11,14.265,16.0,10.6818,10.13,37.75,43.7
2021-08-12,14.281,16.0,10.7045,10.13,37.75,43.7
2021-08-13,14.275,16.0,10.7273,10.13,37.75,43.7
2021-08-16,14.282,16.0,10.75,10.13,37.75,43.7
2021-08-17,14.274,16.0,10.7727,10.13,37.75,43.7
2021-08-18,14.273,16.0,10.7955,10.13,37.75,43.7
2021-08-19,14.232,16.0,10.8182,10.13,37.75,43.7
2021-08-20,14.232,16.0,10.8409,10.13,37.75,43.7
2021-08-23,14.232,16.0,10.8636,10.13,37.75,43.7
2021-08-24,14.232,16.0,10.8864,10.13,37.75,43.7
2021-08-25,14.278,16.0,10.9091,10.13,37.75,43.7
2021-08-26,14.268,16.0,10.9318,10.13,37.75,43.7
2021-08-27,14.278,16.0,10.9545,10.13,37.75,43.7
2021-08-30,14.297,16.0,10.9773,10.13,37.75,43.7
2021-08-31,14.316,16.0,11.0,10.13,37.75,43.7
2021-09-01,14.305,16.0,11.0227,10.13,37.75,43.7
2021-09-02,14.323,17.0,11.0455,10.13,37.75,43.7
2021-09-03,14.3235,17.0,11.0682,10.13,37.75,43.7
2021-09-06,14.324,17.5,11.0909,10.13,37.75,43.7
2021-09-07,14.306,18.0,11.1136,10.13,37.75,43.7
2021-09-08,14.324,18.0,11.1364,10.13,37.75,43.7
2021-09-09,14.33,18.0,11.1591,10.13,37.75,43.7
2021-09-10,14.37,19.0,11.1818,10.13,37.75,43.7
2021-09-13,14.326,19.0,11.2045,10.13,37.75,43.7
2021-09-14,14.347,19.0,11.2273,10.13,37.75,43.7
2021-09-15,14.378,19.0,11.25,10.13,37.75,43.7
2021-09-16,14.342,19.0,11.2727,10.13,37.75,43.7
2021-09-17,23.662,20.0,11.2955,10.13,37.75,43.7
2021-09-20,23.6607,20.0,11.3182,10.13,37.75,43.7
2021-09-21,23.6593,20.0,11.3409,10.13,37.75,43.7
2021-09-22,23.658,20.0,11.3636,10.13,37.75,43.7
2021-09-23,23.692,20.0,11.3864,10.13,37.75,43.7
2021-09-24,25.508,20.0,11.4091,10.13,37.75,43.7
2021-09-27,25.527,20.0,11.4318,10.13,37.75,43.7
2021-09-28,25.543,20.0,11.4545,10.13,37.75,43.7
2021-09-29,25.525,20.0,11.4773,10.13,37.75,43.7
2021-09-30,25.526,20.0,11.5,10.13,37.75,43.7
2021-10-01,25.603,21.0,11.6136,10.13,37.75,43.7
2021-10-04,25.603,21.0,11.7273,10.13,37.75,43.7
2021-10-05,25.603,21.0,11.8409,10.13,37.75,43.7
2021-10-06,25.603,21.0,11.9545,10.13,37.75,43.7
2021-10-07,25.603,22.0,12.0682,10.13,37.75,43.7
2021-10-08,25.591,22.0,12.1818,10.13,37.75,43.7
2021-10-11,25.585,22.0,12.2955,10.13,37.75,43.7
2021-10-12,25.58,22.0,12.4091,10.13,37.75,43.7
2021-10-13,25.614,22.0,12.5227,10.13,37.75,43.7
2021-10-14,25.614,22.0,12.6364,10.13,37.75,43.7
2021-10-15,28.098,22.0,12.75,10.13,37.75,43.7
2021-10-18,28.148,22.0,12.8636,10.13,37.75,43.7
2021-10-19,28.336,22.0,12.9773,10.13,37.75,43.7
2021-10-20,28.319,21.0,13.0909,10.13,37.75,43.7
2021-10-21,28.287,21.0,13.2045,10.13,37.75,43.7
2021-10-22,28.557,21.0,13.3182,10.13,37.75,43.7
2021-10-25,28.559,22.0,13.4318,10.13,37.75,43.7
2021-10-26,29.068,22.0,13.5455,10.13,37.75,43.7
2021-10-27,29.805,22.0,13.6591,10.13,37.75,43.7
2021-10-28,29.777,25.0,13.7727,10.13,37.75,43.7
2021-10-29,29.939,22.0,13.8864,10.13,37.75,43.7
2021-10-31,30.0125,22.5,14.0,10.13,37.75,43.7
2021-11-01,30.086,23.0,14.0,10.13,37.75,43.7
2021-11-02,30.083,25.0,14.0,10.13,37.75,43.7
2021-11-03,30.394,25.0,14.0,10.13,37.75,43.7
2021-11-04,30.417,26.0,14.0,10.13,37.75,43.7
2021-11-05,30.382,26.0,14.0,10.13,37.75,43.7
2021-11-08,30.42,24.0,14.0,10.13,37.75,43.7
2021-11-09,30.433,24.0,14.0,10.13,37.75,43.7
2021-11-10,30.434,24.0,14.0,10.13,37.75,43.7
2021-11-11,30.418,24.0,14.0,10.13,37.75,43.7
2021-11-12,30.639,24.0,14.0,10.13,37.75,43.7
2021-11-15,30.633,24.0,14.0,10.13,37.75,43.7
2021-11-16,30.6,24.0,14.0,10.13,37.75,43.7
2021-11-17,30.965,24.0,14.0,10.13,37.75,43.7
2021-11-18,30.927,24.0,14.0,10.13,37.75,43.7
2021-11-19,30.909,24.0,14.0,10.13,37.75,43.7
2021-11-22,30.947,24.0,14.0,10.13,37.75,43.7
2021-11-23,30.906,24.0,14.0,10.13,37.75,43.7
2021-11-24,30.91,29.0,14.0,10.13,37.75,43.7
2021-11-25,30.925,28.0,14.0,10.13,37.75,43.7
2021-11-26,30.906,27.0,14.0,10.13,37.75,43.7
2021-11-29,31.086,27.0,14.0,10.13,37.75,43.7
2021-11-30,31.156,27.0,14.0,10.13,37.75,43.7
2021-12-01,31.164,27.0,14.1739,10.13,37.75,43.7
2021-12-02,31.448,28.0,14.3478,10.13,37.75,43.7
2021-12-03,31.787,28.0,14.5217,10.13,37.75,43.7
2021-12-06,32.065,28.0,14.6957,10.13,37.75,43.7
2021-12-07,32.116,32.0,14.8696,10.13,37.75,43.7
2021-12-08,32.215,32.0,15.0435,10.13,37.75,43.7
2021-12-09,33.018,32.0,15.2174,10.13,37.75,43.7
2021-12-10,33.985,32.0,15.3913,10.13,37.75,43.7
2021-12-13,34.957,32.0,15.5652,10.13,37.75,43.7
2021-12-14,35.746,32.0,15.7391,10.13,37.75,43.7
2021-12-15,35.739,32.0,15.913,10.13,37.75,43.7
2021-12-16,35.728,32.0,16.087,10.13,37.75,43.7
2021-12-17,36.154,32.0,16.2609,10.13,37.75,43.7
2021-12-20,36.932,32.0,16.4348,10.13,37.75,43.7
2021-12-21,38.06,32.0,16.6087,10.13,37.75,43.7
2021-12-22,38.849,32.0,16.7826,10.13,37.75,43.7
2021-12-23,38.847,32.0,16.9565,10.13,37.75,43.7
2021-12-24,38.867,32.0,17.1304,10.13,37.75,43.7
2021-12-27,41.066,32.0,17.3043,10.13,37.75,43.7
2021-12-28,42.163,32.0,17.4783,10.13,37.75,43.7
2021-12-29,42.154,32.0,17.6522,10.13,37.75,43.7
2021-12-30,42.126,32.0,17.8261,10.13,37.75,43.7
2021-12-31,42.754,31.0,18.0,10.13,37.75,43.7
2022-01-03,43.538,36.0,18.3333,10.13,37.75,43.7
2022-01-04,43.515,36.0,18.6667,10.13,37.75,43.7
2022-01-05,43.572,37.0,19.0,10.13,37.75,43.7
2022-01-06,44.281,37.0,19.3333,10.13,37.75,43.7
2022-01-07,45.535,37.0,19.6667,10.13,37.75,43.7
2022-01-10,46.843,37.0,20.0,10.13,37.75,43.7
2022-01-11,48.086,37.0,20.3333,10.13,37.75,43.7
2022-01-12,48.149,37.0,20.6667,10.13,37.75,43.7
2022-01-13,50.698,37.0,21.0,10.13,37.75,43.7
2022-01-14,51.549,37.0,21.3333,10.13,37.75,43.7
2022-01-17,51.583,37.0,21.6667,10.13,37.75,43.7
2022-01-18,51.559,37.0,22.0,10.13,37.75,43.7
2022-01-19,52.389,38.0,22.3333,10.13,37.75,43.7
2022-01-20,53.664,38.0,22.6667,10.13,37.75,43.7
2022-01-21,54.969,39.0,23.0,10.13,37.75,43.7
2022-01-24,56.662,39.0,23.3333,10.13,37.75,43.7
2022-01-25,56.637,39.0,23.6667,10.13,37.75,43.7
2022-01-26,56.702,39.0,24.0,10.13,37.75,43.7
2022-01-27,57.713,39.0,24.3333,10.13,37.75,43.7
2022-01-28,57.764,41.0,24.6667,10.13,37.75,43.7
2022-01-31,57.771,39.0,25.0,10.13,37.75,43.7
2022-02-01,59.342,42.0,25.7438,10.13,37.75,43.7
2022-02-02,59.343,42.0,26.4875,10.13,37.75,43.7
2022-02-03,59.342,42.0,27.2312,10.13,37.75,43.7
2022-02-04,59.342,42.0,27.975,10.13,37.75,43.7
2022-02-07,59.36,42.0,28.7188,10.13,37.75,43.7
2022-02-08,59.292,42.0,29.4625,10.13,37.75,43.7
2022-02-09,59.322,45.0,30.2062,10.13,37.75,43.7
2022-02-10,60.164,46.0,30.95,10.13,37.75,43.7
2022-02-11,60.171,48.0,31.6938,10.13,37.75,43.7
2022-02-14,61.738,49.0,32.4375,10.13,37.75,43.7
2022-02-15,62.663,51.0,33.1812,10.13,37.75,43.7
2022-02-16,63.472,53.0,33.925,10.13,37.75,43.7
2022-02-17,63.507,53.0,34.6688,10.13,37.75,43.7
2022-02-18,67.406,53.0,35.4125,10.13,37.75,43.7
2022-02-21,70.629,54.0,36.1562,10.13,37.75,43.7
2022-02-22,70.721,55.0,36.9,10.13,37.75,43.7
2022-02-23,70.831,57.0,37.6438,10.13,37.75,43.7
2022-02-24,74.946,58.0,38.3875,10.13,37.75,43.7
2022-02-25,75.421,58.0,39.1312,10.13,37.75,43.7
2022-02-28,75.896,52.0,39.875,10.13,37.75,43.7
2022-03-01,78.112,62.0,39.9891,10.13,37.75,43.7
2022-03-02,76.529,63.0,40.1033,10.13,37.75,43.7
2022-03-03,78.112,64.0,40.2174,10.13,37.75,43.7
2022-03-04,78.112,64.0,40.3315,10.13,37.75,43.7
2022-03-07,78.112,67.0,40.4457,10.13,37.75,43.7
2022-03-08,78.112,67.0,40.5598,10.13,37.75,43.7
2022-03-09,78.112,67.0,40.6739,10.13,37.75,43.7
2022-03-10,78.112,67.0,40.788,10.13,37.75,43.7
2022-03-11,78.112,67.0,40.9022,10.13,37.75,43.7
2022-03-14,78.112,70.0,41.0163,10.13,37.75,43.7
2022-03-15,78.112,70.0,41.1304,10.13,37.75,43.7
2022-03-16,78.745,70.0,41.2446,10.13,37.75,43.7
2022-03-17,78.745,70.0,41.3587,10.13,37.75,43.7
2022-03-18,78.745,70.0,41.4728,10.13,37.75,43.7
2022-03-21,78.745,71.0,41.587,10.13,37.75,43.7
2022-03-22,78.19,71.0,41.7011,10.13,37.75,43.7
2022-03-23,78.099,71.0,41.8152,10.13,37.75,43.7
2022-03-24,78.144,72.0,41.9293,10.13,37.75,43.7
2022-03-25,78.189,72.0,42.0435,10.13,37.75,43.7
2022-03-28,78.094,72.0,42.1576,10.13,37.75,43.7
2022-03-29,78.156,72.0,42.2717,10.13,37.75,43.7
2022-03-30,78.33,72.0,42.3859,10.13,37.75,43.7
2022-03-31,78.435,70.0,42.5,10.13,37.75,43.7
2022-04-01,78.044,78.0,42.7273,10.13,37.75,43.7
2022-04-04,78.03,78.0,42.9545,10.13,37.75,43.7
2022-04-05,78.03,79.0,43.1818,10.13,37.75,43.7
2022-04-06,78.033,79.0,43.4091,10.13,37.75,43.7
2022-04-07,78.042,79.0,43.6364,10.13,37.75,43.7
2022-04-08,78.021,82.0,43.8636,10.13,37.75,43.7
2022-04-11,77.96,81.0,44.0909,10.13,37.75,43.7
2022-04-12,75.727,81.0,44.3182,10.13,37.75,43.7
2022-04-13,75.77,81.0,44.5455,10.13,37.75,43.7
2022-04-14,75.716,81.0,44.7727,10.13,37.75,43.7
2022-04-15,75.513,81.0,45.0,10.13,37.75,43.7
2022-04-18,75.802,81.0,45.2273,10.13,37.75,43.7
2022-04-19,75.539,81.0,45.4545,10.13,37.75,43.7
2022-04-20,75.241,83.0,45.6818,10.13,37.75,43.7
2022-04-21,74.492,83.0,45.9091,10.13,37.75,43.7
2022-04-22,73.902,82.0,46.1364,10.13,37.75,43.7
2022-04-25,73.209,82.0,46.3636,10.13,37.75,43.7
2022-04-26,72.524,82.0,46.5909,10.13,37.75,43.7
2022-04-27,71.932,82.0,46.8182,10.13,37.75,43.7
2022-04-28,70.655,82.0,47.0455,10.13,37.75,43.7
2022-04-29,70.2,81.0,47.2727,10.13,37.75,43.7
2022-04-30,70.093,82.0,47.5,10.13,37.75,43.7
2022-05-02,69.986,83.0,47.4773,10.13,37.75,43.7
2022-05-03,69.986,83.0,47.4545,10.13,37.75,43.7
2022-05-04,69.986,83.0,47.4318,10.13,37.75,43.7
2022-05-05,69.846,82.0,47.4091,10.13,37.75,43.7
2022-05-06,69.329,82.0,47.3864,10.13,37.75,43.7
2022-05-09,68.829,82.0,47.3636,10.13,37.75,43.7
2022-05-10,68.778,82.0,47.3409,10.13,37.75,43.7
2022-05-11,68.102,82.0,47.3182,10.13,37.75,43.7
2022-05-12,67.319,81.0,47.2955,10.13,37.75,43.7
2022-05-13,67.391,81.0,47.2727,10.13,37.75,43.7
2022-05-16,67.364,81.0,47.25,10.13,37.75,43.7
2022-05-17,68.033,81.0,47.2273,10.13,37.75,43.7
2022-05-18,67.825,81.0,47.2045,10.13,37.75,43.7
2022-05-19,67.766,81.0,47.1818,10.13,37.75,43.7
2022-05-20,68.518,81.0,47.1591,10.13,37.75,43.7
2022-05-23,68.825,81.0,47.1364,10.13,37.75,43.7
2022-05-24,68.646,80.0,47.1136,10.13,37.75,43.7
2022-05-25,68.341,80.0,47.0909,10.13,37.75,43.7
2022-05-26,67.957,80.0,47.0682,10.13,37.75,43.7
2022-05-27,68.408,80.0,47.0455,10.13,37.75,43.7
2022-05-30,70.155,80.0,47.0227,10.13,37.75,43.7
2022-05-31,70.3,80.0,47.0,10.13,37.75,43.7
2022-06-01,70.068,75.0,46.8864,10.13,37.75,43.7
2022-06-02,70.198,75.0,46.7727,10.13,37.75,43.7
2022-06-03,70.342,75.0,46.6591,10.13,37.75,43.7
2022-06-06,70.555,75.0,46.5455,10.13,37.75,43.7
2022-06-07,70.828,75.0,46.4318,10.13,37.75,43.7
2022-06-08,70.676,75.0,46.3182,10.13,37.75,43.7
2022-06-09,71.095,75.0,46.2045,10.13,37.75,43.7
2022-06-10,70.824,75.0,46.0909,10.13,37.75,43.7
2022-06-13,70.44,75.0,45.9773,10.13,37.75,43.7
2022-06-14,70.903,75.0,45.8636,10.13,37.75,43.7
2022-06-15,71.213,75.0,45.75,10.13,37.75,43.7
2022-06-16,71.097,75.0,45.6364,10.13,37.75,43.7
2022-06-17,71.228,75.0,45.5227,10.13,37.75,43.7
2022-06-20,71.391,75.0,45.4091,10.13,37.75,43.7
2022-06-21,71.274,75.0,45.2955,10.13,37.75,43.7
2022-06-22,71.151,75.0,45.1818,10.13,37.75,43.7
2022-06-23,71.208,75.0,45.0682,10.13,37.75,43.7
2022-06-24,71.295,75.0,44.9545,10.13,37.75,43.7
2022-06-27,71.373,75.0,44.8409,10.13,37.75,43.7
2022-06-28,71.295,75.0,44.7273,10.13,37.75,43.7
2022-06-29,71.319,75.0,44.6136,10.13,37.75,43.7
2022-06-30,71.238,75.0,44.5,10.13,37.75,43.7
2022-07-01,70.947,75.0,44.5714,10.13,37.75,43.7
2022-07-04,71.042,75.0,44.6429,10.13,37.75,43.7
2022-07-05,70.912,75.0,44.7143,10.13,37.75,43.7
2022-07-06,70.869,75.0,44.7857,10.13,37.75,43.7
2022-07-07,70.947,75.0,44.8571,10.13,37.75,43.7
2022-07-08,70.954,75.0,44.9286,10.13,37.75,43.7
2022-07-11,70.845,75.0,45.0,10.13,37.75,43.7
2022-07-12,70.731,75.0,45.0714,10.13,37.75,43.7
2022-07-13,70.684,75.0,45.1429,10.13,37.75,43.7
2022-07-14,70.404,75.0,45.2143,10.13,37.75,43.7
2022-07-15,70.398,75.0,45.2857,10.13,37.75,43.7
2022-07-18,70.591,75.0,45.3571,10.13,37.75,43.7
2022-07-19,70.536,75.0,45.4286,10.13,37.75,43.7
2022-07-20,70.393,75.0,45.5,10.13,37.75,43.7
2022-07-21,70.238,75.0,45.5714,10.13,37.75,43.7
2022-07-22,70.358,75.0,45.6429,10.13,37.75,43.7
2022-07-25,70.454,75.0,45.7143,10.13,37.75,43.7
2022-07-26,70.332,75.0,45.7857,10.13,37.75,43.7
2022-07-27,70.586,75.0,45.8571,10.13,37.75,43.7
2022-07-28,70.581,75.0,45.9286,10.13,37.75,43.7
2022-07-29,70.749,75.0,46.0,10.13,37.75,43.7
2022-08-01,70.529,75.0,46.0435,10.13,37.75,43.7
2022-08-02,70.506,75.0,46.087,10.13,37.75,43.7
2022-08-03,70.556,75.0,46.1304,10.13,37.75,43.7
2022-08-04,70.517,75.0,46.1739,10.13,37.75,43.7
2022-08-05,70.597,75.0,46.2174,10.13,37.75,43.7
2022-08-08,70.498,75.0,46.2609,10.13,37.75,43.7
2022-08-09,70.551,75.0,46.3043,10.13,37.75,43.7
2022-08-10,70.568,75.0,46.3478,10.13,37.75,43.7
2022-08-11,70.706,76.0,46.3913,10.13,37.75,43.7
2022-08-12,70.822,76.0,46.4348,10.13,37.75,43.7
2022-08-15,70.662,76.0,46.4783,10.13,37.75,43.7
2022-08-16,70.491,76.0,46.5217,10.13,37.75,43.7
2022-08-17,70.719,76.0,46.5652,10.13,37.75,43.7
2022-08-18,70.644,76.0,46.6087,10.13,37.75,43.7
2022-08-19,70.476,76.0,46.6522,10.13,37.75,43.7
2022-08-22,70.222,76.0,46.6957,10.13,37.75,43.7
2022-08-23,71.207,76.0,46.7391,10.13,37.75,43.7
2022-08-24,71.71,76.0,46.7826,10.13,37.75,43.7
2022-08-25,71.874,76.0,46.8261,10.13,37.75,43.7
2022-08-26,71.762,76.0,46.8696,10.13,37.75,43.7
2022-08-29,71.217,76.0,46.913,10.13,37.75,43.7
2022-08-30,71.374,76.0,46.9565,10.13,37.75,43.7
2022-08-31,71.429,76.0,47.0,10.13,37.75,43.7
2022-09-01,71.386,77.0,47.0455,10.13,37.75,43.7
2022-09-02,71.299,77.0,47.0909,10.13,37.75,43.7
2022-09-05,71.333,77.0,47.1364,10.13,37.75,43.7
2022-09-06,71.045,77.0,47.1818,10.13,37.75,43.7
2022-09-07,71.005,77.0,47.2273,10.13,37.75,43.7
2022-09-08,71.291,77.0,47.2727,10.13,37.75,43.7
2022-09-09,71.558,77.0,47.3182,10.13,37.75,43.7
2022-09-12,71.825,77.0,47.3636,10.13,37.75,43.7
2022-09-13,71.833,77.0,47.4091,10.13,37.75,43.7
2022-09-14,71.474,77.0,47.4545,10.13,37.75,43.7
2022-09-15,71.167,77.0,47.5,10.13,37.75,43.7
2022-09-16,70.972,77.0,47.5455,10.13,37.75,43.7
2022-09-19,71.354,77.0,47.5909,10.13,37.75,43.7
2022-09-20,71.37,77.0,47.6364,10.13,37.75,43.7
2022-09-21,71.024,77.0,47.6818,10.13,37.75,43.7
2022-09-22,70.961,77.0,47.7273,10.13,37.75,43.7
2022-09-23,70.443,77.0,47.7727,10.13,37.75,43.7
2022-09-26,70.032,77.0,47.8182,10.13,37.75,43.7
2022-09-27,69.937,77.0,47.8636,10.13,37.75,43.7
2022-09-28,70.564,77.0,47.9091,10.13,37.75,43.7
2022-09-29,71.61,77.0,47.9545,10.13,37.75,43.7
2022-09-30,71.738,77.0,48.0,10.13,37.75,43.7
2022-10-03,71.755,80.0,48.4524,10.13,37.75,43.7
2022-10-04,71.755,80.0,48.9048,10.13,37.75,43.7
2022-10-05,71.755,80.0,49.3571,10.13,37.75,43.7
2022-10-06,71.755,80.0,49.8095,10.13,37.75,43.7
2022-10-07,71.755,80.0,50.2619,10.13,37.75,43.7
2022-10-10,71.386,80.0,50.7143,10.13,37.75,43.7
2022-10-11,72.214,80.0,51.1667,10.13,37.75,43.7
2022-10-12,72.861,80.0,51.619,10.13,37.75,43.7
2022-10-13,72.751,80.0,52.0714,10.13,37.75,43.7
2022-10-14,72.61,80.0,52.5238,10.13,37.75,43.7
2022-10-17,74.643,80.0,52.9762,10.13,37.75,43.7
2022-10-18,75.355,80.0,53.4286,10.13,37.75,43.7
2022-10-19,75.057,80.0,53.881,10.13,37.75,43.7
2022-10-20,75.115,81.0,54.3333,10.13,37.75,43.7
2022-10-21,74.865,81.0,54.7857,10.13,37.75,43.7
2022-10-24,76.075,81.0,55.2381,10.13,37.75,43.7
2022-10-25,75.594,81.0,55.6905,10.13,37.75,43.7
2022-10-26,76.968,81.0,56.1429,10.13,37.75,43.7
2022-10-27,77.81,81.0,56.5952,10.13,37.75,43.7
2022-10-28,77.57,81.0,57.0476,10.13,37.75,43.7
2022-10-31,77.321,81.0,57.5,10.13,37.75,43.7
2022-11-01,77.807,83.0,57.5114,10.13,37.75,43.7
2022-11-02,78.613,83.0,57.5227,10.13,37.75,43.7
2022-11-03,78.238,83.0,57.5341,10.13,37.75,43.7
2022-11-04,80.15,83.0,57.5455,10.13,37.75,43.7
2022-11-07,81.275,83.0,57.5568,10.13,37.75,43.7
2022-11-08,81.68,83.0,57.5682,10.13,37.75,43.7
2022-11-09,81.689,83.0,57.5795,10.13,37.75,43.7
2022-11-10,81.697,83.0,57.5909,10.13,37.75,43.7
2022-11-11,83.361,84.0,57.6023,10.13,37.75,43.7
2022-11-14,84.552,84.0,57.6136,10.13,37.75,43.7
2022-11-15,84.802,84.0,57.625,10.13,37.75,43.7
2022-11-16,84.388,84.0,57.6364,10.13,37.75,43.7
2022-11-17,82.822,84.0,57.6477,10.13,37.75,43.7
2022-11-18,83.246,84.0,57.6591,10.13,37.75,43.7
2022-11-21,82.54,84.0,57.6705,10.13,37.75,43.7
2022-11-22,82.857,84.0,57.6818,10.13,37.75,43.7
2022-11-23,82.556,84.0,57.6932,10.13,37.75,43.7
2022-11-24,82.601,84.0,57.7045,10.13,37.75,43.7
2022-11-25,81.201,84.0,57.7159,10.13,37.75,43.7
2022-11-28,80.225,84.0,57.7273,10.13,37.75,43.7
2022-11-29,80.578,84.0,57.7386,10.13,37.75,43.7
2022-11-30,81.602,84.0,57.75,10.13,37.75,43.7
2022-12-01,81.625,85.0,57.8182,10.13,37.75,43.7
2022-12-02,82.297,85.0,57.8864,10.13,37.75,43.7
2022-12-05,83.119,85.0,57.9545,10.13,37.75,43.7
2022-12-06,82.622,85.0,58.0227,10.13,37.75,43.7
2022-12-07,82.04,85.0,58.0909,10.13,37.75,43.7
2022-12-08,82.105,85.0,58.1591,10.13,37.75,43.7
2022-12-09,82.135,85.0,58.2273,10.13,37.75,43.7
2022-12-12,81.505,85.0,58.2955,10.13,37.75,43.7
2022-12-13,81.278,85.0,58.3636,10.13,37.75,43.7
2022-12-14,81.06,85.0,58.4318,10.13,37.75,43.7
2022-12-15,80.881,85.0,58.5,10.13,37.75,43.7
2022-12-16,80.679,85.0,58.5682,10.13,37.75,43.7
2022-12-19,79.519,85.0,58.6364,10.13,37.75,43.7
2022-12-20,79.42,85.0,58.7045,10.13,37.75,43.7
2022-12-21,79.317,85.0,58.7727,10.13,37.75,43.7
2022-12-22,78.424,85.0,58.8409,10.13,37.75,43.7
2022-12-23,78.376,85.0,58.9091,10.13,37.75,43.7
2022-12-26,76.978,85.0,58.9773,10.13,37.75,43.7
2022-12-27,77.032,85.0,59.0455,10.13,37.75,43.7
2022-12-28,76.341,85.0,59.1136,10.13,37.75,43.7
2022-12-29,76.474,85.0,59.1818,10.13,37.75,43.7
2022-12-30,77.189,85.0,59.25,10.13,37.75,43.7
2023-01-02,74.591,84.5,59.5417,10.13,37.75,43.7
2023-01-03,75.186,84.0,59.8333,10.13,37.75,43.7
2023-01-04,75.459,84.0,60.125,10.13,37.75,43.7
2023-01-05,75.584,84.0,60.4167,10.13,37.75,43.7
2023-01-06,75.715,82.0,60.7083,10.13,37.75,43.7
2023-01-09,74.082,82.0,61.0,10.13,37.75,43.7
2023-01-10,74.086,82.0,61.2917,10.13,37.75,43.7
2023-01-11,74.165,82.0,61.5833,10.13,37.75,43.7
2023-01-12,74.442,81.0,61.875,10.13,37.75,43.7
2023-01-13,71.742,81.0,62.1667,10.13,37.75,43.7
2023-01-16,71.373,81.0,62.4583,10.13,37.75,43.7
2023-01-17,71.373,81.0,62.75,10.13,37.75,43.7
2023-01-18,70.706,81.0,63.0417,10.13,37.75,43.7
2023-01-19,70.374,81.0,63.3333,10.13,37.75,43.7
2023-01-20,70.407,81.0,63.625,10.13,37.75,43.7
2023-01-23,70.296,81.0,63.9167,10.13,37.75,43.7
2023-01-24,70.296,81.0,64.2083,10.13,37.75,43.7
2023-01-25,70.296,81.0,64.5,10.13,37.75,43.7
2023-01-26,70.296,81.0,64.375,10.13,37.75,43.7
2023-01-27,70.296,81.0,64.25,10.13,37.75,43.7
2023-01-30,70.735,81.0,64.125,10.13,37.75,43.7
2023-01-31,70.678,81.0,64.0,10.13,37.75,43.7
2023-02-01,70.384,79.0,63.875,10.13,37.75,43.7
2023-02-02,70.27,79.0,63.75,10.13,37.75,43.7
2023-02-03,70.131,77.0,63.625,10.13,37.75,43.7
2023-02-06,69.683,77.0,63.5,10.13,37.75,43.7
2023-02-07,69.623,77.0,63.375,10.13,37.75,43.7
2023-02-08,69.628,77.0,63.25,10.13,37.75,43.7
2023-02-09,69.723,77.0,63.125,10.13,37.75,43.7
2023-02-10,69.349,77.0,63.0,10.13,37.75,43.7
2023-02-13,69.239,77.0,62.875,10.13,37.75,43.7
2023-02-14,69.349,76.0,62.75,10.13,37.75,43.7
2023-02-15,69.052,76.0,62.625,10.13,37.75,43.7
2023-02-16,68.927,76.0,62.5,10.13,37.75,43.7
2023-02-17,68.691,76.0,62.375,10.13,37.75,43.7
2023-02-20,62.327,76.0,62.25,10.13,37.75,43.7
2023-02-21,61.41,76.0,62.125,10.13,37.75,43.7
2023-02-22,60.573,76.0,62.0,10.13,37.75,43.7
2023-02-23,58.783,76.0,62.0,10.13,37.75,43.7
2023-02-24,56.67,76.0,62.0,10.13,37.75,43.7
2023-02-27,55.015,76.0,62.0,10.13,37.75,43.7
2023-02-28,55.133,76.0,62.0,10.13,37.75,43.7
2023-03-01,55.713,75.0,62.0,10.13,37.75,43.7
2023-03-02,52.894,74.0,62.0,10.13,37.75,43.7
2023-03-03,52.476,73.0,62.0,10.13,37.75,43.7
2023-03-06,51.539,73.0,62.0,10.13,37.75,43.7
2023-03-07,51.545,73.0,62.0,10.13,37.75,43.7
2023-03-08,51.387,72.0,62.0,10.13,37.75,43.7
2023-03-09,51.323,72.0,61.75,10.13,37.75,43.7
2023-03-10,48.561,72.0,61.5,10.13,37.75,43.7
2023-03-13,48.474,71.0,61.25,10.13,37.75,43.7
2023-03-14,48.411,71.0,61.0,10.13,37.75,43.7
2023-03-15,47.45,71.0,60.75,10.13,37.75,43.7
2023-03-16,47.498,71.0,60.5,10.13,37.75,43.7
2023-03-17,46.412,71.0,60.25,10.13,37.75,43.7
2023-03-20,44.694,70.0,60.0,10.13,37.75,43.7
2023-03-21,43.569,70.0,59.75,10.13,37.75,43.7
2023-03-22,42.493,70.0,59.5,10.13,37.75,43.7
2023-03-23,42.829,70.0,59.025,10.13,37.75,43.7
2023-03-24,40.237,69.0,58.55,10.13,37.75,43.7
2023-03-27,39.018,69.0,58.075,10.13,37.75,43.7
2023-03-28,37.877,68.0,57.6,10.13,37.75,43.7
2023-03-29,37.84,68.0,57.125,10.13,37.75,43.7
2023-03-30,35.386,68.0,56.65,10.13,37.75,43.7
2023-03-31,34.401,68.0,56.175,10.13,37.75,43.7
2023-04-03,33.332,61.0,55.7,10.13,37.75,43.7
2023-04-04,32.47,59.0,55.225,10.13,37.75,42.94
2023-04-05,31.616,58.0,54.75,10.13,37.75,42.92
2023-04-06,31.645,53.0,54.75,10.13,37.75,40.36
2023-04-07,31.596,53.0,54.75,10.13,37.75,39.515
2023-04-10,31.625,53.0,54.75,10.13,37.75,38.67
2023-04-11,30.864,53.0,54.75,10.13,37.75,38.77
2023-04-12,30.872,52.0,54.75,10.13,37.75,37.4
2023-04-13,29.441,51.0,54.75,10.13,37.75,35.9
2023-04-14,28.815,47.0,54.75,10.13,37.75,36.43
2023-04-17,28.019,47.0,54.75,10.13,37.75,36.0
2023-04-18,27.271,47.0,54.75,10.13,37.75,35.08
2023-04-19,26.462,46.0,54.75,10.13,37.75,35.3
2023-04-20,26.525,46.0,54.0125,10.13,37.75,35.83
2023-04-21,25.769,46.0,53.275,10.13,37.75,35.83
2023-04-24,25.027,46.0,52.5375,10.13,37.75,35.83
2023-04-25,24.922,46.0,51.8,10.13,37.75,35.88
2023-04-26,23.905,46.0,51.0625,10.13,37.75,35.88
2023-04-27,23.902,46.0,50.325,10.13,37.75,36.83
2023-04-28,24.931,46.0,49.5875,10.13,37.75,36.83
2023-05-01,24.934,41.0,48.85,10.13,37.75,36.83
2023-05-02,25.657,41.0,48.1125,10.13,37.75,36.83
2023-05-03,25.657,41.0,47.375,10.13,36.44,36.44
2023-05-04,25.682,41.0,47.375,10.13,36.48,36.48
2023-05-05,25.69,41.0,47.375,10.13,36.48,36.48
2023-05-08,26.383,41.0,47.375,10.13,36.48,36.48
2023-05-09,27.812,41.0,47.375,10.13,37.07,37.07
2023-05-10,28.523,41.0,47.375,10.13,37.01,37.01
2023-05-11,28.47,41.0,47.375,10.13,37.01,37.01
2023-05-12,29.126,42.0,47.375,10.13,37.84,37.84
2023-05-15,29.847,42.0,47.375,10.13,37.84,37.84
2023-05-16,31.227,42.0,47.375,10.13,37.84,37.84
2023-05-17,32.519,42.0,47.375,10.13,38.5,37.84
2023-05-18,32.373,43.0,47.625,10.13,38.5,37.84
2023-05-19,32.442,44.0,47.875,10.13,50.0,46.46
2023-05-22,32.363,44.0,48.125,10.13,40.0,38.96
2023-05-23,32.25,43.0,48.375,10.13,40.0,38.96
2023-05-24,32.276,43.0,48.625,10.13,39.5,38.59
2023-05-25,32.172,43.0,48.875,10.13,39.5,38.59
2023-05-26,32.24,43.0,49.125,10.13,37.25,36.9
2023-05-29,42.044,43.0,49.375,10.13,39.76,39.76
2023-05-30,42.023,43.0,49.625,10.13,38.75,38.03
2023-05-31,41.856,43.0,49.875,10.13,38.75,38.03
2023-06-01,41.837,47.0,49.5125,10.13,38.02,38.02
2023-06-02,42.098,46.0,49.15,10.13,37.64,37.64
2023-06-05,41.803,46.0,48.7875,10.13,40.74,40.74
2023-06-06,41.802,46.0,48.425,10.13,40.27,40.27
2023-06-07,41.827,47.0,48.0625,10.13,42.52,42.52
2023-06-08,41.732,47.0,47.7,10.13,43.93,43.93
2023-06-09,41.735,47.0,47.3375,10.13,43.93,43.93
2023-06-12,43.75,47.0,46.975,10.13,43.93,43.93
2023-06-13,43.706,47.0,46.6125,10.13,43.93,43.93
2023-06-14,43.654,47.0,46.25,10.13,43.13,43.13
2023-06-15,43.637,47.0,46.3625,10.13,47.24,47.24
2023-06-16,43.863,46.0,46.475,10.13,47.24,47.24
2023-06-19,43.657,46.5,46.5875,10.13,47.45,47.45
2023-06-20,43.546,47.0,46.7,10.13,47.45,47.45
2023-06-21,43.479,47.0,46.8125,10.13,47.45,47.45
2023-06-22,43.244,47.0,46.925,10.13,46.41,46.64
2023-06-23,43.244,47.0,47.0375,10.13,46.41,46.64
2023-06-26,42.926,47.0,47.15,10.13,46.41,46.64
2023-06-27,43.031,47.0,47.2625,10.13,46.41,46.64
2023-06-28,42.434,47.0,47.375,10.13,46.1,46.32
2023-06-29,42.501,47.0,47.375,10.13,46.1,46.32
2023-06-30,42.305,47.0,47.375,10.13,52.03,52.72
2023-07-03,42.42,46.0,47.375,10.13,52.26,52.72
2023-07-04,42.598,46.0,47.375,10.13,52.49,52.94
2023-07-05,42.452,46.0,47.375,10.13,52.26,52.72
2023-07-06,42.52,46.0,47.375,10.13,53.04,53.04
2023-07-07,42.504,45.0,47.375,10.13,53.04,53.04
2023-07-10,42.488,45.0,47.375,10.13,53.04,53.04
2023-07-11,42.701,44.0,47.375,10.13,53.17,53.17
2023-07-12,42.753,44.0,47.375,10.13,53.32,53.32
2023-07-13,42.928,44.0,46.6125,10.13,53.67,53.67
2023-07-14,43.093,44.0,45.85,10.13,53.29,53.29
2023-07-17,42.917,44.0,45.0875,10.13,53.26,53.26
2023-07-18,42.857,44.0,44.325,10.13,51.76,51.76
2023-07-19,41.487,44.0,43.5625,10.13,49.48,49.48
2023-07-20,41.795,44.0,42.8,10.13,51.35,51.35
2023-07-21,41.716,43.0,42.0375,10.13,50.22,50.22
2023-07-24,40.979,43.0,41.275,10.13,44.79,44.79
2023-07-25,41.232,43.0,40.5125,10.13,41.06,41.06
2023-07-26,40.197,43.0,39.75,10.13,39.87,39.87
2023-07-27,39.529,43.0,39.75,10.13,39.7,39.7
2023-07-28,38.773,43.0,39.75,10.13,40.95,40.95
2023-07-31,37.695,43.0,39.75,10.13,43.1,43.1
2023-08-01,36.906,39.0,39.75,10.13,44.18,44.18
2023-08-02,36.856,39.0,39.75,10.13,45.95,45.95
2023-08-03,36.882,39.0,39.75,10.13,44.11,44.11
2023-08-04,36.808,38.0,39.75,10.13,44.11,44.11
2023-08-07,36.79,38.0,39.75,10.13,42.88,42.88
2023-08-08,36.646,37.0,39.75,10.13,42.53,42.53
2023-08-09,36.014,37.0,39.75,10.13,42.72,42.72
2023-08-10,35.304,37.0,39.75,10.13,42.53,42.53
2023-08-11,35.189,37.0,39.75,10.13,42.44,42.44
2023-08-14,35.055,36.0,39.75,10.13,41.13,41.13
2023-08-15,34.928,36.0,39.75,10.13,40.38,40.38
2023-08-16,34.875,36.0,39.75,10.13,38.15,38.15
2023-08-17,32.198,36.0,39.75,10.13,36.53,36.53
2023-08-18,32.177,35.0,39.75,10.13,36.53,36.53
2023-08-21,29.859,35.0,39.75,10.13,36.17,36.17
2023-08-22,29.829,35.0,39.75,10.13,37.47,37.47
2023-08-23,29.833,35.0,39.75,10.13,36.36,36.36
2023-08-24,29.877,35.0,39.4,10.13,36.73,36.73
2023-08-25,29.839,35.0,39.05,10.13,36.73,36.73
2023-08-28,29.821,35.0,38.7,10.13,37.2,37.2
2023-08-29,28.996,35.0,38.35,10.13,37.2,37.2
2023-08-30,29.015,35.0,38.0,10.13,36.02,36.02
2023-08-31,29.024,35.0,37.65,10.13,36.02,36.02
2023-09-01,27.772,30.0,37.3,10.13,35.8,35.8
2023-09-04,27.715,30.0,36.95,10.13,34.95,34.95
2023-09-05,27.588,30.0,36.6,10.13,34.95,34.95
2023-09-06,27.59,30.0,36.25,10.13,35.81,35.36
2023-09-07,10.297,29.0,36.1,10.13,35.81,35.36
2023-09-08,10.297,29.0,35.95,10.13,35.0,34.47
2023-09-11,15.5407,29.0,35.8,10.13,34.06,33.61
2023-09-12,20.7843,29.0,35.65,10.13,33.3,32.74
2023-09-13,26.028,29.0,35.5,10.13,31.44,31.07
2023-09-14,25.625,29.0,35.35,10.13,31.44,31.07
2023-09-15,25.628,29.0,35.2,10.13,30.43,30.06
2023-09-18,25.425,29.0,35.05,10.13,30.58,30.21
2023-09-19,25.03,29.0,34.9,10.13,30.69,30.32
2023-09-20,24.473,28.0,34.75,10.13,30.21,29.83
2023-09-21,24.434,28.0,34.55,10.13,27.83,27.34
2023-09-22,24.439,28.0,34.35,10.13,27.83,27.34
2023-09-25,23.599,28.0,34.15,10.13,25.29,25.11
2023-09-26,23.189,28.0,33.95,10.13,24.54,24.36
2023-09-27,23.184,28.0,33.75,10.13,24.01,23.82
2023-09-28,22.797,28.0,33.55,10.13,23.58,23.41
2023-09-29,22.814,28.0,33.35,10.13,23.58,23.41
2023-10-02,22.814,25.0,33.15,10.13,22.81,22.7
2023-10-03,22.813,25.0,32.95,9.67,22.77,22.66
2023-10-04,22.814,25.0,32.75,11.72,22.77,22.66
2023-10-05,22.813,25.0,32.3,10.9,23.11,22.96
2023-10-06,22.814,25.0,31.85,11.49,23.22,23.07
2023-10-09,22.836,25.0,31.4,11.07,23.08,22.93
2023-10-10,22.811,28.0,30.95,10.7,23.08,22.93
2023-10-11,22.801,24.0,30.5,9.86,23.29,23.14
2023-10-12,22.809,24.0,30.05,9.58,23.29,23.14
2023-10-13,22.786,24.0,29.6,8.68,23.96,23.77
2023-10-16,22.769,24.0,29.15,9.33,24.6,24.45
2023-10-17,23.589,24.0,28.7,9.1,23.27,23.19
2023-10-18,23.857,24.0,28.25,8.16,23.32,23.25
2023-10-19,23.855,24.0,28.25,7.12,21.83,21.68
2023-10-20,23.441,24.0,28.25,6.96,20.96,20.81
2023-10-23,23.441,24.0,28.25,6.55,20.96,20.81
2023-10-24,22.504,24.0,28.25,6.74,21.04,20.89
2023-10-25,22.482,24.0,28.25,6.83,20.93,20.55
2023-10-26,22.613,24.0,28.25,6.76,20.93,20.36
2023-10-27,22.477,24.0,28.25,6.85,19.98,19.9
2023-10-30,22.346,24.0,28.25,6.71,19.98,19.9
2023-10-31,22.349,24.0,28.25,6.7,19.95,19.88
2023-11-01,22.339,22.0,28.25,6.6,18.23,18.15
2023-11-02,22.345,22.0,28.25,7.04,18.1,18.02
2023-11-03,22.38,22.0,28.25,7.36,17.96,17.89
2023-11-06,22.351,22.0,28.25,7.16,18.88,18.81
2023-11-07,22.172,22.0,28.25,7.25,18.88,18.81
2023-11-08,21.63,22.0,28.25,7.5,18.81,18.49
2023-11-09,21.07,22.0,28.25,7.1,18.62,18.41
2023-11-10,20.783,22.0,28.25,7.37,18.7,18.62
2023-11-13,20.368,22.0,28.25,7.18,18.85,18.77
2023-11-14,20.372,21.0,28.25,7.47,18.85,18.77
2023-11-15,20.507,21.0,28.25,7.54,19.87,18.88
2023-11-16,19.93,21.0,27.8,6.95,19.0,18.88
2023-11-17,19.758,21.0,27.35,7.21,18.92,18.81
2023-11-20,19.868,21.0,26.9,7.26,19.35,19.04
2023-11-21,19.683,21.0,26.45,7.06,19.16,18.85
2023-11-22,19.23,21.0,26.0,6.99,19.61,18.32
2023-11-23,18.695,21.0,25.55,7.035,18.71,17.69
2023-11-24,18.242,21.0,25.1,7.08,18.74,17.71
2023-11-27,17.685,21.0,24.65,6.65,18.41,17.61
2023-11-28,17.684,21.0,24.2,6.51,18.19,17.39
2023-11-29,17.748,21.0,23.75,6.6,17.85,16.94
2023-11-30,16.605,21.0,23.375,6.45,17.4,16.8
2023-12-01,16.59,18.0,23.0,6.52,19.22,17.93
2023-12-04,15.759,18.0,22.625,6.44,17.07,16.47
2023-12-05,15.19,18.0,22.25,6.21,17.16,16.56
2023-12-06,14.459,18.0,21.875,6.42,16.11,15.77
2023-12-07,13.767,18.0,21.5,6.41,15.99,15.28
2023-12-08,13.754,17.0,21.125,6.63,16.71,16.18
2023-12-11,13.725,17.0,20.75,6.08,17.31,16.78
2023-12-12,13.742,17.0,20.375,5.83,17.31,16.78
2023-12-13,13.584,17.0,20.0,6.44,17.12,16.63
2023-12-14,13.672,17.0,19.875,6.6,15.88,16.86
2023-12-15,13.716,17.0,19.75,6.73,17.44,16.91
2023-12-18,13.665,17.0,19.625,6.49,17.44,16.91
2023-12-19,13.663,16.0,19.5,6.7,17.59,17.06
2023-12-20,13.659,16.0,19.375,6.17,18.26,17.83
2023-12-21,13.653,16.0,19.25,6.48,18.26,17.83
2023-12-22,13.527,16.0,19.125,6.5,18.26,17.83
2023-12-25,13.59,16.5,19.0,6.6,18.26,17.83
2023-12-26,13.507,17.0,18.875,6.7,18.26,17.83
2023-12-27,13.501,17.0,18.75,6.78,18.26,17.83
2023-12-28,13.589,17.0,18.475,6.6,18.26,17.83
2023-12-29,13.593,17.0,18.2,6.4,18.34,18.0
2024-01-01,13.625,16.5,17.925,6.365,17.795,17.55
2024-01-02,13.51,16.0,17.65,6.33,17.25,17.1
2024-01-03,13.501,16.0,17.375,6.16,18.1,17.79
2024-01-04,13.494,16.0,17.1,6.1,17.89,17.63
2024-01-05,13.489,15.0,16.825,6.07,17.66,17.4
2024-01-08,13.474,15.0,16.55,6.11,17.55,17.29
2024-01-09,13.329,15.0,16.275,5.98,17.18,16.91
2024-01-10,13.32,15.0,16.0,5.87,16.91,16.65
2024-01-11,13.342,15.0,16.0,5.39,16.73,16.36
2024-01-12,13.32,15.0,16.0,5.52,16.77,16.4
2024-01-15,13.31,15.0,16.0,5.365,16.44,16.13
2024-01-16,13.283,15.0,16.0,5.21,16.44,16.13
2024-01-17,13.273,15.0,16.0,5.03,16.44,15.29
2024-01-18,13.275,16.0,16.0,4.87,16.41,16.09
2024-01-19,13.28,15.0,16.0,4.54,16.03,15.75
2024-01-22,13.273,15.0,16.0,4.61,16.03,15.75
2024-01-23,13.317,15.0,16.0,4.55,15.96,15.08
2024-01-24,13.346,15.0,16.0,4.73,16.05,15.91
2024-01-25,13.321,15.0,15.925,4.62,16.12,15.46
2024-01-26,13.311,14.0,15.85,4.61,15.7,15.3
2024-01-29,13.302,14.0,15.775,4.71,15.7,15.96
2024-01-30,13.302,14.0,15.7,4.52,15.54,15.45
2024-01-31,13.304,14.0,15.625,4.36,15.64,15.54
2024-02-01,13.297,13.0,15.55,4.35,15.64,15.62
2024-02-02,13.306,13.0,15.475,4.21,15.32,15.51
2024-02-05,13.267,13.0,15.4,3.83,14.91,15.54
2024-02-06,13.562,13.0,15.325,4.09,14.76,14.47
2024-02-07,13.552,13.0,15.25,4.07,15.21,15.55
2024-02-08,13.548,13.0,15.1,4.12,14.98,15.47
2024-02-09,13.554,13.0,14.95,4.23,14.98,15.47
2024-02-12,13.554,13.0,14.8,4.53,14.98,15.47
2024-02-13,13.554,13.0,14.65,4.17,14.87,14.91
2024-02-14,13.554,13.0,14.5,4.52,14.7,15.0
2024-02-15,13.554,13.0,14.35,4.55,14.7,15.0
2024-02-16,13.554,13.0,14.2,4.6,14.93,15.21
2024-02-19,13.544,13.0,14.05,4.45,14.93,15.21
2024-02-20,13.55,13.0,13.9,4.3,14.87,15.09
2024-02-21,13.28,13.0,13.75,4.33,14.66,14.63
2024-02-22,13.279,13.0,13.75,4.21,14.85,14.97
2024-02-23,13.269,13.0,13.75,4.3,14.82,15.09
2024-02-26,13.27,13.0,13.75,4.41,14.86,15.16
2024-02-27,13.268,13.0,13.75,4.61,14.86,15.16
2024-02-28,13.404,13.0,13.75,4.76,15.47,16.03
2024-02-29,13.691,13.0,13.75,5.48,15.97,16.35
2024-03-01,14.1,15.0,13.75,5.65,17.47,17.1
2024-03-04,15.071,14.0,13.75,5.43,17.54,17.12
2024-03-05,15.071,15.0,13.75,4.96,17.57,17.1
2024-03-06,15.071,14.0,13.75,5.36,17.23,16.92
2024-03-07,15.074,14.0,13.75,5.34,17.15,16.89
2024-03-08,15.091,14.0,13.75,5.32,17.14,16.78
2024-03-11,15.11,14.0,13.75,5.83,17.23,16.71
2024-03-12,15.4,14.0,13.75,5.63,17.34,17.0
2024-03-13,15.641,14.0,13.75,5.73,17.34,17.0
2024-03-14,16.062,14.0,13.75,5.99,17.57,17.3
2024-03-15,16.189,14.0,13.75,6.47,17.03,16.74
2024-03-18,15.768,14.0,13.75,5.73,16.93,16.64
2024-03-19,16.044,13.0,13.75,5.56,17.08,16.64
2024-03-20,16.046,13.0,13.75,5.99,16.86,16.56
2024-03-21,16.044,13.0,13.7175,6.41,17.08,16.71
2024-03-22,15.976,13.0,13.685,6.93,17.23,16.64
2024-03-25,15.879,13.0,13.6525,6.86,16.97,16.47
2024-03-26,15.169,13.0,13.62,6.62,16.37,15.68
2024-03-27,15.15,13.0,13.5875,6.74,16.43,15.69
2024-03-28,14.871,13.0,13.555,6.72,16.41,15.66
2024-03-29,15.152,13.0,13.5225,6.87,16.41,15.675
2024-04-01,14.868,13.0,13.49,7.02,16.41,15.69
2024-04-02,14.856,13.0,13.4575,7.05,15.83,15.68
2024-04-03,14.995,14.0,13.425,7.09,15.84,15.69
2024-04-04,15.135,14.0,13.46,6.72,15.84,15.61
2024-04-05,15.135,13.0,13.495,6.82,15.84,15.62
2024-04-08,15.14,13.0,13.53,6.68,15.84,15.62
2024-04-09,15.553,13.0,13.565,6.96,15.84,15.62
2024-04-10,15.554,14.0,13.6,7.19,15.77,15.63
2024-04-11,15.545,14.0,13.635,7.34,15.84,15.69
2024-04-12,15.406,14.0,13.67,7.08,16.01,15.43
2024-04-15,15.403,14.0,13.705,6.81,16.01,15.72
2024-04-16,15.404,14.0,13.74,6.49,16.12,15.87
2024-04-17,15.403,14.0,13.775,6.63,16.09,15.6
2024-04-18,15.405,14.0,13.765,4.66,16.01,15.72
2024-04-19,15.26,14.0,13.755,4.73,16.01,15.54
2024-04-22,15.255,14.0,13.745,4.75,16.01,15.57
2024-04-23,15.248,14.0,13.735,4.68,16.01,15.57
2024-04-24,15.25,14.0,13.725,4.49,15.94,15.43
2024-04-25,15.249,14.0,13.715,4.42,15.88,15.5
2024-04-26,15.249,14.0,13.705,4.62,15.88,15.5
2024-04-29,15.26,14.0,13.695,4.57,16.25,15.97
2024-04-30,15.26,14.0,13.685,4.41,16.53,16.12
2024-05-01,15.26,14.0,13.675,4.35,16.25,16.03
2024-05-02,15.26,14.0,13.675,4.49,16.03,16.0
2024-05-03,15.26,14.0,13.675,4.49,16.06,16.03
2024-05-06,15.333,14.0,13.675,4.44,16.06,16.03
2024-05-07,15.309,14.0,13.675,4.54,16.06,16.03
2024-05-08,15.288,15.0,13.675,4.32,15.98,15.86
2024-05-09,15.291,14.0,13.675,4.45,15.92,15.79
2024-05-10,15.136,14.0,13.675,4.36,15.92,15.77
2024-05-13,15.024,14.0,13.675,4.4,15.84,15.7
2024-05-14,14.811,14.0,13.675,4.57,15.6,15.03
2024-05-15,14.598,14.0,13.675,4.39,15.53,15.03
2024-05-16,14.58,14.0,13.675,4.43,15.49,14.99
2024-05-17,14.5778,14.0,13.675,4.47,15.38,14.94
2024-05-20,14.5755,14.0,13.675,4.37,15.41,14.81
2024-05-21,14.5732,14.0,13.675,4.25,15.41,14.94
2024-05-22,14.571,14.0,13.675,4.05,15.4,15.22
2024-05-23,14.564,14.0,13.675,3.8,15.34,15.17
2024-05-24,14.564,14.0,13.675,3.91,15.3,15.11
2024-05-27,14.561,14.0,13.675,3.77,15.34,14.99
2024-05-28,14.553,14.0,13.675,3.63,15.34,14.99
2024-05-29,14.5615,14.0,13.675,3.35,15.26,15.01
2024-05-30,14.57,14.0,13.675,3.36,15.23,14.97
2024-05-31,14.559,14.0,13.675,3.39,15.21,14.82
2024-06-03,14.299,14.0,13.675,3.29,15.13,14.79
2024-06-04,14.212,14.0,13.675,3.18,14.98,14.74
2024-06-05,14.01,14.0,13.675,3.17,14.78,14.5
2024-06-06,14.016,14.0,13.675,3.1,15.21,14.97
2024-06-07,14.004,14.0,13.675,3.04,15.21,14.78
2024-06-10,13.9295,14.0,13.675,3.07,15.23,14.71
2024-06-11,13.855,14.0,13.675,2.98,15.06,14.67
2024-06-12,13.444,14.0,13.675,2.99,15.09,14.56
2024-06-13,13.439,14.0,13.5575,2.93,15.0,14.47
2024-06-14,13.437,14.0,13.44,2.78,15.0,14.29
2024-06-17,13.3675,14.0,13.3225,2.8,15.0,14.47
2024-06-18,13.298,14.0,13.205,2.81,14.79,14.06
2024-06-19,13.153,14.0,13.0875,2.825,14.84,13.98
2024-06-20,13.015,14.0,12.97,2.84,14.84,13.98
2024-06-21,12.88,14.0,12.8525,2.85,14.77,13.94
2024-06-24,12.736,14.0,12.735,2.76,14.33,14.03
2024-06-25,12.592,13.0,12.6175,2.61,14.28,13.85
2024-06-26,12.588,13.0,12.5,2.71,14.17,13.59
2024-06-27,12.599,13.0,12.436,2.78,13.99,13.6
2024-06-28,12.589,13.0,12.372,2.68,13.94,13.6
2024-07-01,12.584,13.0,12.308,2.65,13.87,13.48
2024-07-02,12.58,12.0,12.244,2.53,14.28,13.88
2024-07-03,12.586,12.0,12.18,2.7,13.83,13.49
2024-07-04,12.592,12.0,12.116,2.675,13.83,13.46
2024-07-05,12.576,12.0,12.052,2.65,13.83,13.46
2024-07-08,12.5363,13.0,11.988,2.64,13.87,13.45
2024-07-09,12.4967,13.0,11.924,2.54,13.53,13.46
2024-07-10,12.457,12.0,11.86,2.58,13.86,13.64
2024-07-11,12.478,12.0,11.829,2.71,13.59,13.35
2024-07-12,12.462,12.0,11.798,2.76,13.71,13.35
2024-07-15,12.179,12.0,11.767,2.9,13.91,13.34
2024-07-16,11.916,12.0,11.736,3.21,13.55,13.06
2024-07-17,11.918,12.0,11.705,3.04,13.36,12.92
2024-07-18,11.756,12.0,11.674,2.86,13.32,12.82
2024-07-19,11.7545,12.0,11.643,2.84,13.25,12.66
2024-07-22,11.753,12.0,11.612,2.85,13.25,12.82
2024-07-23,11.75,12.0,11.581,2.83,13.66,13.39
2024-07-24,11.844,12.0,11.55,2.66,13.66,13.39
2024-07-25,11.79,12.0,11.55,2.73,13.66,13.39
2024-07-26,11.779,12.0,11.55,2.83,13.68,13.37
2024-07-29,11.792,12.0,11.55,2.71,13.89,13.39
2024-07-30,11.563,12.0,11.55,2.6,13.81,13.39
2024-07-31,11.244,12.0,11.55,2.71,13.75,13.39
2024-08-01,11.307,12.0,11.55,2.55,13.57,13.19
2024-08-02,11.17,12.0,11.55,2.4,13.18,13.19
2024-08-05,11.115,12.0,11.55,2.31,13.47,13.19
2024-08-06,11.073,12.0,11.55,2.29,13.37,13.19
2024-08-07,11.084,11.0,11.55,2.23,13.37,13.19
2024-08-08,10.948,11.0,11.4325,2.28,13.4,13.14
2024-08-09,10.794,11.0,11.315,2.19,13.16,13.14
2024-08-12,10.717,11.0,11.1975,2.13,13.13,13.14
2024-08-13,10.698,11.0,11.08,2.32,13.03,13.14
2024-08-14,10.679,11.0,10.9625,2.21,13.03,13.14
2024-08-15,10.4855,11.0,10.845,2.39,12.68,12.64
2024-08-16,10.292,11.0,10.7275,2.57,12.55,12.64
2024-08-19,10.287,11.0,10.61,2.63,12.4,12.64
2024-08-20,10.302,11.0,10.4925,2.52,12.59,12.64
2024-08-21,10.296,11.0,10.375,2.8,12.62,12.64
2024-08-22,10.439,11.0,10.375,2.64,12.55,12.64
2024-08-23,10.391,11.0,10.375,2.72,12.51,12.26
2024-08-26,10.384,11.0,10.375,2.76,12.68,12.22
2024-08-27,10.383,11.0,10.375,2.64,12.71,12.36
2024-08-28,10.432,11.0,10.375,2.54,12.57,12.18
2024-08-29,10.51,11.0,10.375,2.59,12.61,12.29
2024-08-30,10.542,11.0,10.375,2.45,12.61,12.4
2024-09-02,10.528,11.0,10.375,2.36,12.89,12.58
2024-09-03,10.538,11.0,10.375,2.27,12.89,12.58
2024-09-04,10.587,11.0,10.375,2.36,12.54,12.2
2024-09-05,10.387,10.0,10.375,2.31,12.37,11.98
2024-09-06,10.187,10.0,10.375,2.24,12.13,11.5
2024-09-09,10.044,10.0,10.375,2.18,11.77,11.35
2024-09-10,10.054,10.0,10.375,2.21,11.72,11.54
2024-09-11,10.041,10.0,10.375,2.34,12.33,11.88
2024-09-12,10.217,10.0,10.375,2.47,12.67,12.27
2024-09-13,10.235,10.0,10.375,2.39,12.64,12.11
2024-09-16,10.2437,10.0,10.375,2.38,12.48,12.09
2024-09-17,10.2523,10.0,10.375,2.42,12.39,12.02
2024-09-18,10.261,10.0,10.375,2.34,12.37,11.94
2024-09-19,10.275,10.0,10.375,2.4,12.36,12.11
2024-09-20,10.277,10.0,10.375,2.29,12.34,12.03
2024-09-23,10.309,10.0,10.375,2.31,12.39,11.94
2024-09-24,10.313,10.0,10.375,2.46,12.43,11.94
2024-09-25,10.339,10.0,10.375,2.41,12.47,12.13
2024-09-26,10.483,10.0,10.375,2.72,12.54,12.02
2024-09-27,10.706,10.0,10.375,2.66,12.58,12.06
2024-09-30,10.723,10.0,10.375,2.7,12.65,12.06
2024-10-01,10.74,10.0,10.375,2.57,12.55,12.36
2024-10-02,10.757,10.0,10.375,2.59,12.67,12.33
2024-10-03,10.774,10.0,10.2375,2.52,12.67,12.32
2024-10-04,10.791,10.0,10.1,2.7,12.64,12.26
2024-10-07,10.808,10.0,9.9625,2.94,12.62,12.26
2024-10-08,10.825,10.0,9.825,2.71,12.68,12.28
2024-10-09,10.824,10.0,9.6875,2.69,12.6,12.14
2024-10-10,10.705,10.0,9.55,2.67,12.35,11.94
2024-10-11,10.586,10.0,9.4125,2.9,12.24,11.76
2024-10-14,10.469,10.0,9.275,2.81,12.13,11.61
2024-10-15,10.474,10.0,9.1375,2.67,12.16,11.59
2024-10-16,10.321,10.0,9.0,3.29,12.17,11.58
2024-10-17,10.205,10.0,9.0,3.24,12.09,11.48
2024-10-18,10.052,10.0,9.0,3.14,12.01,11.35
2024-10-21,10.041,10.0,9.0,3.01,12.04,11.53
2024-10-22,10.03,10.0,9.0,3.33,12.0,11.61
2024-10-23,10.033,10.0,9.0,3.18,11.89,11.67
2024-10-24,10.075,10.0,9.0,3.41,11.97,11.7
2024-10-25,10.117,10.0,9.0,3.68,11.97,11.52
2024-10-28,10.159,10.0,9.0,4.14,12.04,11.52
2024-10-29,10.175,10.0,9.0,4.51,12.04,11.48
2024-10-30,10.189,10.0,9.0,4.11,12.04,11.42
2024-10-31,10.195,9.0,9.0,4.08,12.04,11.42
2024-11-01,10.008,9.0,9.0,4.27,11.87,11.16
2024-11-04,10.0805,9.0,9.0,4.2,11.61,11.22
2024-11-05,10.153,9.0,9.0,4.17,11.77,11.1
2024-11-06,10.2255,9.0,9.0,3.95,11.77,11.13
2024-11-07,10.298,9.0,9.0,4.09,11.65,11.03
2024-11-08,10.3705,9.0,9.0,3.92,11.53,11.36
2024-11-11,10.443,9.0,9.0,4.23,11.47,10.92
2024-11-12,10.5155,9.0,9.0,4.09,11.56,11.1
2024-11-13,10.588,9.0,9.0,4.22,11.47,11.31
2024-11-14,10.6605,9.0,9.06,3.87,11.94,11.37
2024-11-15,10.733,9.0,9.12,3.72,11.76,11.13
2024-11-18,10.8055,9.0,9.18,3.62,11.53,11.0
2024-11-19,10.878,9.0,9.24,3.74,11.61,11.05
2024-11-20,10.91,9.0,9.3,3.65,11.76,11.17
2024-11-21,10.967,9.0,9.36,3.88,11.64,11.19
2024-11-22,10.915,9.0,9.42,3.97,11.7,11.23
2024-11-25,10.92,9.0,9.48,4.04,11.62,11.43
2024-11-26,10.886,9.0,9.54,3.9,11.66,11.43
2024-11-27,10.841,9.0,9.6,3.95,11.62,11.41
2024-11-28,10.788,9.0,9.64,3.97,11.6,11.22
2024-11-29,10.799,9.0,9.68,3.99,11.6,11.22
2024-12-02,10.779,9.0,9.72,3.95,11.31,11.19
2024-12-03,10.74,10.0,9.76,3.88,11.11,11.11
2024-12-04,10.739,9.0,9.8,3.67,11.11,11.27
2024-12-05,10.612,9.0,9.84,3.53,11.42,11.55
2024-12-06,10.587,9.0,9.88,3.48,11.37,11.66
2024-12-09,10.529,9.0,9.92,3.62,11.38,11.46
2024-12-10,10.566,9.0,9.96,3.58,11.46,11.58
2024-12-11,10.537,9.0,10.0,3.37,11.46,11.46
2024-12-12,10.531,10.0,10.0,3.32,11.42,11.38
2024-12-13,10.503,10.0,10.0,3.25,11.55,11.35
2024-12-16,10.435,10.0,10.0,3.24,11.44,11.47
2024-12-17,10.42,10.0,10.0,3.13,11.44,11.47
2024-12-18,10.412,9.0,10.0,2.93,11.55,11.37
2024-12-19,10.346,9.0,10.0,2.94,11.6,11.56
2024-12-20,10.351,9.0,10.0,2.97,11.62,11.29
2024-12-23,10.35,9.0,10.0,3.17,11.59,11.26
2024-12-24,10.361,9.0,10.0,3.16,11.63,11.47
2024-12-25,10.519,9.0,10.0,3.16,11.555,11.47
2024-12-26,10.358,9.0,10.0,3.16,11.48,11.47
2024-12-27,10.35,9.0,10.0,3.09,11.48,11.47
2024-12-30,10.282,9.0,10.0,3.0,11.67,11.57
2024-12-31,10.44,9.0,10.0,2.97,11.67,11.57
2025-01-02,10.44,10.0,10.0,3.06,11.95,11.45
2025-01-03,10.44,10.0,10.0,3.17,11.9,11.45
2025-01-06,10.44,10.0,10.0,3.41,11.66,11.11
2025-01-07,10.44,10.0,10.0,3.43,11.65,11.14
2025-01-08,10.44,10.0,10.0,3.29,11.54,11.13
2025-01-09,10.44,9.0,10.0,3.215,11.51,11.14
2025-01-10,10.44,9.0,10.0,3.14,11.41,11.01
2025-01-13,10.44,9.0,10.0,3.2,11.41,11.06
2025-01-14,10.44,9.0,10.0,3.28,11.5,11.05
2025-01-15,10.44,9.0,10.0,3.39,11.45,10.99
2025-01-16,10.44,9.0,10.0,3.44,11.6,11.14
2025-01-17,10.44,9.0,10.0,3.49,11.53,11.1
2025-01-20,10.44,9.0,10.0,3.345,11.55,11.05
2025-01-21,10.44,9.0,10.0,3.2,11.6,11.13
2025-01-22,10.44,9.0,10.0,3.11,11.63,11.07
2025-01-23,10.44,9.0,10.0,3.18,11.5,11.0
2025-01-24,10.44,9.0,10.0,3.15,11.47,10.99
2025-01-27,10.44,9.0,10.0,3.07,11.45,10.99
2025-01-28,10.44,9.0,10.0,3.05,11.45,10.99
2025-01-29,10.44,9.0,10.0,2.97,11.38,10.97
2025-01-30,10.44,9.0,10.0,3.02,11.35,10.94
2025-01-31,10.44,9.0,10.0,3.0,11.34,10.95
2025-02-03,10.44,10.0,10.0,2.87,11.26,10.92
2025-02-04,10.44,10.0,10.0,3.06,11.34,10.93
2025-02-05,10.44,10.0,10.0,3.1,11.23,10.82
2025-02-06,10.44,9.0,10.0,3.07,10.96,10.74
2025-02-07,10.44,9.0,10.0,3.03,10.96,10.6
2025-02-10,10.44,9.0,10.0,2.97,10.95,10.6
2025-02-11,10.44,9.0,10.0,2.9,10.95,10.49
2025-02-12,10.44,9.0,10.0,3.03,10.62,10.34
2025-02-13,10.44,9.0,10.0,3.13,10.74,10.26
2025-02-14,10.44,9.0,10.0,3.0,10.7,10.42
2025-02-17,10.44,9.0,10.0,3.035,10.71,10.35
2025-02-18,10.44,9.0,10.0,3.07,10.71,10.35
2025-02-19,10.44,9.0,10.0,3.08,10.71,10.34
2025-02-20,10.44,9.0,10.0,3.05,10.71,10.34
2025-02-21,10.44,9.0,10.0,2.96,10.68,10.44
2025-02-24,10.44,9.0,10.0,2.87,10.49,10.39
2025-02-25,10.44,9.0,10.0,2.76,10.56,10.34
2025-02-26,10.44,9.0,10.0,2.81,10.53,10.36
2025-02-27,10.44,9.0,10.0,2.74,10.51,10.37
2025-02-28,10.44,9.0,10.0,2.65,10.45,10.4
2025-03-03,10.44,9.0,10.0,2.52,10.34,10.01
2025-03-04,10.44,9.0,10.0,2.56,10.35,9.83
2025-03-05,10.44,9.0,10.0,2.84,10.26,9.77
2025-03-06,10.44,9.0,10.0,3.05,10.2,9.72
2025-03-07,10.44,9.0,10.0,3.09,10.33,9.7
2025-03-10,10.44,9.0,10.0,2.87,10.46,9.68
2025-03-11,10.44,9.0,10.0,2.94,10.43,9.68
2025-03-12,10.44,9.0,10.0,2.89,10.6,9.67
2025-03-13,10.44,9.0,10.0,2.79,10.45,9.66
2025-03-14,10.44,9.0,10.0,2.9,10.5,9.66
2025-03-17,10.44,9.0,10.0,3.02,10.48,9.65
2025-03-18,10.44,9.0,10.0,3.03,10.24,9.65
2025-03-19,10.44,9.0,10.0,3.03,10.24,9.64
2025-03-20,10.44,9.0,10.0,2.96,10.18,9.63
2025-03-21,10.44,9.0,10.0,3.01,10.05,9.63
2025-03-24,10.44,9.0,10.0,2.97,9.74,9.62
2025-03-25,10.44,9.0,10.0,2.94,9.75,9.62
2025-03-26,10.44,9.0,10.0,2.85,9.77,9.62
2025-03-27,10.44,9.0,10.0,2.87,9.77,9.62
2025-03-28,10.44,9.0,10.0,2.7,9.95,9.46
2025-03-31,10.44,9.0,10.0,2.71,9.95,9.46
2025-04-01,10.44,10.0,10.0,2.76,9.95,9.46
2025-04-02,10.44,9.0,10.0,2.76,9.95,9.46
2025-04-03,10.44,9.0,10.0,2.7,9.95,9.46
2025-04-04,10.44,9.0,10.0,2.56,9.95,9.46
2025-04-07,10.44,9.0,10.0,2.62,9.95,9.46
2025-04-08,10.44,9.0,10.0,2.34,9.95,9.46
2025-04-09,10.44,9.0,10.0,2.72,9.95,9.46
2025-04-10,10.44,9.0,10.0,2.53,9.95,9.46
2025-04-11,10.44,9.0,10.0,2.7,9.95,9.46
2025-04-14,10.44,9.0,10.0,2.72,9.95,9.46
2025-04-15,10.44,9.0,10.0,2.63,9.95,9.46
2025-04-16,10.44,9.0,10.0,2.7,9.95,9.46
2025-04-17,10.44,9.0,10.0,2.68,9.95,9.46
2025-04-21,10.44,9.0,10.0,2.68,9.95,9.46
2025-04-22,10.44,9.0,10.0,2.7,9.95,9.46
2025-04-23,10.44,9.0,10.0,2.76,9.95,9.46
2025-04-24,10.44,9.0,10.0,2.96,9.95,9.46
2025-04-25,10.44,9.0,10.0,2.9,9.95,9.46
2025-04-28,10.44,9.0,10.0,2.82,9.95,9.46
2025-04-29,10.44,9.0,10.0,2.91,9.95,9.46
2025-04-30,10.44,9.0,10.0,2.87,9.95,9.46
2025-05-01,10.44,9.0,10.0,2.91,9.95,9.46
2025-05-02,10.44,9.0,10.0,2.93,9.95,9.46
2025-05-05,10.44,9.0,10.0,2.94,9.95,9.46
2025-05-06,10.44,9.0,10.0,3.02,9.95,9.46
2025-05-07,10.44,9.0,10.0,3.07,9.95,9.46
2025-05-08,10.44,9.0,10.0,3.14,9.95,9.46
2025-05-09,10.44,8.0,10.0,3.16,9.95,9.46
2025-05-12,10.44,9.0,10.0,3.15,9.95,9.46
2025-05-13,10.44,9.0,10.0,3.04,9.95,9.46
